[debug] [2025-02-26T17:48:45.770Z] ----------------------------------------------------------------------
[debug] [2025-02-26T17:48:45.773Z] Command:       C:\Program Files\nodejs\node.exe C:\Users\night\AppData\Roaming\npm\node_modules\firebase-tools\lib\bin\firebase.js emulators:start
[debug] [2025-02-26T17:48:45.773Z] CLI Version:   13.31.2
[debug] [2025-02-26T17:48:45.773Z] Platform:      win32
[debug] [2025-02-26T17:48:45.773Z] Node Version:  v20.8.0
[debug] [2025-02-26T17:48:45.773Z] Time:          Wed Feb 26 2025 12:48:45 GMT-0500 (Eastern Standard Time)
[debug] [2025-02-26T17:48:45.774Z] ----------------------------------------------------------------------
[debug] 
[debug] [2025-02-26T17:48:46.016Z] > command requires scopes: ["email","openid","https://www.googleapis.com/auth/cloudplatformprojects.readonly","https://www.googleapis.com/auth/firebase","https://www.googleapis.com/auth/cloud-platform"]
[debug] [2025-02-26T17:48:46.016Z] > authorizing via signed-in user (sharjananstaniculas@gmail.com)
[debug] [2025-02-26T17:48:46.072Z] java version "17.0.12" 2024-07-16 LTS

[debug] [2025-02-26T17:48:46.073Z] Java(TM) SE Runtime Environment (build 17.0.12+8-LTS-286)
Java HotSpot(TM) 64-Bit Server VM (build 17.0.12+8-LTS-286, mixed mode, sharing)

[debug] [2025-02-26T17:48:46.085Z] Parsed Java major version: 17
[info] i  emulators: Starting emulators: functions, firestore, hosting, extensions {"metadata":{"emulator":{"name":"hub"},"message":"Starting emulators: functions, firestore, hosting, extensions"}}
[debug] [2025-02-26T17:48:46.087Z] Checked if tokens are valid: false, expires at: 1740592831297
[debug] [2025-02-26T17:48:46.088Z] Checked if tokens are valid: false, expires at: 1740592831297
[debug] [2025-02-26T17:48:46.088Z] > refreshing access token with scopes: []
[debug] [2025-02-26T17:48:46.089Z] >>> [apiv2][query] POST https://www.googleapis.com/oauth2/v3/token [none]
[debug] [2025-02-26T17:48:46.089Z] >>> [apiv2][body] POST https://www.googleapis.com/oauth2/v3/token [omitted]
[debug] [2025-02-26T17:48:46.318Z] <<< [apiv2][status] POST https://www.googleapis.com/oauth2/v3/token 200
[debug] [2025-02-26T17:48:46.319Z] <<< [apiv2][body] POST https://www.googleapis.com/oauth2/v3/token [omitted]
[debug] [2025-02-26T17:48:46.324Z] >>> [apiv2][query] GET https://cloudresourcemanager.googleapis.com/v1/projects/speedy-c4155 [none]
[debug] [2025-02-26T17:48:46.728Z] <<< [apiv2][status] GET https://cloudresourcemanager.googleapis.com/v1/projects/speedy-c4155 200
[debug] [2025-02-26T17:48:46.728Z] <<< [apiv2][body] GET https://cloudresourcemanager.googleapis.com/v1/projects/speedy-c4155 {"projectNumber":"383330076272","projectId":"speedy-c4155","lifecycleState":"ACTIVE","name":"speedy","labels":{"firebase":"enabled","firebase-core":"disabled"},"createTime":"2025-01-15T01:58:02.330695Z"}
[debug] [2025-02-26T17:48:46.738Z] [logging] Logging Emulator only supports listening on one address (127.0.0.1). Not listening on ::1
[debug] [2025-02-26T17:48:46.738Z] [firestore] Firestore Emulator only supports listening on one address (127.0.0.1). Not listening on ::1
[debug] [2025-02-26T17:48:46.738Z] [firestore.websocket] websocket server for firestore only supports listening on one address (127.0.0.1). Not listening on ::1
[debug] [2025-02-26T17:48:46.738Z] [hosting] Hosting Emulator only supports listening on one address (127.0.0.1). Not listening on ::1
[debug] [2025-02-26T17:48:46.738Z] assigned listening specs for emulators {"user":{"hub":[{"address":"127.0.0.1","family":"IPv4","port":4400},{"address":"::1","family":"IPv6","port":4400}],"ui":[{"address":"127.0.0.1","family":"IPv4","port":4000},{"address":"::1","family":"IPv6","port":4000}],"logging":[{"address":"127.0.0.1","family":"IPv4","port":4500}],"firestore":[{"address":"127.0.0.1","family":"IPv4","port":8080}],"firestore.websocket":[{"address":"127.0.0.1","family":"IPv4","port":9150}],"hosting":[{"address":"127.0.0.1","family":"IPv4","port":5000}]},"metadata":{"message":"assigned listening specs for emulators"}}
[debug] [2025-02-26T17:48:46.743Z] [hub] writing locator at C:\Users\night\AppData\Local\Temp\hub-speedy-c4155.json
[debug] [2025-02-26T17:48:46.749Z] [Extensions] Started Extensions emulator, this is a noop.
[debug] [2025-02-26T17:48:46.753Z] [functions] Functions Emulator only supports listening on one address (127.0.0.1). Not listening on ::1
[debug] [2025-02-26T17:48:46.753Z] [eventarc] Eventarc Emulator only supports listening on one address (127.0.0.1). Not listening on ::1
[debug] [2025-02-26T17:48:46.753Z] [tasks] Cloud Tasks Emulator only supports listening on one address (127.0.0.1). Not listening on ::1
[debug] [2025-02-26T17:48:46.753Z] late-assigned ports for functions and eventarc emulators {"user":{"hub":[{"address":"127.0.0.1","family":"IPv4","port":4400},{"address":"::1","family":"IPv6","port":4400}],"ui":[{"address":"127.0.0.1","family":"IPv4","port":4000},{"address":"::1","family":"IPv6","port":4000}],"logging":[{"address":"127.0.0.1","family":"IPv4","port":4500}],"firestore":[{"address":"127.0.0.1","family":"IPv4","port":8080}],"firestore.websocket":[{"address":"127.0.0.1","family":"IPv4","port":9150}],"hosting":[{"address":"127.0.0.1","family":"IPv4","port":5000}],"functions":[{"address":"127.0.0.1","family":"IPv4","port":5001}],"eventarc":[{"address":"127.0.0.1","family":"IPv4","port":9299}],"tasks":[{"address":"127.0.0.1","family":"IPv4","port":9499}]},"metadata":{"message":"late-assigned ports for functions and eventarc emulators"}}
[warn] !  functions: The following emulators are not running, calls to these services from the Functions emulator will affect production: apphosting, auth, database, pubsub, storage, dataconnect {"metadata":{"emulator":{"name":"functions"},"message":"The following emulators are not running, calls to these services from the Functions emulator will affect production: \u001b[1mapphosting, auth, database, pubsub, storage, dataconnect\u001b[22m"}}
[debug] [2025-02-26T17:48:46.756Z] defaultcredentials: writing to file C:\Users\night\AppData\Roaming\firebase\sharjananstaniculas_gmail_com_application_default_credentials.json
[debug] [2025-02-26T17:48:46.759Z] Setting GAC to C:\Users\night\AppData\Roaming\firebase\sharjananstaniculas_gmail_com_application_default_credentials.json {"metadata":{"emulator":{"name":"functions"},"message":"Setting GAC to C:\\Users\\night\\AppData\\Roaming\\firebase\\sharjananstaniculas_gmail_com_application_default_credentials.json"}}
[debug] [2025-02-26T17:48:46.759Z] Checked if tokens are valid: true, expires at: 1740595725319
[debug] [2025-02-26T17:48:46.759Z] Checked if tokens are valid: true, expires at: 1740595725319
[debug] [2025-02-26T17:48:46.760Z] >>> [apiv2][query] GET https://firebase.googleapis.com/v1beta1/projects/speedy-c4155/adminSdkConfig [none]
[debug] [2025-02-26T17:48:47.117Z] <<< [apiv2][status] GET https://firebase.googleapis.com/v1beta1/projects/speedy-c4155/adminSdkConfig 200
[debug] [2025-02-26T17:48:47.117Z] <<< [apiv2][body] GET https://firebase.googleapis.com/v1beta1/projects/speedy-c4155/adminSdkConfig {"projectId":"speedy-c4155","storageBucket":"speedy-c4155.firebasestorage.app"}
[info] i  firestore: downloading cloud-firestore-emulator-v1.19.8.jar... {"metadata":{"emulator":{"name":"firestore"},"message":"downloading cloud-firestore-emulator-v1.19.8.jar..."}}
[debug] [2025-02-26T17:48:47.131Z] >>> [apiv2][query] GET https://storage.googleapis.com/firebase-preview-drop/emulator/cloud-firestore-emulator-v1.19.8.jar 
[debug] [2025-02-26T17:48:47.288Z] <<< [apiv2][status] GET https://storage.googleapis.com/firebase-preview-drop/emulator/cloud-firestore-emulator-v1.19.8.jar 200
[debug] [2025-02-26T17:48:47.288Z] <<< [apiv2][body] GET https://storage.googleapis.com/firebase-preview-drop/emulator/cloud-firestore-emulator-v1.19.8.jar [stream]
[debug] [2025-02-26T17:48:53.275Z] Ignoring unsupported arg: auto_download {"metadata":{"emulator":{"name":"firestore"},"message":"Ignoring unsupported arg: auto_download"}}
[debug] [2025-02-26T17:48:53.276Z] Ignoring unsupported arg: single_project_mode_error {"metadata":{"emulator":{"name":"firestore"},"message":"Ignoring unsupported arg: single_project_mode_error"}}
[debug] [2025-02-26T17:48:53.276Z] Starting Firestore Emulator with command {"binary":"java","args":["-Dgoogle.cloud_firestore.debug_log_level=FINE","-Duser.language=en","-jar","C:\\Users\\night\\.cache\\firebase\\emulators\\cloud-firestore-emulator-v1.19.8.jar","--host","127.0.0.1","--port",8080,"--websocket_port",9150,"--project_id","speedy-c4155","--rules","C:\\Users\\night\\Documents\\GitHub\\speedy\\my-app\\firestore.rules","--single_project_mode",true,"--functions_emulator","127.0.0.1:5001"],"optionalArgs":["port","webchannel_port","host","rules","websocket_port","functions_emulator","seed_from_export","project_id","single_project_mode"],"joinArgs":false,"shell":false,"port":8080} {"metadata":{"emulator":{"name":"firestore"},"message":"Starting Firestore Emulator with command {\"binary\":\"java\",\"args\":[\"-Dgoogle.cloud_firestore.debug_log_level=FINE\",\"-Duser.language=en\",\"-jar\",\"C:\\\\Users\\\\night\\\\.cache\\\\firebase\\\\emulators\\\\cloud-firestore-emulator-v1.19.8.jar\",\"--host\",\"127.0.0.1\",\"--port\",8080,\"--websocket_port\",9150,\"--project_id\",\"speedy-c4155\",\"--rules\",\"C:\\\\Users\\\\night\\\\Documents\\\\GitHub\\\\speedy\\\\my-app\\\\firestore.rules\",\"--single_project_mode\",true,\"--functions_emulator\",\"127.0.0.1:5001\"],\"optionalArgs\":[\"port\",\"webchannel_port\",\"host\",\"rules\",\"websocket_port\",\"functions_emulator\",\"seed_from_export\",\"project_id\",\"single_project_mode\"],\"joinArgs\":false,\"shell\":false,\"port\":8080}"}}
[info] i  firestore: Firestore Emulator logging to firestore-debug.log {"metadata":{"emulator":{"name":"firestore"},"message":"Firestore Emulator logging to \u001b[1mfirestore-debug.log\u001b[22m"}}
[debug] [2025-02-26T17:48:54.540Z] Feb. 26, 2025 12:48:54 P.M. com.google.cloud.datastore.emulator.firestore.websocket.WebSocketServer start
INFO: Started WebSocket server on ws://127.0.0.1:9150
 {"metadata":{"emulator":{"name":"firestore"},"message":"Feb. 26, 2025 12:48:54 P.M. com.google.cloud.datastore.emulator.firestore.websocket.WebSocketServer start\r\nINFO: Started WebSocket server on ws://127.0.0.1:9150\r\n"}}
[debug] [2025-02-26T17:48:54.579Z] API endpoint: http:// {"metadata":{"emulator":{"name":"firestore"},"message":"API endpoint: http://"}}
[debug] [2025-02-26T17:48:54.580Z] 127.0.0.1:8080
If you are using a library that supports the FIRESTORE_EMULATOR_HOST environment variable, run:

   export FIRESTORE_EMULATOR_HOST=127.0.0.1:8080

If you are running a Firestore in Datastore Mode project, run:

   export DATASTORE_EMULATOR_HOST=127.0.0.1:8080

Note: Support for Datastore Mode is in preview. If you encounter any bugs please file at https://github.com/firebase/firebase-tools/issues.
Dev App Server is now running.

 {"metadata":{"emulator":{"name":"firestore"},"message":"127.0.0.1:8080\nIf you are using a library that supports the FIRESTORE_EMULATOR_HOST environment variable, run:\r\n\n   export FIRESTORE_EMULATOR_HOST=127.0.0.1:8080\n\nIf you are running a Firestore in Datastore Mode project, run:\r\n\n   export DATASTORE_EMULATOR_HOST=127.0.0.1:8080\n\nNote: Support for Datastore Mode is in preview. If you encounter any bugs please file at https://github.com/firebase/firebase-tools/issues.\r\nDev App Server is now running.\n\r\n"}}
[info] +  firestore: Firestore Emulator UI websocket is running on 9150. {"metadata":{"emulator":{"name":"firestore"},"message":"Firestore Emulator UI websocket is running on 9150."}}
[debug] [2025-02-26T17:48:54.750Z] Checked if tokens are valid: true, expires at: 1740595725319
[debug] [2025-02-26T17:48:54.750Z] Checked if tokens are valid: true, expires at: 1740595725319
[debug] [2025-02-26T17:48:54.750Z] >>> [apiv2][query] GET https://firebasehosting.googleapis.com/v1beta1/projects/speedy-c4155/sites 
[debug] [2025-02-26T17:48:55.513Z] <<< [apiv2][status] GET https://firebasehosting.googleapis.com/v1beta1/projects/speedy-c4155/sites 200
[debug] [2025-02-26T17:48:55.513Z] <<< [apiv2][body] GET https://firebasehosting.googleapis.com/v1beta1/projects/speedy-c4155/sites {"sites":[{"name":"projects/speedy-c4155/sites/speedy-c4155","defaultUrl":"https://speedy-c4155.web.app","appId":"1:383330076272:web:bad2e99bdb91360e2b56b5","type":"DEFAULT_SITE"}]}
[debug] [2025-02-26T17:48:55.513Z] Checked if tokens are valid: true, expires at: 1740595725319
[debug] [2025-02-26T17:48:55.514Z] Checked if tokens are valid: true, expires at: 1740595725319
[debug] [2025-02-26T17:48:55.514Z] >>> [apiv2][query] GET https://firebase.googleapis.com/v1beta1/projects/speedy-c4155/webApps/1:383330076272:web:bad2e99bdb91360e2b56b5/config [none]
[debug] [2025-02-26T17:48:55.898Z] <<< [apiv2][status] GET https://firebase.googleapis.com/v1beta1/projects/speedy-c4155/webApps/1:383330076272:web:bad2e99bdb91360e2b56b5/config 200
[debug] [2025-02-26T17:48:55.898Z] <<< [apiv2][body] GET https://firebase.googleapis.com/v1beta1/projects/speedy-c4155/webApps/1:383330076272:web:bad2e99bdb91360e2b56b5/config {"projectId":"speedy-c4155","appId":"1:383330076272:web:bad2e99bdb91360e2b56b5","storageBucket":"speedy-c4155.firebasestorage.app","apiKey":"AIzaSyCWqD0zg_mpIfhZ6_zDcAljpn5-yc0A90k","authDomain":"speedy-c4155.firebaseapp.com","messagingSenderId":"383330076272","measurementId":"G-GTFGN3Q5CS"}
[debug] [2025-02-26T17:48:55.902Z] Checked if tokens are valid: true, expires at: 1740595725319
[debug] [2025-02-26T17:48:55.902Z] Checked if tokens are valid: true, expires at: 1740595725319
[debug] [2025-02-26T17:48:55.902Z] >>> [apiv2][query] GET https://firebase.googleapis.com/v1beta1/projects/speedy-c4155 [none]
[debug] [2025-02-26T17:48:56.206Z] <<< [apiv2][status] GET https://firebase.googleapis.com/v1beta1/projects/speedy-c4155 200
[debug] [2025-02-26T17:48:56.206Z] <<< [apiv2][body] GET https://firebase.googleapis.com/v1beta1/projects/speedy-c4155 {"projectId":"speedy-c4155","projectNumber":"383330076272","displayName":"speedy","name":"projects/speedy-c4155","resources":{"hostingSite":"speedy-c4155"},"state":"ACTIVE","etag":"1_69d5d048-8a6b-4e87-86ac-fcfdff2897f7"}
[info] i  hosting[speedy-c4155]: Serving hosting files from: public {"metadata":{"emulator":{"name":"hosting"},"message":"Serving hosting files from: \u001b[1mpublic\u001b[22m"}}
[info] +  hosting[speedy-c4155]: Local server: http://127.0.0.1:5000 {"metadata":{"emulator":{"name":"hosting"},"message":"Local server: \u001b[4m\u001b[1mhttp://127.0.0.1:5000\u001b[22m\u001b[24m"}}
[info] i  ui: downloading ui-v1.14.0.zip... {"metadata":{"emulator":{"name":"ui"},"message":"downloading ui-v1.14.0.zip..."}}
[debug] [2025-02-26T17:48:56.232Z] >>> [apiv2][query] GET https://storage.googleapis.com/firebase-preview-drop/emulator/ui-v1.14.0.zip 
[debug] [2025-02-26T17:48:56.293Z] <<< [apiv2][status] GET https://storage.googleapis.com/firebase-preview-drop/emulator/ui-v1.14.0.zip 200
[debug] [2025-02-26T17:48:56.294Z] <<< [apiv2][body] GET https://storage.googleapis.com/firebase-preview-drop/emulator/ui-v1.14.0.zip [stream]
[debug] [2025-02-26T17:48:56.600Z] Data is 3615311
[debug] [2025-02-26T17:48:56.600Z] [unzip] Entry: client/ (compressed_size=0 bytes, uncompressed_size=0 bytes)
[debug] [2025-02-26T17:48:56.600Z] [unzip] Processing entry: client\
[debug] [2025-02-26T17:48:56.600Z] [unzip] mkdir: C:\Users\night\.cache\firebase\emulators\ui-v1.14.0\client\
[debug] [2025-02-26T17:48:56.602Z] [unzip] Entry: client/favicon-16x16.png (compressed_size=293 bytes, uncompressed_size=293 bytes)
[debug] [2025-02-26T17:48:56.602Z] [unzip] Processing entry: client\favicon-16x16.png
[debug] [2025-02-26T17:48:56.602Z] [unzip] else mkdir: C:\Users\night\.cache\firebase\emulators\ui-v1.14.0\client
[debug] [2025-02-26T17:48:56.602Z] [unzip] Writing file: C:\Users\night\.cache\firebase\emulators\ui-v1.14.0\client\favicon-16x16.png
[debug] [2025-02-26T17:48:56.603Z] [unzip] Entry: client/safari-pinned-tab.svg (compressed_size=1433 bytes, uncompressed_size=2611 bytes)
[debug] [2025-02-26T17:48:56.603Z] [unzip] Processing entry: client\safari-pinned-tab.svg
[debug] [2025-02-26T17:48:56.603Z] [unzip] else mkdir: C:\Users\night\.cache\firebase\emulators\ui-v1.14.0\client
[debug] [2025-02-26T17:48:56.603Z] [unzip] deflating: C:\Users\night\.cache\firebase\emulators\ui-v1.14.0\client\safari-pinned-tab.svg
[debug] [2025-02-26T17:48:56.609Z] [unzip] Entry: client/favicon.ico (compressed_size=2933 bytes, uncompressed_size=13294 bytes)
[debug] [2025-02-26T17:48:56.609Z] [unzip] Processing entry: client\favicon.ico
[debug] [2025-02-26T17:48:56.609Z] [unzip] else mkdir: C:\Users\night\.cache\firebase\emulators\ui-v1.14.0\client
[debug] [2025-02-26T17:48:56.610Z] [unzip] deflating: C:\Users\night\.cache\firebase\emulators\ui-v1.14.0\client\favicon.ico
[debug] [2025-02-26T17:48:56.612Z] [unzip] Entry: client/index.html (compressed_size=1363 bytes, uncompressed_size=3071 bytes)
[debug] [2025-02-26T17:48:56.612Z] [unzip] Processing entry: client\index.html
[debug] [2025-02-26T17:48:56.612Z] [unzip] else mkdir: C:\Users\night\.cache\firebase\emulators\ui-v1.14.0\client
[debug] [2025-02-26T17:48:56.613Z] [unzip] deflating: C:\Users\night\.cache\firebase\emulators\ui-v1.14.0\client\index.html
[debug] [2025-02-26T17:48:56.615Z] [unzip] Entry: client/android-chrome-192x192.png (compressed_size=2684 bytes, uncompressed_size=2684 bytes)
[debug] [2025-02-26T17:48:56.615Z] [unzip] Processing entry: client\android-chrome-192x192.png
[debug] [2025-02-26T17:48:56.615Z] [unzip] else mkdir: C:\Users\night\.cache\firebase\emulators\ui-v1.14.0\client
[debug] [2025-02-26T17:48:56.616Z] [unzip] Writing file: C:\Users\night\.cache\firebase\emulators\ui-v1.14.0\client\android-chrome-192x192.png
[debug] [2025-02-26T17:48:56.616Z] [unzip] Entry: client/apple-touch-icon.png (compressed_size=2123 bytes, uncompressed_size=2152 bytes)
[debug] [2025-02-26T17:48:56.616Z] [unzip] Processing entry: client\apple-touch-icon.png
[debug] [2025-02-26T17:48:56.616Z] [unzip] else mkdir: C:\Users\night\.cache\firebase\emulators\ui-v1.14.0\client
[debug] [2025-02-26T17:48:56.617Z] [unzip] deflating: C:\Users\night\.cache\firebase\emulators\ui-v1.14.0\client\apple-touch-icon.png
[debug] [2025-02-26T17:48:56.618Z] [unzip] Entry: client/android-chrome-512x512.png (compressed_size=5369 bytes, uncompressed_size=5411 bytes)
[debug] [2025-02-26T17:48:56.618Z] [unzip] Processing entry: client\android-chrome-512x512.png
[debug] [2025-02-26T17:48:56.618Z] [unzip] else mkdir: C:\Users\night\.cache\firebase\emulators\ui-v1.14.0\client
[debug] [2025-02-26T17:48:56.619Z] [unzip] deflating: C:\Users\night\.cache\firebase\emulators\ui-v1.14.0\client\android-chrome-512x512.png
[debug] [2025-02-26T17:48:56.620Z] [unzip] Entry: client/manifest.json (compressed_size=245 bytes, uncompressed_size=551 bytes)
[debug] [2025-02-26T17:48:56.620Z] [unzip] Processing entry: client\manifest.json
[debug] [2025-02-26T17:48:56.620Z] [unzip] else mkdir: C:\Users\night\.cache\firebase\emulators\ui-v1.14.0\client
[debug] [2025-02-26T17:48:56.621Z] [unzip] deflating: C:\Users\night\.cache\firebase\emulators\ui-v1.14.0\client\manifest.json
[debug] [2025-02-26T17:48:56.624Z] [unzip] Entry: client/robots.txt (compressed_size=26 bytes, uncompressed_size=26 bytes)
[debug] [2025-02-26T17:48:56.624Z] [unzip] Processing entry: client\robots.txt
[debug] [2025-02-26T17:48:56.625Z] [unzip] else mkdir: C:\Users\night\.cache\firebase\emulators\ui-v1.14.0\client
[debug] [2025-02-26T17:48:56.625Z] [unzip] Writing file: C:\Users\night\.cache\firebase\emulators\ui-v1.14.0\client\robots.txt
[debug] [2025-02-26T17:48:56.626Z] [unzip] Entry: client/mstile-150x150.png (compressed_size=2034 bytes, uncompressed_size=2034 bytes)
[debug] [2025-02-26T17:48:56.626Z] [unzip] Processing entry: client\mstile-150x150.png
[debug] [2025-02-26T17:48:56.626Z] [unzip] else mkdir: C:\Users\night\.cache\firebase\emulators\ui-v1.14.0\client
[debug] [2025-02-26T17:48:56.632Z] [unzip] Writing file: C:\Users\night\.cache\firebase\emulators\ui-v1.14.0\client\mstile-150x150.png
[debug] [2025-02-26T17:48:56.634Z] [unzip] Entry: client/assets/ (compressed_size=0 bytes, uncompressed_size=0 bytes)
[debug] [2025-02-26T17:48:56.634Z] [unzip] Processing entry: client\assets\
[debug] [2025-02-26T17:48:56.634Z] [unzip] mkdir: C:\Users\night\.cache\firebase\emulators\ui-v1.14.0\client\assets\
[debug] [2025-02-26T17:48:56.635Z] [unzip] Entry: client/assets/index-ClZTY_JS.js.map (compressed_size=2328270 bytes, uncompressed_size=9947004 bytes)
[debug] [2025-02-26T17:48:56.635Z] [unzip] Processing entry: client\assets\index-ClZTY_JS.js.map
[debug] [2025-02-26T17:48:56.635Z] [unzip] else mkdir: C:\Users\night\.cache\firebase\emulators\ui-v1.14.0\client\assets
[debug] [2025-02-26T17:48:56.635Z] [unzip] deflating: C:\Users\night\.cache\firebase\emulators\ui-v1.14.0\client\assets\index-ClZTY_JS.js.map
[debug] [2025-02-26T17:48:56.674Z] [unzip] Entry: client/assets/index-ClZTY_JS.js (compressed_size=567195 bytes, uncompressed_size=2035940 bytes)
[debug] [2025-02-26T17:48:56.674Z] [unzip] Processing entry: client\assets\index-ClZTY_JS.js
[debug] [2025-02-26T17:48:56.674Z] [unzip] else mkdir: C:\Users\night\.cache\firebase\emulators\ui-v1.14.0\client\assets
[debug] [2025-02-26T17:48:56.675Z] [unzip] deflating: C:\Users\night\.cache\firebase\emulators\ui-v1.14.0\client\assets\index-ClZTY_JS.js
[debug] [2025-02-26T17:48:56.690Z] [unzip] Entry: client/assets/index-BdgySamB.css (compressed_size=35979 bytes, uncompressed_size=298654 bytes)
[debug] [2025-02-26T17:48:56.690Z] [unzip] Processing entry: client\assets\index-BdgySamB.css
[debug] [2025-02-26T17:48:56.690Z] [unzip] else mkdir: C:\Users\night\.cache\firebase\emulators\ui-v1.14.0\client\assets
[debug] [2025-02-26T17:48:56.690Z] [unzip] deflating: C:\Users\night\.cache\firebase\emulators\ui-v1.14.0\client\assets\index-BdgySamB.css
[debug] [2025-02-26T17:48:56.694Z] [unzip] Entry: client/assets/extensions/ (compressed_size=0 bytes, uncompressed_size=0 bytes)
[debug] [2025-02-26T17:48:56.694Z] [unzip] Processing entry: client\assets\extensions\
[debug] [2025-02-26T17:48:56.694Z] [unzip] mkdir: C:\Users\night\.cache\firebase\emulators\ui-v1.14.0\client\assets\extensions\
[debug] [2025-02-26T17:48:56.694Z] [unzip] Entry: client/assets/extensions/default-extension.png (compressed_size=1646 bytes, uncompressed_size=1657 bytes)
[debug] [2025-02-26T17:48:56.694Z] [unzip] Processing entry: client\assets\extensions\default-extension.png
[debug] [2025-02-26T17:48:56.694Z] [unzip] else mkdir: C:\Users\night\.cache\firebase\emulators\ui-v1.14.0\client\assets\extensions
[debug] [2025-02-26T17:48:56.694Z] [unzip] deflating: C:\Users\night\.cache\firebase\emulators\ui-v1.14.0\client\assets\extensions\default-extension.png
[debug] [2025-02-26T17:48:56.695Z] [unzip] Entry: client/assets/img/ (compressed_size=0 bytes, uncompressed_size=0 bytes)
[debug] [2025-02-26T17:48:56.695Z] [unzip] Processing entry: client\assets\img\
[debug] [2025-02-26T17:48:56.695Z] [unzip] mkdir: C:\Users\night\.cache\firebase\emulators\ui-v1.14.0\client\assets\img\
[debug] [2025-02-26T17:48:56.695Z] [unzip] Entry: client/assets/img/database.png (compressed_size=29449 bytes, uncompressed_size=29988 bytes)
[debug] [2025-02-26T17:48:56.695Z] [unzip] Processing entry: client\assets\img\database.png
[debug] [2025-02-26T17:48:56.695Z] [unzip] else mkdir: C:\Users\night\.cache\firebase\emulators\ui-v1.14.0\client\assets\img
[debug] [2025-02-26T17:48:56.695Z] [unzip] deflating: C:\Users\night\.cache\firebase\emulators\ui-v1.14.0\client\assets\img\database.png
[debug] [2025-02-26T17:48:56.696Z] [unzip] Entry: client/assets/provider-icons/ (compressed_size=0 bytes, uncompressed_size=0 bytes)
[debug] [2025-02-26T17:48:56.696Z] [unzip] Processing entry: client\assets\provider-icons\
[debug] [2025-02-26T17:48:56.696Z] [unzip] mkdir: C:\Users\night\.cache\firebase\emulators\ui-v1.14.0\client\assets\provider-icons\
[debug] [2025-02-26T17:48:56.696Z] [unzip] Entry: client/assets/provider-icons/auth_service_saml.svg (compressed_size=575 bytes, uncompressed_size=1226 bytes)
[debug] [2025-02-26T17:48:56.696Z] [unzip] Processing entry: client\assets\provider-icons\auth_service_saml.svg
[debug] [2025-02-26T17:48:56.696Z] [unzip] else mkdir: C:\Users\night\.cache\firebase\emulators\ui-v1.14.0\client\assets\provider-icons
[debug] [2025-02-26T17:48:56.696Z] [unzip] deflating: C:\Users\night\.cache\firebase\emulators\ui-v1.14.0\client\assets\provider-icons\auth_service_saml.svg
[debug] [2025-02-26T17:48:56.697Z] [unzip] Entry: client/assets/provider-icons/auth_service_phone.svg (compressed_size=261 bytes, uncompressed_size=414 bytes)
[debug] [2025-02-26T17:48:56.697Z] [unzip] Processing entry: client\assets\provider-icons\auth_service_phone.svg
[debug] [2025-02-26T17:48:56.697Z] [unzip] else mkdir: C:\Users\night\.cache\firebase\emulators\ui-v1.14.0\client\assets\provider-icons
[debug] [2025-02-26T17:48:56.697Z] [unzip] deflating: C:\Users\night\.cache\firebase\emulators\ui-v1.14.0\client\assets\provider-icons\auth_service_phone.svg
[debug] [2025-02-26T17:48:56.698Z] [unzip] Entry: client/assets/provider-icons/auth_service_facebook.svg (compressed_size=289 bytes, uncompressed_size=457 bytes)
[debug] [2025-02-26T17:48:56.698Z] [unzip] Processing entry: client\assets\provider-icons\auth_service_facebook.svg
[debug] [2025-02-26T17:48:56.698Z] [unzip] else mkdir: C:\Users\night\.cache\firebase\emulators\ui-v1.14.0\client\assets\provider-icons
[debug] [2025-02-26T17:48:56.698Z] [unzip] deflating: C:\Users\night\.cache\firebase\emulators\ui-v1.14.0\client\assets\provider-icons\auth_service_facebook.svg
[debug] [2025-02-26T17:48:56.698Z] [unzip] Entry: client/assets/provider-icons/auth_service_game_center.svg (compressed_size=991 bytes, uncompressed_size=3921 bytes)
[debug] [2025-02-26T17:48:56.698Z] [unzip] Processing entry: client\assets\provider-icons\auth_service_game_center.svg
[debug] [2025-02-26T17:48:56.698Z] [unzip] else mkdir: C:\Users\night\.cache\firebase\emulators\ui-v1.14.0\client\assets\provider-icons
[debug] [2025-02-26T17:48:56.699Z] [unzip] deflating: C:\Users\night\.cache\firebase\emulators\ui-v1.14.0\client\assets\provider-icons\auth_service_game_center.svg
[debug] [2025-02-26T17:48:56.699Z] [unzip] Entry: client/assets/provider-icons/auth_service_apple.svg (compressed_size=230 bytes, uncompressed_size=334 bytes)
[debug] [2025-02-26T17:48:56.699Z] [unzip] Processing entry: client\assets\provider-icons\auth_service_apple.svg
[debug] [2025-02-26T17:48:56.699Z] [unzip] else mkdir: C:\Users\night\.cache\firebase\emulators\ui-v1.14.0\client\assets\provider-icons
[debug] [2025-02-26T17:48:56.699Z] [unzip] deflating: C:\Users\night\.cache\firebase\emulators\ui-v1.14.0\client\assets\provider-icons\auth_service_apple.svg
[debug] [2025-02-26T17:48:56.700Z] [unzip] Entry: client/assets/provider-icons/auth_service_github.svg (compressed_size=466 bytes, uncompressed_size=838 bytes)
[debug] [2025-02-26T17:48:56.700Z] [unzip] Processing entry: client\assets\provider-icons\auth_service_github.svg
[debug] [2025-02-26T17:48:56.700Z] [unzip] else mkdir: C:\Users\night\.cache\firebase\emulators\ui-v1.14.0\client\assets\provider-icons
[debug] [2025-02-26T17:48:56.700Z] [unzip] deflating: C:\Users\night\.cache\firebase\emulators\ui-v1.14.0\client\assets\provider-icons\auth_service_github.svg
[debug] [2025-02-26T17:48:56.701Z] [unzip] Entry: client/assets/provider-icons/auth_service_mslive.svg (compressed_size=203 bytes, uncompressed_size=378 bytes)
[debug] [2025-02-26T17:48:56.701Z] [unzip] Processing entry: client\assets\provider-icons\auth_service_mslive.svg
[debug] [2025-02-26T17:48:56.701Z] [unzip] else mkdir: C:\Users\night\.cache\firebase\emulators\ui-v1.14.0\client\assets\provider-icons
[debug] [2025-02-26T17:48:56.701Z] [unzip] deflating: C:\Users\night\.cache\firebase\emulators\ui-v1.14.0\client\assets\provider-icons\auth_service_mslive.svg
[debug] [2025-02-26T17:48:56.701Z] [unzip] Entry: client/assets/provider-icons/auth_service_yahoo.svg (compressed_size=577 bytes, uncompressed_size=1182 bytes)
[debug] [2025-02-26T17:48:56.701Z] [unzip] Processing entry: client\assets\provider-icons\auth_service_yahoo.svg
[debug] [2025-02-26T17:48:56.701Z] [unzip] else mkdir: C:\Users\night\.cache\firebase\emulators\ui-v1.14.0\client\assets\provider-icons
[debug] [2025-02-26T17:48:56.702Z] [unzip] deflating: C:\Users\night\.cache\firebase\emulators\ui-v1.14.0\client\assets\provider-icons\auth_service_yahoo.svg
[debug] [2025-02-26T17:48:56.702Z] [unzip] Entry: client/assets/provider-icons/auth_service_twitter.svg (compressed_size=444 bytes, uncompressed_size=751 bytes)
[debug] [2025-02-26T17:48:56.702Z] [unzip] Processing entry: client\assets\provider-icons\auth_service_twitter.svg
[debug] [2025-02-26T17:48:56.702Z] [unzip] else mkdir: C:\Users\night\.cache\firebase\emulators\ui-v1.14.0\client\assets\provider-icons
[debug] [2025-02-26T17:48:56.702Z] [unzip] deflating: C:\Users\night\.cache\firebase\emulators\ui-v1.14.0\client\assets\provider-icons\auth_service_twitter.svg
[debug] [2025-02-26T17:48:56.703Z] [unzip] Entry: client/assets/provider-icons/auth_service_play_games.svg (compressed_size=565 bytes, uncompressed_size=1173 bytes)
[debug] [2025-02-26T17:48:56.703Z] [unzip] Processing entry: client\assets\provider-icons\auth_service_play_games.svg
[debug] [2025-02-26T17:48:56.703Z] [unzip] else mkdir: C:\Users\night\.cache\firebase\emulators\ui-v1.14.0\client\assets\provider-icons
[debug] [2025-02-26T17:48:56.703Z] [unzip] deflating: C:\Users\night\.cache\firebase\emulators\ui-v1.14.0\client\assets\provider-icons\auth_service_play_games.svg
[debug] [2025-02-26T17:48:56.703Z] [unzip] Entry: client/assets/provider-icons/auth_service_email.svg (compressed_size=228 bytes, uncompressed_size=326 bytes)
[debug] [2025-02-26T17:48:56.703Z] [unzip] Processing entry: client\assets\provider-icons\auth_service_email.svg
[debug] [2025-02-26T17:48:56.703Z] [unzip] else mkdir: C:\Users\night\.cache\firebase\emulators\ui-v1.14.0\client\assets\provider-icons
[debug] [2025-02-26T17:48:56.703Z] [unzip] deflating: C:\Users\night\.cache\firebase\emulators\ui-v1.14.0\client\assets\provider-icons\auth_service_email.svg
[debug] [2025-02-26T17:48:56.704Z] [unzip] Entry: client/assets/provider-icons/auth_service_google.svg (compressed_size=409 bytes, uncompressed_size=720 bytes)
[debug] [2025-02-26T17:48:56.704Z] [unzip] Processing entry: client\assets\provider-icons\auth_service_google.svg
[debug] [2025-02-26T17:48:56.704Z] [unzip] else mkdir: C:\Users\night\.cache\firebase\emulators\ui-v1.14.0\client\assets\provider-icons
[debug] [2025-02-26T17:48:56.704Z] [unzip] deflating: C:\Users\night\.cache\firebase\emulators\ui-v1.14.0\client\assets\provider-icons\auth_service_google.svg
[debug] [2025-02-26T17:48:56.704Z] [unzip] Entry: client/assets/provider-icons/auth_service_oidc.svg (compressed_size=414 bytes, uncompressed_size=858 bytes)
[debug] [2025-02-26T17:48:56.705Z] [unzip] Processing entry: client\assets\provider-icons\auth_service_oidc.svg
[debug] [2025-02-26T17:48:56.705Z] [unzip] else mkdir: C:\Users\night\.cache\firebase\emulators\ui-v1.14.0\client\assets\provider-icons
[debug] [2025-02-26T17:48:56.705Z] [unzip] deflating: C:\Users\night\.cache\firebase\emulators\ui-v1.14.0\client\assets\provider-icons\auth_service_oidc.svg
[debug] [2025-02-26T17:48:56.705Z] [unzip] Entry: client/browserconfig.xml (compressed_size=491 bytes, uncompressed_size=822 bytes)
[debug] [2025-02-26T17:48:56.705Z] [unzip] Processing entry: client\browserconfig.xml
[debug] [2025-02-26T17:48:56.705Z] [unzip] else mkdir: C:\Users\night\.cache\firebase\emulators\ui-v1.14.0\client
[debug] [2025-02-26T17:48:56.705Z] [unzip] deflating: C:\Users\night\.cache\firebase\emulators\ui-v1.14.0\client\browserconfig.xml
[debug] [2025-02-26T17:48:56.706Z] [unzip] Entry: client/favicon-32x32.png (compressed_size=475 bytes, uncompressed_size=475 bytes)
[debug] [2025-02-26T17:48:56.706Z] [unzip] Processing entry: client\favicon-32x32.png
[debug] [2025-02-26T17:48:56.706Z] [unzip] else mkdir: C:\Users\night\.cache\firebase\emulators\ui-v1.14.0\client
[debug] [2025-02-26T17:48:56.706Z] [unzip] Writing file: C:\Users\night\.cache\firebase\emulators\ui-v1.14.0\client\favicon-32x32.png
[debug] [2025-02-26T17:48:56.706Z] [unzip] Entry: server/ (compressed_size=0 bytes, uncompressed_size=0 bytes)
[debug] [2025-02-26T17:48:56.707Z] [unzip] Processing entry: server\
[debug] [2025-02-26T17:48:56.707Z] [unzip] mkdir: C:\Users\night\.cache\firebase\emulators\ui-v1.14.0\server\
[debug] [2025-02-26T17:48:56.707Z] [unzip] Entry: server/server.mjs.map (compressed_size=296496 bytes, uncompressed_size=1355667 bytes)
[debug] [2025-02-26T17:48:56.707Z] [unzip] Processing entry: server\server.mjs.map
[debug] [2025-02-26T17:48:56.707Z] [unzip] else mkdir: C:\Users\night\.cache\firebase\emulators\ui-v1.14.0\server
[debug] [2025-02-26T17:48:56.707Z] [unzip] deflating: C:\Users\night\.cache\firebase\emulators\ui-v1.14.0\server\server.mjs.map
[debug] [2025-02-26T17:48:56.711Z] [unzip] Entry: server/server.mjs (compressed_size=315701 bytes, uncompressed_size=1172682 bytes)
[debug] [2025-02-26T17:48:56.712Z] [unzip] Processing entry: server\server.mjs
[debug] [2025-02-26T17:48:56.712Z] [unzip] else mkdir: C:\Users\night\.cache\firebase\emulators\ui-v1.14.0\server
[debug] [2025-02-26T17:48:56.712Z] [unzip] deflating: C:\Users\night\.cache\firebase\emulators\ui-v1.14.0\server\server.mjs
[debug] [2025-02-26T17:48:56.716Z] [unzip] Entry: server/assets/ (compressed_size=0 bytes, uncompressed_size=0 bytes)
[debug] [2025-02-26T17:48:56.716Z] [unzip] Processing entry: server\assets\
[debug] [2025-02-26T17:48:56.716Z] [unzip] mkdir: C:\Users\night\.cache\firebase\emulators\ui-v1.14.0\server\assets\
[debug] [2025-02-26T17:48:56.716Z] [unzip] Entry: server/assets/multipart-parser-DGCUZdXu.mjs.map (compressed_size=4791 bytes, uncompressed_size=17918 bytes)
[debug] [2025-02-26T17:48:56.717Z] [unzip] Processing entry: server\assets\multipart-parser-DGCUZdXu.mjs.map
[debug] [2025-02-26T17:48:56.717Z] [unzip] else mkdir: C:\Users\night\.cache\firebase\emulators\ui-v1.14.0\server\assets
[debug] [2025-02-26T17:48:56.717Z] [unzip] deflating: C:\Users\night\.cache\firebase\emulators\ui-v1.14.0\server\assets\multipart-parser-DGCUZdXu.mjs.map
[debug] [2025-02-26T17:48:56.717Z] [unzip] Entry: server/assets/multipart-parser-DGCUZdXu.mjs (compressed_size=2621 bytes, uncompressed_size=10390 bytes)
[debug] [2025-02-26T17:48:56.717Z] [unzip] Processing entry: server\assets\multipart-parser-DGCUZdXu.mjs
[debug] [2025-02-26T17:48:56.717Z] [unzip] else mkdir: C:\Users\night\.cache\firebase\emulators\ui-v1.14.0\server\assets
[debug] [2025-02-26T17:48:56.717Z] [unzip] deflating: C:\Users\night\.cache\firebase\emulators\ui-v1.14.0\server\assets\multipart-parser-DGCUZdXu.mjs
[debug] [2025-02-26T17:48:56.720Z] [Extensions] Connecting Extensions emulator, this is a noop.
[info] i  functions: Watching "C:\Users\night\Documents\GitHub\speedy\my-app\functions" for Cloud Functions... {"metadata":{"emulator":{"name":"functions"},"message":"Watching \"C:\\Users\\night\\Documents\\GitHub\\speedy\\my-app\\functions\" for Cloud Functions..."}}
[debug] [2025-02-26T17:48:56.727Z] Validating nodejs source
[debug] [2025-02-26T17:48:57.848Z] > [functions] package.json contents: {
  "name": "functions",
  "description": "Cloud Functions for Firebase",
  "scripts": {
    "serve": "firebase emulators:start --only functions",
    "shell": "firebase functions:shell",
    "start": "npm run shell",
    "deploy": "firebase deploy --only functions",
    "logs": "firebase functions:log"
  },
  "engines": {
    "node": "22"
  },
  "main": "index.js",
  "dependencies": {
    "firebase-admin": "^12.6.0",
    "firebase-functions": "^6.0.1"
  },
  "devDependencies": {
    "firebase-functions-test": "^3.1.0"
  },
  "private": true
}
[debug] [2025-02-26T17:48:57.848Z] Building nodejs source
[debug] [2025-02-26T17:48:57.849Z] Failed to find version of module node: reached end of search path C:\Users\night\Documents\GitHub\speedy\my-app\functions\node_modules
[warn] !  functions: Your requested "node" version "22" doesn't match your global version "20". Using node@20 from host. 
[debug] [2025-02-26T17:48:57.851Z] Could not find functions.yaml. Must use http discovery
[debug] [2025-02-26T17:48:57.856Z] Found firebase-functions binary at 'C:\Users\night\Documents\GitHub\speedy\my-app\functions\node_modules\.bin\firebase-functions'
[info] Serving at port 8462

[debug] [2025-02-26T17:48:59.196Z] Got response from /__/functions.yaml {"endpoints":{"addmessage":{"availableMemoryMb":null,"timeoutSeconds":null,"minInstances":null,"maxInstances":null,"ingressSettings":null,"concurrency":null,"serviceAccountEmail":null,"vpc":null,"platform":"gcfv2","labels":{},"httpsTrigger":{},"entryPoint":"addmessage"},"makeuppercase":{"availableMemoryMb":null,"timeoutSeconds":null,"minInstances":null,"maxInstances":null,"ingressSettings":null,"concurrency":null,"serviceAccountEmail":null,"vpc":null,"platform":"gcfv2","labels":{},"eventTrigger":{"eventType":"google.cloud.firestore.document.v1.created","eventFilters":{"database":"(default)","namespace":"(default)"},"eventFilterPathPatterns":{"document":"messages/{documentId}"},"retry":false},"entryPoint":"makeuppercase"}},"specVersion":"v1alpha1","requiredAPIs":[],"extensions":{}}
[debug] [2025-02-26T17:49:04.236Z] defaultcredentials: writing to file C:\Users\night\AppData\Roaming\firebase\sharjananstaniculas_gmail_com_application_default_credentials.json
[debug] [2025-02-26T17:49:04.236Z] Setting GAC to C:\Users\night\AppData\Roaming\firebase\sharjananstaniculas_gmail_com_application_default_credentials.json {"metadata":{"emulator":{"name":"functions"},"message":"Setting GAC to C:\\Users\\night\\AppData\\Roaming\\firebase\\sharjananstaniculas_gmail_com_application_default_credentials.json"}}
[info] +  functions: Loaded functions definitions from source: addmessage, makeuppercase. {"metadata":{"emulator":{"name":"functions"},"message":"Loaded functions definitions from source: addmessage, makeuppercase."}}
[info] +  functions[us-central1-addmessage]: http function initialized (http://127.0.0.1:5001/speedy-c4155/us-central1/addmessage). {"metadata":{"emulator":{"name":"functions"},"message":"\u001b[1mhttp\u001b[22m function initialized (http://127.0.0.1:5001/speedy-c4155/us-central1/addmessage)."}}
[debug] [2025-02-26T17:49:04.240Z] Found a v2 firestore trigger.
[debug] [2025-02-26T17:49:04.240Z] addFirestoreTrigger "{\"eventType\":\"google.cloud.firestore.document.v1.created\",\"database\":\"(default)\",\"namespace\":\"(default)\",\"document\":{\"value\":\"messages/{documentId}\",\"matchType\":\"PATH_PATTERN\"}}"
[debug] [2025-02-26T17:49:04.241Z] >>> [apiv2][query] POST http://127.0.0.1:8080/emulator/v1/projects/speedy-c4155/eventarcTrigger?eventarcTriggerId=us-central1-makeuppercase-0 [none]
[debug] [2025-02-26T17:49:04.241Z] >>> [apiv2][body] POST http://127.0.0.1:8080/emulator/v1/projects/speedy-c4155/eventarcTrigger?eventarcTriggerId=us-central1-makeuppercase-0 "{\"eventType\":\"google.cloud.firestore.document.v1.created\",\"database\":\"(default)\",\"namespace\":\"(default)\",\"document\":{\"value\":\"messages/{documentId}\",\"matchType\":\"PATH_PATTERN\"}}"
[debug] [2025-02-26T17:49:04.246Z] Feb. 26, 2025 12:49:04 P.M. io.gapi.emulators.netty.HttpVersionRoutingHandler channelRead
INFO: Detected non-HTTP/2 connection.
 {"metadata":{"emulator":{"name":"firestore"},"message":"Feb. 26, 2025 12:49:04 P.M. io.gapi.emulators.netty.HttpVersionRoutingHandler channelRead\r\nINFO: Detected non-HTTP/2 connection.\r\n"}}
[debug] [2025-02-26T17:49:04.374Z] Feb. 26, 2025 12:49:04 P.M. io.gapi.emulators.netty.HttpVersionRoutingHandler channelRead
INFO: Detected HTTP/2 connection.
 {"metadata":{"emulator":{"name":"firestore"},"message":"Feb. 26, 2025 12:49:04 P.M. io.gapi.emulators.netty.HttpVersionRoutingHandler channelRead\r\nINFO: Detected HTTP/2 connection.\r\n"}}
[debug] [2025-02-26T17:49:04.825Z] <<< [apiv2][status] POST http://127.0.0.1:8080/emulator/v1/projects/speedy-c4155/eventarcTrigger?eventarcTriggerId=us-central1-makeuppercase-0 200
[debug] [2025-02-26T17:49:04.826Z] <<< [apiv2][body] POST http://127.0.0.1:8080/emulator/v1/projects/speedy-c4155/eventarcTrigger?eventarcTriggerId=us-central1-makeuppercase-0 {"eventType":"google.cloud.firestore.document.v1.created","database":"(default)","namespace":"(default)","document":{"value":"messages/{documentId}","matchType":"PATH_PATTERN"}}
[info] +  functions[us-central1-makeuppercase]: firestore function initialized. {"metadata":{"emulator":{"name":"functions"},"message":"\u001b[1mfirestore\u001b[22m function initialized."}}
[debug] [2025-02-26T17:49:04.833Z] Could not find VSCode notification endpoint: FetchError: request to http://localhost:40001/vscode/notify failed, reason: . If you are not running the Firebase Data Connect VSCode extension, this is expected and not an issue.
[info] 
┌─────────────────────────────────────────────────────────────┐
│ ✔  All emulators ready! It is now safe to connect your app. │
│ i  View Emulator UI at http://127.0.0.1:4000/               │
└─────────────────────────────────────────────────────────────┘

┌────────────┬────────────────┬──────────────────────────────────┐
│ Emulator   │ Host:Port      │ View in Emulator UI              │
├────────────┼────────────────┼──────────────────────────────────┤
│ Functions  │ 127.0.0.1:5001 │ http://127.0.0.1:4000/functions  │
├────────────┼────────────────┼──────────────────────────────────┤
│ Firestore  │ 127.0.0.1:8080 │ http://127.0.0.1:4000/firestore  │
├────────────┼────────────────┼──────────────────────────────────┤
│ Hosting    │ 127.0.0.1:5000 │ n/a                              │
├────────────┼────────────────┼──────────────────────────────────┤
│ Extensions │ 127.0.0.1:5001 │ http://127.0.0.1:4000/extensions │
└────────────┴────────────────┴──────────────────────────────────┘
  Emulator Hub running at 127.0.0.1:4400
  Other reserved ports: 4500, 9150
┌─────────────────────────┬───────────────┬─────────────────────┐
│ Extension Instance Name │ Extension Ref │ View in Emulator UI │
└─────────────────────────┴───────────────┴─────────────────────┘
Issues? Report them at https://github.com/firebase/firebase-tools/issues and attach the *-debug.log files.
 
[debug] [2025-02-26T17:49:10.867Z] Feb. 26, 2025 12:49:10 P.M. com.google.cloud.datastore.emulator.firestore.websocket.WebSocketChannelHandler initChannel
INFO: Connected to new websocket client
 {"metadata":{"emulator":{"name":"firestore"},"message":"Feb. 26, 2025 12:49:10 P.M. com.google.cloud.datastore.emulator.firestore.websocket.WebSocketChannelHandler initChannel\r\nINFO: Connected to new websocket client\r\n"}}
[debug] [2025-02-26T17:49:19.129Z] Feb. 26, 2025 12:49:19 P.M. com.google.cloud.datastore.emulator.firestore.websocket.WebSocketChannelHandler initChannel
INFO: Connected to new websocket client
 {"metadata":{"emulator":{"name":"firestore"},"message":"Feb. 26, 2025 12:49:19 P.M. com.google.cloud.datastore.emulator.firestore.websocket.WebSocketChannelHandler initChannel\r\nINFO: Connected to new websocket client\r\n"}}
[debug] [2025-02-26T17:49:19.167Z] Feb. 26, 2025 12:49:19 P.M. io.gapi.emulators.netty.HttpVersionRoutingHandler channelRead
INFO: Detected non-HTTP/2 connection.
 {"metadata":{"emulator":{"name":"firestore"},"message":"Feb. 26, 2025 12:49:19 P.M. io.gapi.emulators.netty.HttpVersionRoutingHandler channelRead\r\nINFO: Detected non-HTTP/2 connection.\r\n"}}
[debug] [2025-02-26T17:49:25.886Z] Feb. 26, 2025 12:49:25 P.M. com.google.cloud.datastore.emulator.firestore.websocket.WebSocketChannelHandler initChannel
INFO: Connected to new websocket client
 {"metadata":{"emulator":{"name":"firestore"},"message":"Feb. 26, 2025 12:49:25 P.M. com.google.cloud.datastore.emulator.firestore.websocket.WebSocketChannelHandler initChannel\r\nINFO: Connected to new websocket client\r\n"}}
[debug] [2025-02-26T17:49:41.982Z] Feb. 26, 2025 12:49:41 P.M. com.google.cloud.datastore.emulator.firestore.websocket.WebSocketChannelHandler channelClosed
INFO: Websocket client disconnected
 {"metadata":{"emulator":{"name":"firestore"},"message":"Feb. 26, 2025 12:49:41 P.M. com.google.cloud.datastore.emulator.firestore.websocket.WebSocketChannelHandler channelClosed\r\nINFO: Websocket client disconnected\r\n"}}
[debug] [2025-02-26T17:50:12.240Z] Feb. 26, 2025 12:50:12 P.M. com.google.cloud.datastore.emulator.firestore.websocket.WebSocketChannelHandler initChannel
INFO: Connected to new websocket client
 {"metadata":{"emulator":{"name":"firestore"},"message":"Feb. 26, 2025 12:50:12 P.M. com.google.cloud.datastore.emulator.firestore.websocket.WebSocketChannelHandler initChannel\r\nINFO: Connected to new websocket client\r\n"}}
[debug] [2025-02-26T17:50:24.473Z] Feb. 26, 2025 12:50:24 P.M. com.google.cloud.datastore.emulator.firestore.websocket.WebSocketChannelHandler channelClosed
INFO: Websocket client disconnected
 {"metadata":{"emulator":{"name":"firestore"},"message":"Feb. 26, 2025 12:50:24 P.M. com.google.cloud.datastore.emulator.firestore.websocket.WebSocketChannelHandler channelClosed\r\nINFO: Websocket client disconnected\r\n"}}
[debug] [2025-02-26T17:50:47.286Z] Functions emulator received unknown request at path /MY_PROJECT/us-central1/addMessage
[debug] [2025-02-26T17:50:47.811Z] Functions emulator received unknown request at path /favicon.ico
[debug] [2025-02-26T18:21:27.889Z] Feb. 26, 2025 1:21:27 P.M. com.google.cloud.datastore.emulator.firestore.websocket.WebSocketChannelHandler channelClosed
INFO: Websocket client disconnected
Feb. 26, 2025 1:21:27 P.M. com.google.cloud.datastore.emulator.firestore.websocket.WebSocketChannelHandler channelClosed
INFO: Websocket client disconnected
 {"metadata":{"emulator":{"name":"firestore"},"message":"Feb. 26, 2025 1:21:27 P.M. com.google.cloud.datastore.emulator.firestore.websocket.WebSocketChannelHandler channelClosed\r\nINFO: Websocket client disconnected\r\nFeb. 26, 2025 1:21:27 P.M. com.google.cloud.datastore.emulator.firestore.websocket.WebSocketChannelHandler channelClosed\r\nINFO: Websocket client disconnected\r\n"}}
[debug] [2025-02-26T18:35:57.158Z] Feb. 26, 2025 1:35:57 P.M. com.google.cloud.datastore.emulator.firestore.websocket.WebSocketChannelHandler initChannel
INFO: Connected to new websocket client
 {"metadata":{"emulator":{"name":"firestore"},"message":"Feb. 26, 2025 1:35:57 P.M. com.google.cloud.datastore.emulator.firestore.websocket.WebSocketChannelHandler initChannel\r\nINFO: Connected to new websocket client\r\n"}}
[debug] [2025-02-26T18:35:57.180Z] Feb. 26, 2025 1:35:57 P.M. com.google.cloud.datastore.emulator.firestore.websocket.WebSocketChannelHandler initChannel
INFO: Connected to new websocket client
 {"metadata":{"emulator":{"name":"firestore"},"message":"Feb. 26, 2025 1:35:57 P.M. com.google.cloud.datastore.emulator.firestore.websocket.WebSocketChannelHandler initChannel\r\nINFO: Connected to new websocket client\r\n"}}
[debug] [2025-02-26T18:37:22.612Z] Feb. 26, 2025 1:37:22 P.M. io.gapi.emulators.netty.HttpVersionRoutingHandler channelRead
INFO: Detected non-HTTP/2 connection.
 {"metadata":{"emulator":{"name":"firestore"},"message":"Feb. 26, 2025 1:37:22 P.M. io.gapi.emulators.netty.HttpVersionRoutingHandler channelRead\r\nINFO: Detected non-HTTP/2 connection.\r\n"}}
[debug] [2025-02-26T18:37:22.629Z] Feb. 26, 2025 1:37:22 P.M. io.gapi.emulators.netty.HttpVersionRoutingHandler channelRead
INFO: Detected HTTP/2 connection.
 {"metadata":{"emulator":{"name":"firestore"},"message":"Feb. 26, 2025 1:37:22 P.M. io.gapi.emulators.netty.HttpVersionRoutingHandler channelRead\r\nINFO: Detected HTTP/2 connection.\r\n"}}
[debug] [2025-02-26T18:38:45.486Z] File C:\Users\night\Documents\GitHub\speedy\my-app\functions\index.js changed, reloading triggers {"metadata":{"emulator":{"name":"functions"},"message":"File C:\\Users\\night\\Documents\\GitHub\\speedy\\my-app\\functions\\index.js changed, reloading triggers"}}
[debug] [2025-02-26T18:38:46.491Z] Validating nodejs source
[debug] [2025-02-26T18:38:47.445Z] > [functions] package.json contents: {
  "name": "functions",
  "description": "Cloud Functions for Firebase",
  "scripts": {
    "serve": "firebase emulators:start --only functions",
    "shell": "firebase functions:shell",
    "start": "npm run shell",
    "deploy": "firebase deploy --only functions",
    "logs": "firebase functions:log"
  },
  "engines": {
    "node": "22"
  },
  "main": "index.js",
  "dependencies": {
    "firebase-admin": "^12.6.0",
    "firebase-functions": "^6.0.1"
  },
  "devDependencies": {
    "firebase-functions-test": "^3.1.0"
  },
  "private": true
}
[debug] [2025-02-26T18:38:47.445Z] Building nodejs source
[debug] [2025-02-26T18:38:47.445Z] Failed to find version of module node: reached end of search path C:\Users\night\Documents\GitHub\speedy\my-app\functions\node_modules
[warn] !  functions: Your requested "node" version "22" doesn't match your global version "20". Using node@20 from host. 
[debug] [2025-02-26T18:38:47.446Z] Could not find functions.yaml. Must use http discovery
[debug] [2025-02-26T18:38:47.451Z] Found firebase-functions binary at 'C:\Users\night\Documents\GitHub\speedy\my-app\functions\node_modules\.bin\firebase-functions'
[info] Serving at port 8299

[debug] [2025-02-26T18:38:47.834Z] Got response from /__/functions.yaml {"endpoints":{"addmessage":{"availableMemoryMb":null,"timeoutSeconds":null,"minInstances":null,"maxInstances":null,"ingressSettings":null,"concurrency":null,"serviceAccountEmail":null,"vpc":null,"platform":"gcfv2","labels":{},"httpsTrigger":{},"entryPoint":"addmessage"},"makeuppercase":{"availableMemoryMb":null,"timeoutSeconds":null,"minInstances":null,"maxInstances":null,"ingressSettings":null,"concurrency":null,"serviceAccountEmail":null,"vpc":null,"platform":"gcfv2","labels":{},"eventTrigger":{"eventType":"google.cloud.firestore.document.v1.created","eventFilters":{"database":"(default)","namespace":"(default)"},"eventFilterPathPatterns":{"document":"messages/{documentId}"},"retry":false},"entryPoint":"makeuppercase"}},"specVersion":"v1alpha1","requiredAPIs":[],"extensions":{}}
[debug] [2025-02-26T18:38:52.867Z] defaultcredentials: writing to file C:\Users\night\AppData\Roaming\firebase\sharjananstaniculas_gmail_com_application_default_credentials.json
[debug] [2025-02-26T18:38:52.868Z] Setting GAC to C:\Users\night\AppData\Roaming\firebase\sharjananstaniculas_gmail_com_application_default_credentials.json {"metadata":{"emulator":{"name":"functions"},"message":"Setting GAC to C:\\Users\\night\\AppData\\Roaming\\firebase\\sharjananstaniculas_gmail_com_application_default_credentials.json"}}
[info] +  functions: Loaded functions definitions from source: addmessage, makeuppercase. {"metadata":{"emulator":{"name":"functions"},"message":"Loaded functions definitions from source: addmessage, makeuppercase."}}
[debug] [2025-02-26T18:41:32.094Z] [work-queue] {"queuedWork":["/speedy-c4155/us-central1/addmessage-2025-02-26T18:41:32.094Z"],"queueLength":1,"runningWork":[],"workRunningCount":0}
[debug] [2025-02-26T18:41:32.095Z] [work-queue] {"queuedWork":[],"queueLength":0,"runningWork":["/speedy-c4155/us-central1/addmessage-2025-02-26T18:41:32.094Z"],"workRunningCount":1}
[debug] [2025-02-26T18:41:32.095Z] Accepted request GET /speedy-c4155/us-central1/addmessage?text=hello --> us-central1-addmessage
[debug] [2025-02-26T18:41:32.097Z] [functions] Runtime ready! Sending request! {"metadata":{"emulator":{"name":"functions"},"message":"[functions] Runtime ready! Sending request!"}}
[debug] [2025-02-26T18:41:32.098Z] [functions] Got req.url=/speedy-c4155/us-central1/addmessage?text=hello, mapping to path=/?text=hello {"metadata":{"emulator":{"name":"functions"},"message":"[functions] Got req.url=/speedy-c4155/us-central1/addmessage?text=hello, mapping to path=/?text=hello"}}
[debug] [2025-02-26T18:41:32.107Z] [worker-pool] addWorker(us-central1-addmessage) {"metadata":{"emulator":{"name":"functions"},"message":"[worker-pool] addWorker(us-central1-addmessage)"}}
[debug] [2025-02-26T18:41:32.108Z] [worker-pool] Adding worker with key us-central1-addmessage, total=1 {"metadata":{"emulator":{"name":"functions"},"message":"[worker-pool] Adding worker with key us-central1-addmessage, total=1"}}
[debug] [2025-02-26T18:41:33.251Z] [runtime-status] [9648] Resolved module firebase-admin {"declared":true,"installed":true,"version":"12.7.0","resolution":"C:\\Users\\night\\Documents\\GitHub\\speedy\\my-app\\functions\\node_modules\\firebase-admin\\lib\\index.js"} {"metadata":{"emulator":{"name":"functions"},"function":{"name":"us-central1-addmessage"},"extension":{},"message":"[runtime-status] [9648] Resolved module firebase-admin {\"declared\":true,\"installed\":true,\"version\":\"12.7.0\",\"resolution\":\"C:\\\\Users\\\\night\\\\Documents\\\\GitHub\\\\speedy\\\\my-app\\\\functions\\\\node_modules\\\\firebase-admin\\\\lib\\\\index.js\"}"}}
[debug] [2025-02-26T18:41:33.251Z] [runtime-status] [9648] Resolved module firebase-functions {"declared":true,"installed":true,"version":"6.3.2","resolution":"C:\\Users\\night\\Documents\\GitHub\\speedy\\my-app\\functions\\node_modules\\firebase-functions\\lib\\v2\\index.js"} {"metadata":{"emulator":{"name":"functions"},"function":{"name":"us-central1-addmessage"},"extension":{},"message":"[runtime-status] [9648] Resolved module firebase-functions {\"declared\":true,\"installed\":true,\"version\":\"6.3.2\",\"resolution\":\"C:\\\\Users\\\\night\\\\Documents\\\\GitHub\\\\speedy\\\\my-app\\\\functions\\\\node_modules\\\\firebase-functions\\\\lib\\\\v2\\\\index.js\"}"}}
[debug] [2025-02-26T18:41:33.252Z] [runtime-status] [9648] Outgoing network have been stubbed. [{"name":"http","status":"mocked"},{"name":"http","status":"mocked"},{"name":"https","status":"mocked"},{"name":"https","status":"mocked"},{"name":"net","status":"mocked"}] {"metadata":{"emulator":{"name":"functions"},"function":{"name":"us-central1-addmessage"},"extension":{},"message":"[runtime-status] [9648] Outgoing network have been stubbed. [{\"name\":\"http\",\"status\":\"mocked\"},{\"name\":\"http\",\"status\":\"mocked\"},{\"name\":\"https\",\"status\":\"mocked\"},{\"name\":\"https\",\"status\":\"mocked\"},{\"name\":\"net\",\"status\":\"mocked\"}]"}}
[debug] [2025-02-26T18:41:33.252Z] [runtime-status] [9648] Resolved module firebase-functions {"declared":true,"installed":true,"version":"6.3.2","resolution":"C:\\Users\\night\\Documents\\GitHub\\speedy\\my-app\\functions\\node_modules\\firebase-functions\\lib\\v2\\index.js"} {"metadata":{"emulator":{"name":"functions"},"function":{"name":"us-central1-addmessage"},"extension":{},"message":"[runtime-status] [9648] Resolved module firebase-functions {\"declared\":true,\"installed\":true,\"version\":\"6.3.2\",\"resolution\":\"C:\\\\Users\\\\night\\\\Documents\\\\GitHub\\\\speedy\\\\my-app\\\\functions\\\\node_modules\\\\firebase-functions\\\\lib\\\\v2\\\\index.js\"}"}}
[debug] [2025-02-26T18:41:33.446Z] [runtime-status] [9648] Checked functions.config() {"config":{}} {"metadata":{"emulator":{"name":"functions"},"function":{"name":"us-central1-addmessage"},"extension":{},"message":"[runtime-status] [9648] Checked functions.config() {\"config\":{}}"}}
[debug] [2025-02-26T18:41:33.446Z] [runtime-status] [9648] firebase-functions has been stubbed. {"functionsResolution":{"declared":true,"installed":true,"version":"6.3.2","resolution":"C:\\Users\\night\\Documents\\GitHub\\speedy\\my-app\\functions\\node_modules\\firebase-functions\\lib\\v2\\index.js"}} {"metadata":{"emulator":{"name":"functions"},"function":{"name":"us-central1-addmessage"},"extension":{},"message":"[runtime-status] [9648] firebase-functions has been stubbed. {\"functionsResolution\":{\"declared\":true,\"installed\":true,\"version\":\"6.3.2\",\"resolution\":\"C:\\\\Users\\\\night\\\\Documents\\\\GitHub\\\\speedy\\\\my-app\\\\functions\\\\node_modules\\\\firebase-functions\\\\lib\\\\v2\\\\index.js\"}}"}}
[debug] [2025-02-26T18:41:33.446Z] [runtime-status] [9648] Resolved module firebase-functions {"declared":true,"installed":true,"version":"6.3.2","resolution":"C:\\Users\\night\\Documents\\GitHub\\speedy\\my-app\\functions\\node_modules\\firebase-functions\\lib\\v2\\index.js"} {"metadata":{"emulator":{"name":"functions"},"function":{"name":"us-central1-addmessage"},"extension":{},"message":"[runtime-status] [9648] Resolved module firebase-functions {\"declared\":true,\"installed\":true,\"version\":\"6.3.2\",\"resolution\":\"C:\\\\Users\\\\night\\\\Documents\\\\GitHub\\\\speedy\\\\my-app\\\\functions\\\\node_modules\\\\firebase-functions\\\\lib\\\\v2\\\\index.js\"}"}}
[debug] [2025-02-26T18:41:33.457Z] [runtime-status] [9648] Resolved module firebase-admin {"declared":true,"installed":true,"version":"12.7.0","resolution":"C:\\Users\\night\\Documents\\GitHub\\speedy\\my-app\\functions\\node_modules\\firebase-admin\\lib\\index.js"} {"metadata":{"emulator":{"name":"functions"},"function":{"name":"us-central1-addmessage"},"extension":{},"message":"[runtime-status] [9648] Resolved module firebase-admin {\"declared\":true,\"installed\":true,\"version\":\"12.7.0\",\"resolution\":\"C:\\\\Users\\\\night\\\\Documents\\\\GitHub\\\\speedy\\\\my-app\\\\functions\\\\node_modules\\\\firebase-admin\\\\lib\\\\index.js\"}"}}
[debug] [2025-02-26T18:41:33.460Z] [runtime-status] [9648] Resolved module firebase-functions {"declared":true,"installed":true,"version":"6.3.2","resolution":"C:\\Users\\night\\Documents\\GitHub\\speedy\\my-app\\functions\\node_modules\\firebase-functions\\lib\\v2\\index.js"} {"metadata":{"emulator":{"name":"functions"},"function":{"name":"us-central1-addmessage"},"extension":{},"message":"[runtime-status] [9648] Resolved module firebase-functions {\"declared\":true,\"installed\":true,\"version\":\"6.3.2\",\"resolution\":\"C:\\\\Users\\\\night\\\\Documents\\\\GitHub\\\\speedy\\\\my-app\\\\functions\\\\node_modules\\\\firebase-functions\\\\lib\\\\v2\\\\index.js\"}"}}
[debug] [2025-02-26T18:41:33.460Z] [runtime-status] [9648] firebase-admin has been stubbed. {"adminResolution":{"declared":true,"installed":true,"version":"12.7.0","resolution":"C:\\Users\\night\\Documents\\GitHub\\speedy\\my-app\\functions\\node_modules\\firebase-admin\\lib\\index.js"}} {"metadata":{"emulator":{"name":"functions"},"function":{"name":"us-central1-addmessage"},"extension":{},"message":"[runtime-status] [9648] firebase-admin has been stubbed. {\"adminResolution\":{\"declared\":true,\"installed\":true,\"version\":\"12.7.0\",\"resolution\":\"C:\\\\Users\\\\night\\\\Documents\\\\GitHub\\\\speedy\\\\my-app\\\\functions\\\\node_modules\\\\firebase-admin\\\\lib\\\\index.js\"}}"}}
[debug] [2025-02-26T18:41:33.466Z] [runtime-status] [9648] Functions runtime initialized. {"cwd":"C:\\Users\\night\\Documents\\GitHub\\speedy\\my-app\\functions","node_version":"20.8.0"} {"metadata":{"emulator":{"name":"functions"},"function":{"name":"us-central1-addmessage"},"extension":{},"message":"[runtime-status] [9648] Functions runtime initialized. {\"cwd\":\"C:\\\\Users\\\\night\\\\Documents\\\\GitHub\\\\speedy\\\\my-app\\\\functions\",\"node_version\":\"20.8.0\"}"}}
[debug] [2025-02-26T18:41:33.467Z] [runtime-status] [9648] Listening to port: \\?\pipe\fire_emu_aeddeadf34dbb540 {"metadata":{"emulator":{"name":"functions"},"function":{"name":"us-central1-addmessage"},"extension":{},"message":"[runtime-status] [9648] Listening to port: \\\\?\\pipe\\fire_emu_aeddeadf34dbb540"}}
[debug] [2025-02-26T18:41:33.528Z] [worker-us-central1-addmessage-9a972fd1-6268-4a8c-89f0-5787649c6ebe]: IDLE {"metadata":{"emulator":{"name":"functions"},"function":{"name":"us-central1-addmessage"},"extension":{},"message":"[worker-us-central1-addmessage-9a972fd1-6268-4a8c-89f0-5787649c6ebe]: IDLE"}}
[debug] [2025-02-26T18:41:33.528Z] [worker-pool] submitRequest(triggerId=us-central1-addmessage) {"metadata":{"emulator":{"name":"functions"},"message":"[worker-pool] submitRequest(triggerId=us-central1-addmessage)"}}
[info] i  functions: Beginning execution of "us-central1-addmessage" {"metadata":{"emulator":{"name":"functions"},"function":{"name":"us-central1-addmessage"},"extension":{},"message":"Beginning execution of \"us-central1-addmessage\""}}
[debug] [2025-02-26T18:41:33.529Z] [worker-us-central1-addmessage-9a972fd1-6268-4a8c-89f0-5787649c6ebe]: BUSY {"metadata":{"emulator":{"name":"functions"},"function":{"name":"us-central1-addmessage"},"extension":{},"message":"[worker-us-central1-addmessage-9a972fd1-6268-4a8c-89f0-5787649c6ebe]: BUSY"}}
[debug] [2025-02-26T18:41:33.880Z] Feb. 26, 2025 1:41:33 P.M. io.gapi.emulators.netty.HttpVersionRoutingHandler channelRead
INFO: Detected HTTP/2 connection.
 {"metadata":{"emulator":{"name":"firestore"},"message":"Feb. 26, 2025 1:41:33 P.M. io.gapi.emulators.netty.HttpVersionRoutingHandler channelRead\r\nINFO: Detected HTTP/2 connection.\r\n"}}
[debug] [2025-02-26T18:41:33.991Z] Finishing up request with event=pause {"metadata":{"emulator":{"name":"functions"},"function":{"name":"us-central1-addmessage"},"extension":{},"message":"Finishing up request with event=pause"}}
[info] i  functions: Finished "us-central1-addmessage" in 462.3584ms {"metadata":{"emulator":{"name":"functions"},"function":{"name":"us-central1-addmessage"},"extension":{},"message":"Finished \"us-central1-addmessage\" in 462.3584ms"}}
[debug] [2025-02-26T18:41:33.993Z] [worker-us-central1-addmessage-9a972fd1-6268-4a8c-89f0-5787649c6ebe]: IDLE {"metadata":{"emulator":{"name":"functions"},"function":{"name":"us-central1-addmessage"},"extension":{},"message":"[worker-us-central1-addmessage-9a972fd1-6268-4a8c-89f0-5787649c6ebe]: IDLE"}}
[debug] [2025-02-26T18:41:33.993Z] Finishing up request with event=finish {"metadata":{"emulator":{"name":"functions"},"function":{"name":"us-central1-addmessage"},"extension":{},"message":"Finishing up request with event=finish"}}
[debug] [2025-02-26T18:41:33.993Z] Finishing up request with event=close {"metadata":{"emulator":{"name":"functions"},"function":{"name":"us-central1-addmessage"},"extension":{},"message":"Finishing up request with event=close"}}
[debug] [2025-02-26T18:41:33.993Z] [work-queue] {"queuedWork":[],"queueLength":0,"runningWork":[],"workRunningCount":0}
[debug] [2025-02-26T18:41:34.009Z] [work-queue] {"queuedWork":["/functions/projects/speedy-c4155/triggers/us-central1-makeuppercase-0-2025-02-26T18:41:34.009Z"],"queueLength":1,"runningWork":[],"workRunningCount":0}
[debug] [2025-02-26T18:41:34.009Z] [work-queue] {"queuedWork":[],"queueLength":0,"runningWork":["/functions/projects/speedy-c4155/triggers/us-central1-makeuppercase-0-2025-02-26T18:41:34.009Z"],"workRunningCount":1}
[debug] [2025-02-26T18:41:34.009Z] Accepted request POST /functions/projects/speedy-c4155/triggers/us-central1-makeuppercase-0 --> us-central1-makeuppercase-0
[debug] [2025-02-26T18:41:34.012Z] [functions] Runtime ready! Sending request! {"metadata":{"emulator":{"name":"functions"},"message":"[functions] Runtime ready! Sending request!"}}
[debug] [2025-02-26T18:41:34.014Z] [functions] Got req.url=/functions/projects/speedy-c4155/triggers/us-central1-makeuppercase-0, mapping to path=/functions/projects/ {"metadata":{"emulator":{"name":"functions"},"message":"[functions] Got req.url=/functions/projects/speedy-c4155/triggers/us-central1-makeuppercase-0, mapping to path=/functions/projects/"}}
[debug] [2025-02-26T18:41:34.025Z] [worker-pool] addWorker(us-central1-makeuppercase) {"metadata":{"emulator":{"name":"functions"},"message":"[worker-pool] addWorker(us-central1-makeuppercase)"}}
[debug] [2025-02-26T18:41:34.026Z] [worker-pool] Adding worker with key us-central1-makeuppercase, total=1 {"metadata":{"emulator":{"name":"functions"},"message":"[worker-pool] Adding worker with key us-central1-makeuppercase, total=1"}}
[debug] [2025-02-26T18:41:34.548Z] Functions emulator received unknown request at path /favicon.ico
[debug] [2025-02-26T18:41:35.049Z] [runtime-status] [1716] Resolved module firebase-admin {"declared":true,"installed":true,"version":"12.7.0","resolution":"C:\\Users\\night\\Documents\\GitHub\\speedy\\my-app\\functions\\node_modules\\firebase-admin\\lib\\index.js"} {"metadata":{"emulator":{"name":"functions"},"function":{"name":"us-central1-makeuppercase"},"extension":{},"message":"[runtime-status] [1716] Resolved module firebase-admin {\"declared\":true,\"installed\":true,\"version\":\"12.7.0\",\"resolution\":\"C:\\\\Users\\\\night\\\\Documents\\\\GitHub\\\\speedy\\\\my-app\\\\functions\\\\node_modules\\\\firebase-admin\\\\lib\\\\index.js\"}"}}
[debug] [2025-02-26T18:41:35.050Z] [runtime-status] [1716] Resolved module firebase-functions {"declared":true,"installed":true,"version":"6.3.2","resolution":"C:\\Users\\night\\Documents\\GitHub\\speedy\\my-app\\functions\\node_modules\\firebase-functions\\lib\\v2\\index.js"} {"metadata":{"emulator":{"name":"functions"},"function":{"name":"us-central1-makeuppercase"},"extension":{},"message":"[runtime-status] [1716] Resolved module firebase-functions {\"declared\":true,\"installed\":true,\"version\":\"6.3.2\",\"resolution\":\"C:\\\\Users\\\\night\\\\Documents\\\\GitHub\\\\speedy\\\\my-app\\\\functions\\\\node_modules\\\\firebase-functions\\\\lib\\\\v2\\\\index.js\"}"}}
[debug] [2025-02-26T18:41:35.050Z] [runtime-status] [1716] Outgoing network have been stubbed. [{"name":"http","status":"mocked"},{"name":"http","status":"mocked"},{"name":"https","status":"mocked"},{"name":"https","status":"mocked"},{"name":"net","status":"mocked"}] {"metadata":{"emulator":{"name":"functions"},"function":{"name":"us-central1-makeuppercase"},"extension":{},"message":"[runtime-status] [1716] Outgoing network have been stubbed. [{\"name\":\"http\",\"status\":\"mocked\"},{\"name\":\"http\",\"status\":\"mocked\"},{\"name\":\"https\",\"status\":\"mocked\"},{\"name\":\"https\",\"status\":\"mocked\"},{\"name\":\"net\",\"status\":\"mocked\"}]"}}
[debug] [2025-02-26T18:41:35.051Z] [runtime-status] [1716] Resolved module firebase-functions {"declared":true,"installed":true,"version":"6.3.2","resolution":"C:\\Users\\night\\Documents\\GitHub\\speedy\\my-app\\functions\\node_modules\\firebase-functions\\lib\\v2\\index.js"} {"metadata":{"emulator":{"name":"functions"},"function":{"name":"us-central1-makeuppercase"},"extension":{},"message":"[runtime-status] [1716] Resolved module firebase-functions {\"declared\":true,\"installed\":true,\"version\":\"6.3.2\",\"resolution\":\"C:\\\\Users\\\\night\\\\Documents\\\\GitHub\\\\speedy\\\\my-app\\\\functions\\\\node_modules\\\\firebase-functions\\\\lib\\\\v2\\\\index.js\"}"}}
[debug] [2025-02-26T18:41:35.245Z] [runtime-status] [1716] Checked functions.config() {"config":{}} {"metadata":{"emulator":{"name":"functions"},"function":{"name":"us-central1-makeuppercase"},"extension":{},"message":"[runtime-status] [1716] Checked functions.config() {\"config\":{}}"}}
[debug] [2025-02-26T18:41:35.246Z] [runtime-status] [1716] firebase-functions has been stubbed. {"functionsResolution":{"declared":true,"installed":true,"version":"6.3.2","resolution":"C:\\Users\\night\\Documents\\GitHub\\speedy\\my-app\\functions\\node_modules\\firebase-functions\\lib\\v2\\index.js"}} {"metadata":{"emulator":{"name":"functions"},"function":{"name":"us-central1-makeuppercase"},"extension":{},"message":"[runtime-status] [1716] firebase-functions has been stubbed. {\"functionsResolution\":{\"declared\":true,\"installed\":true,\"version\":\"6.3.2\",\"resolution\":\"C:\\\\Users\\\\night\\\\Documents\\\\GitHub\\\\speedy\\\\my-app\\\\functions\\\\node_modules\\\\firebase-functions\\\\lib\\\\v2\\\\index.js\"}}"}}
[debug] [2025-02-26T18:41:35.247Z] [runtime-status] [1716] Resolved module firebase-functions {"declared":true,"installed":true,"version":"6.3.2","resolution":"C:\\Users\\night\\Documents\\GitHub\\speedy\\my-app\\functions\\node_modules\\firebase-functions\\lib\\v2\\index.js"} {"metadata":{"emulator":{"name":"functions"},"function":{"name":"us-central1-makeuppercase"},"extension":{},"message":"[runtime-status] [1716] Resolved module firebase-functions {\"declared\":true,\"installed\":true,\"version\":\"6.3.2\",\"resolution\":\"C:\\\\Users\\\\night\\\\Documents\\\\GitHub\\\\speedy\\\\my-app\\\\functions\\\\node_modules\\\\firebase-functions\\\\lib\\\\v2\\\\index.js\"}"}}
[debug] [2025-02-26T18:41:35.251Z] [runtime-status] [1716] Resolved module firebase-admin {"declared":true,"installed":true,"version":"12.7.0","resolution":"C:\\Users\\night\\Documents\\GitHub\\speedy\\my-app\\functions\\node_modules\\firebase-admin\\lib\\index.js"} {"metadata":{"emulator":{"name":"functions"},"function":{"name":"us-central1-makeuppercase"},"extension":{},"message":"[runtime-status] [1716] Resolved module firebase-admin {\"declared\":true,\"installed\":true,\"version\":\"12.7.0\",\"resolution\":\"C:\\\\Users\\\\night\\\\Documents\\\\GitHub\\\\speedy\\\\my-app\\\\functions\\\\node_modules\\\\firebase-admin\\\\lib\\\\index.js\"}"}}
[debug] [2025-02-26T18:41:35.253Z] [runtime-status] [1716] Resolved module firebase-functions {"declared":true,"installed":true,"version":"6.3.2","resolution":"C:\\Users\\night\\Documents\\GitHub\\speedy\\my-app\\functions\\node_modules\\firebase-functions\\lib\\v2\\index.js"} {"metadata":{"emulator":{"name":"functions"},"function":{"name":"us-central1-makeuppercase"},"extension":{},"message":"[runtime-status] [1716] Resolved module firebase-functions {\"declared\":true,\"installed\":true,\"version\":\"6.3.2\",\"resolution\":\"C:\\\\Users\\\\night\\\\Documents\\\\GitHub\\\\speedy\\\\my-app\\\\functions\\\\node_modules\\\\firebase-functions\\\\lib\\\\v2\\\\index.js\"}"}}
[debug] [2025-02-26T18:41:35.253Z] [runtime-status] [1716] firebase-admin has been stubbed. {"adminResolution":{"declared":true,"installed":true,"version":"12.7.0","resolution":"C:\\Users\\night\\Documents\\GitHub\\speedy\\my-app\\functions\\node_modules\\firebase-admin\\lib\\index.js"}} {"metadata":{"emulator":{"name":"functions"},"function":{"name":"us-central1-makeuppercase"},"extension":{},"message":"[runtime-status] [1716] firebase-admin has been stubbed. {\"adminResolution\":{\"declared\":true,\"installed\":true,\"version\":\"12.7.0\",\"resolution\":\"C:\\\\Users\\\\night\\\\Documents\\\\GitHub\\\\speedy\\\\my-app\\\\functions\\\\node_modules\\\\firebase-admin\\\\lib\\\\index.js\"}}"}}
[debug] [2025-02-26T18:41:35.263Z] [runtime-status] [1716] Functions runtime initialized. {"cwd":"C:\\Users\\night\\Documents\\GitHub\\speedy\\my-app\\functions","node_version":"20.8.0"} {"metadata":{"emulator":{"name":"functions"},"function":{"name":"us-central1-makeuppercase"},"extension":{},"message":"[runtime-status] [1716] Functions runtime initialized. {\"cwd\":\"C:\\\\Users\\\\night\\\\Documents\\\\GitHub\\\\speedy\\\\my-app\\\\functions\",\"node_version\":\"20.8.0\"}"}}
[debug] [2025-02-26T18:41:35.263Z] [runtime-status] [1716] Listening to port: \\?\pipe\fire_emu_264af47dbade98ec {"metadata":{"emulator":{"name":"functions"},"function":{"name":"us-central1-makeuppercase"},"extension":{},"message":"[runtime-status] [1716] Listening to port: \\\\?\\pipe\\fire_emu_264af47dbade98ec"}}
[debug] [2025-02-26T18:41:35.346Z] [worker-us-central1-makeuppercase-4efd11a8-2705-4e0c-9a28-4dcb05cb961e]: IDLE {"metadata":{"emulator":{"name":"functions"},"function":{"name":"us-central1-makeuppercase"},"extension":{},"message":"[worker-us-central1-makeuppercase-4efd11a8-2705-4e0c-9a28-4dcb05cb961e]: IDLE"}}
[debug] [2025-02-26T18:41:35.346Z] [worker-pool] submitRequest(triggerId=us-central1-makeuppercase) {"metadata":{"emulator":{"name":"functions"},"message":"[worker-pool] submitRequest(triggerId=us-central1-makeuppercase)"}}
[info] i  functions: Beginning execution of "us-central1-makeuppercase" {"metadata":{"emulator":{"name":"functions"},"function":{"name":"us-central1-makeuppercase"},"extension":{},"message":"Beginning execution of \"us-central1-makeuppercase\""}}
[debug] [2025-02-26T18:41:35.347Z] [worker-us-central1-makeuppercase-4efd11a8-2705-4e0c-9a28-4dcb05cb961e]: BUSY {"metadata":{"emulator":{"name":"functions"},"function":{"name":"us-central1-makeuppercase"},"extension":{},"message":"[worker-us-central1-makeuppercase-4efd11a8-2705-4e0c-9a28-4dcb05cb961e]: BUSY"}}
[debug] [2025-02-26T18:41:35.354Z] [runtime-status] [1716] RunCloudEvent {"specversion":"1.0","type":"google.cloud.firestore.document.v1.created","source":"//firestore.googleapis.com/projects/projects/speedy-c4155/databases/(default)","id":"985b8132-ea29-4c7d-9fcf-0f71888f5fc6","subject":"documents/messages/2L4DiY1R68FAr0G0PyMI","time":"2025-02-26T18:41:33Z","datacontenttype":"application/protobuf","dataschema":"https://github.com/googleapis/google-cloudevents/blob/main/proto/google/events/cloud/firestore/v1/data.proto","location":"us-central1","project":"speedy-c4155","database":"(default)","namespace":"(default)","document":"messages/2L4DiY1R68FAr0G0PyMI","data":{"type":"Buffer","data":[10,133,1,10,81,112,114,111,106,101,99,116,115,47,115,112,101,101,100,121,45,99,52,49,53,53,47,100,97,116,97,98,97,115,101,115,47,40,100,101,102,97,117,108,116,41,47,100,111,99,117,109,101,110,116,115,47,109,101,115,115,97,103,101,115,47,50,76,52,68,105,89,49,82,54,56,70,65,114,48,71,48,80,121,77,73,18,20,10,8,111,114,105,103,105,110,97,108,18,8,138,1,5,104,101,108,108,111,26,12,8,221,192,253,189,6,16,136,181,193,193,3,34,12,8,221,192,253,189,6,16,136,181,193,193,3,26,0]}} {"metadata":{"emulator":{"name":"functions"},"function":{"name":"us-central1-makeuppercase"},"extension":{},"message":"[runtime-status] [1716] RunCloudEvent {\"specversion\":\"1.0\",\"type\":\"google.cloud.firestore.document.v1.created\",\"source\":\"//firestore.googleapis.com/projects/projects/speedy-c4155/databases/(default)\",\"id\":\"985b8132-ea29-4c7d-9fcf-0f71888f5fc6\",\"subject\":\"documents/messages/2L4DiY1R68FAr0G0PyMI\",\"time\":\"2025-02-26T18:41:33Z\",\"datacontenttype\":\"application/protobuf\",\"dataschema\":\"https://github.com/googleapis/google-cloudevents/blob/main/proto/google/events/cloud/firestore/v1/data.proto\",\"location\":\"us-central1\",\"project\":\"speedy-c4155\",\"database\":\"(default)\",\"namespace\":\"(default)\",\"document\":\"messages/2L4DiY1R68FAr0G0PyMI\",\"data\":{\"type\":\"Buffer\",\"data\":[10,133,1,10,81,112,114,111,106,101,99,116,115,47,115,112,101,101,100,121,45,99,52,49,53,53,47,100,97,116,97,98,97,115,101,115,47,40,100,101,102,97,117,108,116,41,47,100,111,99,117,109,101,110,116,115,47,109,101,115,115,97,103,101,115,47,50,76,52,68,105,89,49,82,54,56,70,65,114,48,71,48,80,121,77,73,18,20,10,8,111,114,105,103,105,110,97,108,18,8,138,1,5,104,101,108,108,111,26,12,8,221,192,253,189,6,16,136,181,193,193,3,34,12,8,221,192,253,189,6,16,136,181,193,193,3,26,0]}}"}}
[info] >  {"severity":"INFO","message":"Uppercasing 2L4DiY1R68FAr0G0PyMI hello"} {"user":{"severity":"INFO","message":"Uppercasing 2L4DiY1R68FAr0G0PyMI hello"},"metadata":{"emulator":{"name":"functions"},"function":{"name":"us-central1-makeuppercase"},"extension":{},"message":"\u001b[90m> \u001b[39m {\"severity\":\"INFO\",\"message\":\"Uppercasing 2L4DiY1R68FAr0G0PyMI hello\"}"}}
[debug] [2025-02-26T18:41:35.642Z] Feb. 26, 2025 1:41:35 P.M. io.gapi.emulators.netty.HttpVersionRoutingHandler channelRead
INFO: Detected HTTP/2 connection.
 {"metadata":{"emulator":{"name":"firestore"},"message":"Feb. 26, 2025 1:41:35 P.M. io.gapi.emulators.netty.HttpVersionRoutingHandler channelRead\r\nINFO: Detected HTTP/2 connection.\r\n"}}
[debug] [2025-02-26T18:41:35.668Z] Finishing up request with event=pause {"metadata":{"emulator":{"name":"functions"},"function":{"name":"us-central1-makeuppercase"},"extension":{},"message":"Finishing up request with event=pause"}}
[info] i  functions: Finished "us-central1-makeuppercase" in 320.8699ms {"metadata":{"emulator":{"name":"functions"},"function":{"name":"us-central1-makeuppercase"},"extension":{},"message":"Finished \"us-central1-makeuppercase\" in 320.8699ms"}}
[debug] [2025-02-26T18:41:35.670Z] [worker-us-central1-makeuppercase-4efd11a8-2705-4e0c-9a28-4dcb05cb961e]: IDLE {"metadata":{"emulator":{"name":"functions"},"function":{"name":"us-central1-makeuppercase"},"extension":{},"message":"[worker-us-central1-makeuppercase-4efd11a8-2705-4e0c-9a28-4dcb05cb961e]: IDLE"}}
[debug] [2025-02-26T18:41:35.670Z] Finishing up request with event=finish {"metadata":{"emulator":{"name":"functions"},"function":{"name":"us-central1-makeuppercase"},"extension":{},"message":"Finishing up request with event=finish"}}
[debug] [2025-02-26T18:41:35.670Z] Finishing up request with event=close {"metadata":{"emulator":{"name":"functions"},"function":{"name":"us-central1-makeuppercase"},"extension":{},"message":"Finishing up request with event=close"}}
[debug] [2025-02-26T18:41:35.670Z] [work-queue] {"queuedWork":[],"queueLength":0,"runningWork":[],"workRunningCount":0}
[debug] [2025-02-26T18:41:38.209Z] Feb. 26, 2025 1:41:38 P.M. com.google.cloud.datastore.emulator.firestore.websocket.WebSocketChannelHandler channelClosed
INFO: Websocket client disconnected
 {"metadata":{"emulator":{"name":"firestore"},"message":"Feb. 26, 2025 1:41:38 P.M. com.google.cloud.datastore.emulator.firestore.websocket.WebSocketChannelHandler channelClosed\r\nINFO: Websocket client disconnected\r\n"}}
[debug] [2025-02-26T18:41:38.216Z] Feb. 26, 2025 1:41:38 P.M. com.google.cloud.datastore.emulator.firestore.websocket.WebSocketChannelHandler initChannel
INFO: Connected to new websocket client
 {"metadata":{"emulator":{"name":"firestore"},"message":"Feb. 26, 2025 1:41:38 P.M. com.google.cloud.datastore.emulator.firestore.websocket.WebSocketChannelHandler initChannel\r\nINFO: Connected to new websocket client\r\n"}}
[debug] [2025-02-26T18:41:40.888Z] Feb. 26, 2025 1:41:40 P.M. io.gapi.emulators.netty.HttpVersionRoutingHandler channelRead
INFO: Detected non-HTTP/2 connection.
 {"metadata":{"emulator":{"name":"firestore"},"message":"Feb. 26, 2025 1:41:40 P.M. io.gapi.emulators.netty.HttpVersionRoutingHandler channelRead\r\nINFO: Detected non-HTTP/2 connection.\r\n"}}
[debug] [2025-02-26T18:41:41.080Z] Feb. 26, 2025 1:41:41 P.M. io.gapi.emulators.netty.HttpVersionRoutingHandler channelRead
INFO: Detected non-HTTP/2 connection.
 {"metadata":{"emulator":{"name":"firestore"},"message":"Feb. 26, 2025 1:41:41 P.M. io.gapi.emulators.netty.HttpVersionRoutingHandler channelRead\r\nINFO: Detected non-HTTP/2 connection.\r\n"}}
[debug] [2025-02-26T18:41:41.180Z] Feb. 26, 2025 1:41:41 P.M. io.gapi.emulators.netty.HttpVersionRoutingHandler channelRead
INFO: Detected non-HTTP/2 connection.
 {"metadata":{"emulator":{"name":"firestore"},"message":"Feb. 26, 2025 1:41:41 P.M. io.gapi.emulators.netty.HttpVersionRoutingHandler channelRead\r\nINFO: Detected non-HTTP/2 connection.\r\n"}}
[debug] [2025-02-26T18:41:48.574Z] Feb. 26, 2025 1:41:48 P.M. com.google.cloud.datastore.emulator.firestore.websocket.WebSocketChannelHandler channelClosed
INFO: Websocket client disconnected
 {"metadata":{"emulator":{"name":"firestore"},"message":"Feb. 26, 2025 1:41:48 P.M. com.google.cloud.datastore.emulator.firestore.websocket.WebSocketChannelHandler channelClosed\r\nINFO: Websocket client disconnected\r\n"}}
[debug] [2025-02-26T18:41:48.581Z] Feb. 26, 2025 1:41:48 P.M. com.google.cloud.datastore.emulator.firestore.websocket.WebSocketChannelHandler initChannel
INFO: Connected to new websocket client
 {"metadata":{"emulator":{"name":"firestore"},"message":"Feb. 26, 2025 1:41:48 P.M. com.google.cloud.datastore.emulator.firestore.websocket.WebSocketChannelHandler initChannel\r\nINFO: Connected to new websocket client\r\n"}}
[debug] [2025-02-26T18:42:41.202Z] Feb. 26, 2025 1:42:41 P.M. io.gapi.emulators.netty.HttpVersionRoutingHandler channelRead
INFO: Detected non-HTTP/2 connection.
 {"metadata":{"emulator":{"name":"firestore"},"message":"Feb. 26, 2025 1:42:41 P.M. io.gapi.emulators.netty.HttpVersionRoutingHandler channelRead\r\nINFO: Detected non-HTTP/2 connection.\r\n"}}
[debug] [2025-02-26T18:43:41.230Z] Feb. 26, 2025 1:43:41 P.M. io.gapi.emulators.netty.HttpVersionRoutingHandler channelRead
INFO: Detected non-HTTP/2 connection.
 {"metadata":{"emulator":{"name":"firestore"},"message":"Feb. 26, 2025 1:43:41 P.M. io.gapi.emulators.netty.HttpVersionRoutingHandler channelRead\r\nINFO: Detected non-HTTP/2 connection.\r\n"}}
[debug] [2025-02-26T18:44:41.274Z] Feb. 26, 2025 1:44:41 P.M. io.gapi.emulators.netty.HttpVersionRoutingHandler channelRead
INFO: Detected non-HTTP/2 connection.
 {"metadata":{"emulator":{"name":"firestore"},"message":"Feb. 26, 2025 1:44:41 P.M. io.gapi.emulators.netty.HttpVersionRoutingHandler channelRead\r\nINFO: Detected non-HTTP/2 connection.\r\n"}}
[debug] [2025-02-26T18:45:41.308Z] Feb. 26, 2025 1:45:41 P.M. io.gapi.emulators.netty.HttpVersionRoutingHandler channelRead
INFO: Detected non-HTTP/2 connection.
 {"metadata":{"emulator":{"name":"firestore"},"message":"Feb. 26, 2025 1:45:41 P.M. io.gapi.emulators.netty.HttpVersionRoutingHandler channelRead\r\nINFO: Detected non-HTTP/2 connection.\r\n"}}
[debug] [2025-02-26T18:46:22.129Z] Feb. 26, 2025 1:46:22 P.M. io.gapi.emulators.netty.HttpVersionRoutingHandler channelRead
INFO: Detected non-HTTP/2 connection.
 {"metadata":{"emulator":{"name":"firestore"},"message":"Feb. 26, 2025 1:46:22 P.M. io.gapi.emulators.netty.HttpVersionRoutingHandler channelRead\r\nINFO: Detected non-HTTP/2 connection.\r\n"}}
[debug] [2025-02-26T18:46:22.139Z] Feb. 26, 2025 1:46:22 P.M. io.gapi.emulators.netty.HttpVersionRoutingHandler channelRead
INFO: Detected non-HTTP/2 connection.
 {"metadata":{"emulator":{"name":"firestore"},"message":"Feb. 26, 2025 1:46:22 P.M. io.gapi.emulators.netty.HttpVersionRoutingHandler channelRead\r\nINFO: Detected non-HTTP/2 connection.\r\n"}}
[debug] [2025-02-26T18:46:26.320Z] Feb. 26, 2025 1:46:26 P.M. io.gapi.emulators.netty.HttpVersionRoutingHandler channelRead
INFO: Detected non-HTTP/2 connection.
 {"metadata":{"emulator":{"name":"firestore"},"message":"Feb. 26, 2025 1:46:26 P.M. io.gapi.emulators.netty.HttpVersionRoutingHandler channelRead\r\nINFO: Detected non-HTTP/2 connection.\r\n"}}
[debug] [2025-02-26T18:46:34.384Z] Feb. 26, 2025 1:46:34 P.M. io.gapi.emulators.netty.HttpVersionRoutingHandler channelRead
INFO: Detected non-HTTP/2 connection.
 {"metadata":{"emulator":{"name":"firestore"},"message":"Feb. 26, 2025 1:46:34 P.M. io.gapi.emulators.netty.HttpVersionRoutingHandler channelRead\r\nINFO: Detected non-HTTP/2 connection.\r\n"}}
[debug] [2025-02-26T18:46:34.400Z] Feb. 26, 2025 1:46:34 P.M. io.gapi.emulators.netty.HttpVersionRoutingHandler channelRead
INFO: Detected non-HTTP/2 connection.
 {"metadata":{"emulator":{"name":"firestore"},"message":"Feb. 26, 2025 1:46:34 P.M. io.gapi.emulators.netty.HttpVersionRoutingHandler channelRead\r\nINFO: Detected non-HTTP/2 connection.\r\n"}}
[debug] [2025-02-26T18:46:34.406Z] Feb. 26, 2025 1:46:34 P.M. io.gapi.emulators.netty.HttpVersionRoutingHandler channelRead
INFO: Detected non-HTTP/2 connection.
 {"metadata":{"emulator":{"name":"firestore"},"message":"Feb. 26, 2025 1:46:34 P.M. io.gapi.emulators.netty.HttpVersionRoutingHandler channelRead\r\nINFO: Detected non-HTTP/2 connection.\r\n"}}
[debug] [2025-02-26T18:46:34.441Z] Feb. 26, 2025 1:46:34 P.M. io.gapi.emulators.netty.HttpVersionRoutingHandler channelRead
INFO: Detected non-HTTP/2 connection.
 {"metadata":{"emulator":{"name":"firestore"},"message":"Feb. 26, 2025 1:46:34 P.M. io.gapi.emulators.netty.HttpVersionRoutingHandler channelRead\r\nINFO: Detected non-HTTP/2 connection.\r\n"}}
[debug] [2025-02-26T18:46:34.562Z] Feb. 26, 2025 1:46:34 P.M. io.gapi.emulators.netty.HttpVersionRoutingHandler channelRead
INFO: Detected non-HTTP/2 connection.
 {"metadata":{"emulator":{"name":"firestore"},"message":"Feb. 26, 2025 1:46:34 P.M. io.gapi.emulators.netty.HttpVersionRoutingHandler channelRead\r\nINFO: Detected non-HTTP/2 connection.\r\n"}}
[debug] [2025-02-26T18:46:38.290Z] Feb. 26, 2025 1:46:38 P.M. io.gapi.emulators.netty.HttpVersionRoutingHandler channelRead
INFO: Detected non-HTTP/2 connection.
 {"metadata":{"emulator":{"name":"firestore"},"message":"Feb. 26, 2025 1:46:38 P.M. io.gapi.emulators.netty.HttpVersionRoutingHandler channelRead\r\nINFO: Detected non-HTTP/2 connection.\r\n"}}
[debug] [2025-02-26T18:47:34.422Z] Feb. 26, 2025 1:47:34 P.M. io.gapi.emulators.netty.HttpVersionRoutingHandler channelRead
INFO: Detected non-HTTP/2 connection.
 {"metadata":{"emulator":{"name":"firestore"},"message":"Feb. 26, 2025 1:47:34 P.M. io.gapi.emulators.netty.HttpVersionRoutingHandler channelRead\r\nINFO: Detected non-HTTP/2 connection.\r\n"}}
[debug] [2025-02-26T18:47:35.262Z] Feb. 26, 2025 1:47:35 P.M. io.gapi.emulators.netty.HttpVersionRoutingHandler channelRead
INFO: Detected non-HTTP/2 connection.
 {"metadata":{"emulator":{"name":"firestore"},"message":"Feb. 26, 2025 1:47:35 P.M. io.gapi.emulators.netty.HttpVersionRoutingHandler channelRead\r\nINFO: Detected non-HTTP/2 connection.\r\n"}}
[debug] [2025-02-26T18:47:35.268Z] Feb. 26, 2025 1:47:35 P.M. com.google.cloud.datastore.emulator.firestore.webchannel.FirestoreV1WebChannelAdapter$FirestoreWriteHandler onClose
INFO: channel closed
 {"metadata":{"emulator":{"name":"firestore"},"message":"Feb. 26, 2025 1:47:35 P.M. com.google.cloud.datastore.emulator.firestore.webchannel.FirestoreV1WebChannelAdapter$FirestoreWriteHandler onClose\r\nINFO: channel closed\r\n"}}
[debug] [2025-02-26T18:47:38.316Z] Feb. 26, 2025 1:47:38 P.M. io.gapi.emulators.netty.HttpVersionRoutingHandler channelRead
INFO: Detected non-HTTP/2 connection.
 {"metadata":{"emulator":{"name":"firestore"},"message":"Feb. 26, 2025 1:47:38 P.M. io.gapi.emulators.netty.HttpVersionRoutingHandler channelRead\r\nINFO: Detected non-HTTP/2 connection.\r\n"}}
[debug] [2025-02-26T18:48:38.341Z] Feb. 26, 2025 1:48:38 P.M. io.gapi.emulators.netty.HttpVersionRoutingHandler channelRead
INFO: Detected non-HTTP/2 connection.
 {"metadata":{"emulator":{"name":"firestore"},"message":"Feb. 26, 2025 1:48:38 P.M. io.gapi.emulators.netty.HttpVersionRoutingHandler channelRead\r\nINFO: Detected non-HTTP/2 connection.\r\n"}}
[debug] [2025-02-26T18:49:38.381Z] Feb. 26, 2025 1:49:38 P.M. io.gapi.emulators.netty.HttpVersionRoutingHandler channelRead
INFO: Detected non-HTTP/2 connection.
 {"metadata":{"emulator":{"name":"firestore"},"message":"Feb. 26, 2025 1:49:38 P.M. io.gapi.emulators.netty.HttpVersionRoutingHandler channelRead\r\nINFO: Detected non-HTTP/2 connection.\r\n"}}
[debug] [2025-02-26T18:50:38.439Z] Feb. 26, 2025 1:50:38 P.M. io.gapi.emulators.netty.HttpVersionRoutingHandler channelRead
INFO: Detected non-HTTP/2 connection.
 {"metadata":{"emulator":{"name":"firestore"},"message":"Feb. 26, 2025 1:50:38 P.M. io.gapi.emulators.netty.HttpVersionRoutingHandler channelRead\r\nINFO: Detected non-HTTP/2 connection.\r\n"}}
[debug] [2025-02-26T18:51:38.469Z] Feb. 26, 2025 1:51:38 P.M. io.gapi.emulators.netty.HttpVersionRoutingHandler channelRead
INFO: Detected non-HTTP/2 connection.
 {"metadata":{"emulator":{"name":"firestore"},"message":"Feb. 26, 2025 1:51:38 P.M. io.gapi.emulators.netty.HttpVersionRoutingHandler channelRead\r\nINFO: Detected non-HTTP/2 connection.\r\n"}}
[debug] [2025-02-26T18:52:38.499Z] Feb. 26, 2025 1:52:38 P.M. io.gapi.emulators.netty.HttpVersionRoutingHandler channelRead
INFO: Detected non-HTTP/2 connection.
 {"metadata":{"emulator":{"name":"firestore"},"message":"Feb. 26, 2025 1:52:38 P.M. io.gapi.emulators.netty.HttpVersionRoutingHandler channelRead\r\nINFO: Detected non-HTTP/2 connection.\r\n"}}
[debug] [2025-02-26T18:53:38.528Z] Feb. 26, 2025 1:53:38 P.M. io.gapi.emulators.netty.HttpVersionRoutingHandler channelRead
INFO: Detected non-HTTP/2 connection.
 {"metadata":{"emulator":{"name":"firestore"},"message":"Feb. 26, 2025 1:53:38 P.M. io.gapi.emulators.netty.HttpVersionRoutingHandler channelRead\r\nINFO: Detected non-HTTP/2 connection.\r\n"}}
[debug] [2025-02-26T18:54:38.546Z] Feb. 26, 2025 1:54:38 P.M. io.gapi.emulators.netty.HttpVersionRoutingHandler channelRead
INFO: Detected non-HTTP/2 connection.
 {"metadata":{"emulator":{"name":"firestore"},"message":"Feb. 26, 2025 1:54:38 P.M. io.gapi.emulators.netty.HttpVersionRoutingHandler channelRead\r\nINFO: Detected non-HTTP/2 connection.\r\n"}}
[debug] [2025-02-26T18:55:38.562Z] Feb. 26, 2025 1:55:38 P.M. io.gapi.emulators.netty.HttpVersionRoutingHandler channelRead
INFO: Detected non-HTTP/2 connection.
 {"metadata":{"emulator":{"name":"firestore"},"message":"Feb. 26, 2025 1:55:38 P.M. io.gapi.emulators.netty.HttpVersionRoutingHandler channelRead\r\nINFO: Detected non-HTTP/2 connection.\r\n"}}
[debug] [2025-02-26T18:55:58.787Z] File C:\Users\night\Documents\GitHub\speedy\my-app\functions\index.js changed, reloading triggers {"metadata":{"emulator":{"name":"functions"},"message":"File C:\\Users\\night\\Documents\\GitHub\\speedy\\my-app\\functions\\index.js changed, reloading triggers"}}
[debug] [2025-02-26T18:55:59.802Z] Validating nodejs source
[debug] [2025-02-26T18:56:01.034Z] > [functions] package.json contents: {
  "name": "functions",
  "description": "Cloud Functions for Firebase",
  "scripts": {
    "serve": "firebase emulators:start --only functions",
    "shell": "firebase functions:shell",
    "start": "npm run shell",
    "deploy": "firebase deploy --only functions",
    "logs": "firebase functions:log"
  },
  "engines": {
    "node": "22"
  },
  "main": "index.js",
  "dependencies": {
    "firebase-admin": "^12.6.0",
    "firebase-functions": "^6.0.1"
  },
  "devDependencies": {
    "firebase-functions-test": "^3.1.0"
  },
  "private": true
}
[debug] [2025-02-26T18:56:01.034Z] Building nodejs source
[debug] [2025-02-26T18:56:01.035Z] Failed to find version of module node: reached end of search path C:\Users\night\Documents\GitHub\speedy\my-app\functions\node_modules
[warn] !  functions: Your requested "node" version "22" doesn't match your global version "20". Using node@20 from host. 
[debug] [2025-02-26T18:56:01.036Z] Could not find functions.yaml. Must use http discovery
[debug] [2025-02-26T18:56:01.043Z] Found firebase-functions binary at 'C:\Users\night\Documents\GitHub\speedy\my-app\functions\node_modules\.bin\firebase-functions'
[info] Serving at port 8583

[error] TypeError: functions.firestore.document is not a function
    at Object.<anonymous> (C:\Users\night\Documents\GitHub\speedy\my-app\functions\index.js:9:4)
    at Module._compile (node:internal/modules/cjs/loader:1241:14)
    at Module._extensions..js (node:internal/modules/cjs/loader:1295:10)
    at Module.load (node:internal/modules/cjs/loader:1091:32)
    at Module._load (node:internal/modules/cjs/loader:938:12)
    at Module.require (node:internal/modules/cjs/loader:1115:19)
    at require (node:internal/modules/helpers:130:18)
    at loadModule (C:\Users\night\Documents\GitHub\speedy\my-app\functions\node_modules\firebase-functions\lib\runtime\loader.js:40:16)
    at loadStack (C:\Users\night\Documents\GitHub\speedy\my-app\functions\node_modules\firebase-functions\lib\runtime\loader.js:157:23)
    at C:\Users\night\Documents\GitHub\speedy\my-app\functions\node_modules\firebase-functions\lib\bin\firebase-functions.js:56:56

[debug] [2025-02-26T18:56:01.510Z] Got response code 400; body Failed to generate manifest from function source: TypeError: functions.firestore.document is not a function
[debug] [2025-02-26T18:56:04.190Z] File C:\Users\night\Documents\GitHub\speedy\my-app\functions\index.js changed, reloading triggers {"metadata":{"emulator":{"name":"functions"},"message":"File C:\\Users\\night\\Documents\\GitHub\\speedy\\my-app\\functions\\index.js changed, reloading triggers"}}
[debug] [2025-02-26T18:56:05.138Z] File C:\Users\night\Documents\GitHub\speedy\my-app\functions\index.js changed, reloading triggers {"metadata":{"emulator":{"name":"functions"},"message":"File C:\\Users\\night\\Documents\\GitHub\\speedy\\my-app\\functions\\index.js changed, reloading triggers"}}
[debug] [2025-02-26T18:56:05.305Z] File C:\Users\night\Documents\GitHub\speedy\my-app\functions\index.js changed, reloading triggers {"metadata":{"emulator":{"name":"functions"},"message":"File C:\\Users\\night\\Documents\\GitHub\\speedy\\my-app\\functions\\index.js changed, reloading triggers"}}
[debug] [2025-02-26T18:56:06.312Z] Validating nodejs source
[debug] [2025-02-26T18:56:07.243Z] > [functions] package.json contents: {
  "name": "functions",
  "description": "Cloud Functions for Firebase",
  "scripts": {
    "serve": "firebase emulators:start --only functions",
    "shell": "firebase functions:shell",
    "start": "npm run shell",
    "deploy": "firebase deploy --only functions",
    "logs": "firebase functions:log"
  },
  "engines": {
    "node": "22"
  },
  "main": "index.js",
  "dependencies": {
    "firebase-admin": "^12.6.0",
    "firebase-functions": "^6.0.1"
  },
  "devDependencies": {
    "firebase-functions-test": "^3.1.0"
  },
  "private": true
}
[debug] [2025-02-26T18:56:07.243Z] Building nodejs source
[debug] [2025-02-26T18:56:07.243Z] Failed to find version of module node: reached end of search path C:\Users\night\Documents\GitHub\speedy\my-app\functions\node_modules
[warn] !  functions: Your requested "node" version "22" doesn't match your global version "20". Using node@20 from host. 
[debug] [2025-02-26T18:56:07.244Z] Could not find functions.yaml. Must use http discovery
[debug] [2025-02-26T18:56:07.249Z] Found firebase-functions binary at 'C:\Users\night\Documents\GitHub\speedy\my-app\functions\node_modules\.bin\firebase-functions'
[error] !!  functions: Failed to load function definition from source: FirebaseError: Functions codebase could not be analyzed successfully. It may have a syntax or runtime error {"metadata":{"emulator":{"name":"functions"},"message":"Failed to load function definition from source: FirebaseError: Functions codebase could not be analyzed successfully. It may have a syntax or runtime error"}}
[info] Serving at port 8182

[error] TypeError: functions.firestore.document is not a function
    at Object.<anonymous> (C:\Users\night\Documents\GitHub\speedy\my-app\functions\index.js:9:4)
    at Module._compile (node:internal/modules/cjs/loader:1241:14)
    at Module._extensions..js (node:internal/modules/cjs/loader:1295:10)
    at Module.load (node:internal/modules/cjs/loader:1091:32)
    at Module._load (node:internal/modules/cjs/loader:938:12)
    at Module.require (node:internal/modules/cjs/loader:1115:19)
    at require (node:internal/modules/helpers:130:18)
    at loadModule (C:\Users\night\Documents\GitHub\speedy\my-app\functions\node_modules\firebase-functions\lib\runtime\loader.js:40:16)
    at loadStack (C:\Users\night\Documents\GitHub\speedy\my-app\functions\node_modules\firebase-functions\lib\runtime\loader.js:157:23)
    at C:\Users\night\Documents\GitHub\speedy\my-app\functions\node_modules\firebase-functions\lib\bin\firebase-functions.js:56:56

[debug] [2025-02-26T18:56:07.639Z] Got response code 400; body Failed to generate manifest from function source: TypeError: functions.firestore.document is not a function
[error] !!  functions: Failed to load function definition from source: FirebaseError: Functions codebase could not be analyzed successfully. It may have a syntax or runtime error {"metadata":{"emulator":{"name":"functions"},"message":"Failed to load function definition from source: FirebaseError: Functions codebase could not be analyzed successfully. It may have a syntax or runtime error"}}
[debug] [2025-02-26T18:56:20.266Z] Feb. 26, 2025 1:56:20 P.M. io.gapi.emulators.netty.HttpVersionRoutingHandler channelRead
INFO: Detected non-HTTP/2 connection.
 {"metadata":{"emulator":{"name":"firestore"},"message":"Feb. 26, 2025 1:56:20 P.M. io.gapi.emulators.netty.HttpVersionRoutingHandler channelRead\r\nINFO: Detected non-HTTP/2 connection.\r\n"}}
[debug] [2025-02-26T18:56:20.272Z] Feb. 26, 2025 1:56:20 P.M. io.gapi.emulators.netty.HttpVersionRoutingHandler channelRead
INFO: Detected non-HTTP/2 connection.
 {"metadata":{"emulator":{"name":"firestore"},"message":"Feb. 26, 2025 1:56:20 P.M. io.gapi.emulators.netty.HttpVersionRoutingHandler channelRead\r\nINFO: Detected non-HTTP/2 connection.\r\n"}}
[debug] [2025-02-26T18:56:20.273Z] Feb. 26, 2025 1:56:20 P.M. io.gapi.emulators.netty.HttpVersionRoutingHandler channelRead
INFO: Detected non-HTTP/2 connection.
 {"metadata":{"emulator":{"name":"firestore"},"message":"Feb. 26, 2025 1:56:20 P.M. io.gapi.emulators.netty.HttpVersionRoutingHandler channelRead\r\nINFO: Detected non-HTTP/2 connection.\r\n"}}
[debug] [2025-02-26T18:56:24.253Z] Feb. 26, 2025 1:56:24 P.M. io.gapi.emulators.netty.HttpVersionRoutingHandler channelRead
INFO: Detected non-HTTP/2 connection.
 {"metadata":{"emulator":{"name":"firestore"},"message":"Feb. 26, 2025 1:56:24 P.M. io.gapi.emulators.netty.HttpVersionRoutingHandler channelRead\r\nINFO: Detected non-HTTP/2 connection.\r\n"}}
[debug] [2025-02-26T18:57:24.280Z] Feb. 26, 2025 1:57:24 P.M. io.gapi.emulators.netty.HttpVersionRoutingHandler channelRead
INFO: Detected non-HTTP/2 connection.
 {"metadata":{"emulator":{"name":"firestore"},"message":"Feb. 26, 2025 1:57:24 P.M. io.gapi.emulators.netty.HttpVersionRoutingHandler channelRead\r\nINFO: Detected non-HTTP/2 connection.\r\n"}}
[debug] [2025-02-26T18:58:24.294Z] Feb. 26, 2025 1:58:24 P.M. io.gapi.emulators.netty.HttpVersionRoutingHandler channelRead
INFO: Detected non-HTTP/2 connection.
 {"metadata":{"emulator":{"name":"firestore"},"message":"Feb. 26, 2025 1:58:24 P.M. io.gapi.emulators.netty.HttpVersionRoutingHandler channelRead\r\nINFO: Detected non-HTTP/2 connection.\r\n"}}
[debug] [2025-02-26T18:59:24.308Z] Feb. 26, 2025 1:59:24 P.M. io.gapi.emulators.netty.HttpVersionRoutingHandler channelRead
INFO: Detected non-HTTP/2 connection.
 {"metadata":{"emulator":{"name":"firestore"},"message":"Feb. 26, 2025 1:59:24 P.M. io.gapi.emulators.netty.HttpVersionRoutingHandler channelRead\r\nINFO: Detected non-HTTP/2 connection.\r\n"}}
[debug] [2025-02-26T18:59:41.596Z] File C:\Users\night\Documents\GitHub\speedy\my-app\functions\index.js changed, reloading triggers {"metadata":{"emulator":{"name":"functions"},"message":"File C:\\Users\\night\\Documents\\GitHub\\speedy\\my-app\\functions\\index.js changed, reloading triggers"}}
[debug] [2025-02-26T18:59:42.604Z] Validating nodejs source
[debug] [2025-02-26T18:59:43.527Z] > [functions] package.json contents: {
  "name": "functions",
  "description": "Cloud Functions for Firebase",
  "scripts": {
    "serve": "firebase emulators:start --only functions",
    "shell": "firebase functions:shell",
    "start": "npm run shell",
    "deploy": "firebase deploy --only functions",
    "logs": "firebase functions:log"
  },
  "engines": {
    "node": "22"
  },
  "main": "index.js",
  "dependencies": {
    "firebase-admin": "^12.6.0",
    "firebase-functions": "^6.0.1"
  },
  "devDependencies": {
    "firebase-functions-test": "^3.1.0"
  },
  "private": true
}
[debug] [2025-02-26T18:59:43.527Z] Building nodejs source
[debug] [2025-02-26T18:59:43.527Z] Failed to find version of module node: reached end of search path C:\Users\night\Documents\GitHub\speedy\my-app\functions\node_modules
[warn] !  functions: Your requested "node" version "22" doesn't match your global version "20". Using node@20 from host. 
[debug] [2025-02-26T18:59:43.528Z] Could not find functions.yaml. Must use http discovery
[debug] [2025-02-26T18:59:43.532Z] Found firebase-functions binary at 'C:\Users\night\Documents\GitHub\speedy\my-app\functions\node_modules\.bin\firebase-functions'
[info] Serving at port 8111

[error] TypeError: functions.firestore.document is not a function
    at Object.<anonymous> (C:\Users\night\Documents\GitHub\speedy\my-app\functions\index.js:49:4)
    at Module._compile (node:internal/modules/cjs/loader:1241:14)
    at Module._extensions..js (node:internal/modules/cjs/loader:1295:10)
    at Module.load (node:internal/modules/cjs/loader:1091:32)
    at Module._load (node:internal/modules/cjs/loader:938:12)
    at Module.require (node:internal/modules/cjs/loader:1115:19)
    at require (node:internal/modules/helpers:130:18)
    at loadModule (C:\Users\night\Documents\GitHub\speedy\my-app\functions\node_modules\firebase-functions\lib\runtime\loader.js:40:16)
    at loadStack (C:\Users\night\Documents\GitHub\speedy\my-app\functions\node_modules\firebase-functions\lib\runtime\loader.js:157:23)
    at C:\Users\night\Documents\GitHub\speedy\my-app\functions\node_modules\firebase-functions\lib\bin\firebase-functions.js:56:56

[debug] [2025-02-26T18:59:43.955Z] Got response code 400; body Failed to generate manifest from function source: TypeError: functions.firestore.document is not a function
[error] !!  functions: Failed to load function definition from source: FirebaseError: Functions codebase could not be analyzed successfully. It may have a syntax or runtime error {"metadata":{"emulator":{"name":"functions"},"message":"Failed to load function definition from source: FirebaseError: Functions codebase could not be analyzed successfully. It may have a syntax or runtime error"}}
[debug] [2025-02-26T19:00:24.324Z] Feb. 26, 2025 2:00:24 P.M. io.gapi.emulators.netty.HttpVersionRoutingHandler channelRead
INFO: Detected non-HTTP/2 connection.
 {"metadata":{"emulator":{"name":"firestore"},"message":"Feb. 26, 2025 2:00:24 P.M. io.gapi.emulators.netty.HttpVersionRoutingHandler channelRead\r\nINFO: Detected non-HTTP/2 connection.\r\n"}}
[debug] [2025-02-26T19:01:10.256Z] Feb. 26, 2025 2:01:10 P.M. io.gapi.emulators.netty.HttpVersionRoutingHandler channelRead
INFO: Detected non-HTTP/2 connection.
 {"metadata":{"emulator":{"name":"firestore"},"message":"Feb. 26, 2025 2:01:10 P.M. io.gapi.emulators.netty.HttpVersionRoutingHandler channelRead\r\nINFO: Detected non-HTTP/2 connection.\r\n"}}
[debug] [2025-02-26T19:02:10.279Z] Feb. 26, 2025 2:02:10 P.M. io.gapi.emulators.netty.HttpVersionRoutingHandler channelRead
INFO: Detected non-HTTP/2 connection.
 {"metadata":{"emulator":{"name":"firestore"},"message":"Feb. 26, 2025 2:02:10 P.M. io.gapi.emulators.netty.HttpVersionRoutingHandler channelRead\r\nINFO: Detected non-HTTP/2 connection.\r\n"}}
[debug] [2025-02-26T19:03:10.299Z] Feb. 26, 2025 2:03:10 P.M. io.gapi.emulators.netty.HttpVersionRoutingHandler channelRead
INFO: Detected non-HTTP/2 connection.
 {"metadata":{"emulator":{"name":"firestore"},"message":"Feb. 26, 2025 2:03:10 P.M. io.gapi.emulators.netty.HttpVersionRoutingHandler channelRead\r\nINFO: Detected non-HTTP/2 connection.\r\n"}}
[debug] [2025-02-26T19:04:10.316Z] Feb. 26, 2025 2:04:10 P.M. io.gapi.emulators.netty.HttpVersionRoutingHandler channelRead
INFO: Detected non-HTTP/2 connection.
 {"metadata":{"emulator":{"name":"firestore"},"message":"Feb. 26, 2025 2:04:10 P.M. io.gapi.emulators.netty.HttpVersionRoutingHandler channelRead\r\nINFO: Detected non-HTTP/2 connection.\r\n"}}
[debug] [2025-02-26T19:05:10.349Z] Feb. 26, 2025 2:05:10 P.M. io.gapi.emulators.netty.HttpVersionRoutingHandler channelRead
INFO: Detected non-HTTP/2 connection.
 {"metadata":{"emulator":{"name":"firestore"},"message":"Feb. 26, 2025 2:05:10 P.M. io.gapi.emulators.netty.HttpVersionRoutingHandler channelRead\r\nINFO: Detected non-HTTP/2 connection.\r\n"}}
[debug] [2025-02-26T19:06:10.363Z] Feb. 26, 2025 2:06:10 P.M. io.gapi.emulators.netty.HttpVersionRoutingHandler channelRead
INFO: Detected non-HTTP/2 connection.
 {"metadata":{"emulator":{"name":"firestore"},"message":"Feb. 26, 2025 2:06:10 P.M. io.gapi.emulators.netty.HttpVersionRoutingHandler channelRead\r\nINFO: Detected non-HTTP/2 connection.\r\n"}}
[debug] [2025-02-26T19:07:10.374Z] Feb. 26, 2025 2:07:10 P.M. io.gapi.emulators.netty.HttpVersionRoutingHandler channelRead
INFO: Detected non-HTTP/2 connection.
 {"metadata":{"emulator":{"name":"firestore"},"message":"Feb. 26, 2025 2:07:10 P.M. io.gapi.emulators.netty.HttpVersionRoutingHandler channelRead\r\nINFO: Detected non-HTTP/2 connection.\r\n"}}
[debug] [2025-02-26T19:08:10.391Z] Feb. 26, 2025 2:08:10 P.M. io.gapi.emulators.netty.HttpVersionRoutingHandler channelRead
INFO: Detected non-HTTP/2 connection.
 {"metadata":{"emulator":{"name":"firestore"},"message":"Feb. 26, 2025 2:08:10 P.M. io.gapi.emulators.netty.HttpVersionRoutingHandler channelRead\r\nINFO: Detected non-HTTP/2 connection.\r\n"}}
[debug] [2025-02-26T19:09:10.400Z] Feb. 26, 2025 2:09:10 P.M. io.gapi.emulators.netty.HttpVersionRoutingHandler channelRead
INFO: Detected non-HTTP/2 connection.
 {"metadata":{"emulator":{"name":"firestore"},"message":"Feb. 26, 2025 2:09:10 P.M. io.gapi.emulators.netty.HttpVersionRoutingHandler channelRead\r\nINFO: Detected non-HTTP/2 connection.\r\n"}}
[debug] [2025-02-26T19:09:12.177Z] File C:\Users\night\Documents\GitHub\speedy\my-app\functions\index.js changed, reloading triggers {"metadata":{"emulator":{"name":"functions"},"message":"File C:\\Users\\night\\Documents\\GitHub\\speedy\\my-app\\functions\\index.js changed, reloading triggers"}}
[debug] [2025-02-26T19:09:13.177Z] Validating nodejs source
[debug] [2025-02-26T19:09:14.149Z] > [functions] package.json contents: {
  "name": "functions",
  "description": "Cloud Functions for Firebase",
  "scripts": {
    "serve": "firebase emulators:start --only functions",
    "shell": "firebase functions:shell",
    "start": "npm run shell",
    "deploy": "firebase deploy --only functions",
    "logs": "firebase functions:log"
  },
  "engines": {
    "node": "22"
  },
  "main": "index.js",
  "dependencies": {
    "firebase-admin": "^12.6.0",
    "firebase-functions": "^6.0.1"
  },
  "devDependencies": {
    "firebase-functions-test": "^3.1.0"
  },
  "private": true
}
[debug] [2025-02-26T19:09:14.150Z] Building nodejs source
[debug] [2025-02-26T19:09:14.150Z] Failed to find version of module node: reached end of search path C:\Users\night\Documents\GitHub\speedy\my-app\functions\node_modules
[warn] !  functions: Your requested "node" version "22" doesn't match your global version "20". Using node@20 from host. 
[debug] [2025-02-26T19:09:14.151Z] Could not find functions.yaml. Must use http discovery
[debug] [2025-02-26T19:09:14.155Z] Found firebase-functions binary at 'C:\Users\night\Documents\GitHub\speedy\my-app\functions\node_modules\.bin\firebase-functions'
[info] Serving at port 8243

[error] TypeError: functions.firestore.document is not a function
    at Object.<anonymous> (C:\Users\night\Documents\GitHub\speedy\my-app\functions\index.js:9:4)
    at Module._compile (node:internal/modules/cjs/loader:1241:14)
    at Module._extensions..js (node:internal/modules/cjs/loader:1295:10)
    at Module.load (node:internal/modules/cjs/loader:1091:32)
    at Module._load (node:internal/modules/cjs/loader:938:12)
    at Module.require (node:internal/modules/cjs/loader:1115:19)
    at require (node:internal/modules/helpers:130:18)
    at loadModule (C:\Users\night\Documents\GitHub\speedy\my-app\functions\node_modules\firebase-functions\lib\runtime\loader.js:40:16)
    at loadStack (C:\Users\night\Documents\GitHub\speedy\my-app\functions\node_modules\firebase-functions\lib\runtime\loader.js:157:23)
    at C:\Users\night\Documents\GitHub\speedy\my-app\functions\node_modules\firebase-functions\lib\bin\firebase-functions.js:56:56

[debug] [2025-02-26T19:09:14.571Z] Got response code 400; body Failed to generate manifest from function source: TypeError: functions.firestore.document is not a function
[error] !!  functions: Failed to load function definition from source: FirebaseError: Functions codebase could not be analyzed successfully. It may have a syntax or runtime error {"metadata":{"emulator":{"name":"functions"},"message":"Failed to load function definition from source: FirebaseError: Functions codebase could not be analyzed successfully. It may have a syntax or runtime error"}}
[debug] [2025-02-26T19:09:22.827Z] Feb. 26, 2025 2:09:22 P.M. com.google.cloud.datastore.emulator.firestore.websocket.WebSocketChannelHandler channelClosed
INFO: Websocket client disconnected
 {"metadata":{"emulator":{"name":"firestore"},"message":"Feb. 26, 2025 2:09:22 P.M. com.google.cloud.datastore.emulator.firestore.websocket.WebSocketChannelHandler channelClosed\r\nINFO: Websocket client disconnected\r\n"}}
[debug] [2025-02-26T19:09:23.314Z] Feb. 26, 2025 2:09:23 P.M. com.google.cloud.datastore.emulator.firestore.websocket.WebSocketChannelHandler initChannel
INFO: Connected to new websocket client
 {"metadata":{"emulator":{"name":"firestore"},"message":"Feb. 26, 2025 2:09:23 P.M. com.google.cloud.datastore.emulator.firestore.websocket.WebSocketChannelHandler initChannel\r\nINFO: Connected to new websocket client\r\n"}}
[debug] [2025-02-26T19:10:10.417Z] Feb. 26, 2025 2:10:10 P.M. io.gapi.emulators.netty.HttpVersionRoutingHandler channelRead
INFO: Detected non-HTTP/2 connection.
 {"metadata":{"emulator":{"name":"firestore"},"message":"Feb. 26, 2025 2:10:10 P.M. io.gapi.emulators.netty.HttpVersionRoutingHandler channelRead\r\nINFO: Detected non-HTTP/2 connection.\r\n"}}
[debug] [2025-02-26T19:11:10.434Z] Feb. 26, 2025 2:11:10 P.M. io.gapi.emulators.netty.HttpVersionRoutingHandler channelRead
INFO: Detected non-HTTP/2 connection.
 {"metadata":{"emulator":{"name":"firestore"},"message":"Feb. 26, 2025 2:11:10 P.M. io.gapi.emulators.netty.HttpVersionRoutingHandler channelRead\r\nINFO: Detected non-HTTP/2 connection.\r\n"}}
[debug] [2025-02-26T19:12:10.457Z] Feb. 26, 2025 2:12:10 P.M. io.gapi.emulators.netty.HttpVersionRoutingHandler channelRead
INFO: Detected non-HTTP/2 connection.
 {"metadata":{"emulator":{"name":"firestore"},"message":"Feb. 26, 2025 2:12:10 P.M. io.gapi.emulators.netty.HttpVersionRoutingHandler channelRead\r\nINFO: Detected non-HTTP/2 connection.\r\n"}}
[debug] [2025-02-26T19:13:10.472Z] Feb. 26, 2025 2:13:10 P.M. io.gapi.emulators.netty.HttpVersionRoutingHandler channelRead
INFO: Detected non-HTTP/2 connection.
 {"metadata":{"emulator":{"name":"firestore"},"message":"Feb. 26, 2025 2:13:10 P.M. io.gapi.emulators.netty.HttpVersionRoutingHandler channelRead\r\nINFO: Detected non-HTTP/2 connection.\r\n"}}
[debug] [2025-02-26T19:13:56.253Z] Feb. 26, 2025 2:13:56 P.M. io.gapi.emulators.netty.HttpVersionRoutingHandler channelRead
INFO: Detected non-HTTP/2 connection.
 {"metadata":{"emulator":{"name":"firestore"},"message":"Feb. 26, 2025 2:13:56 P.M. io.gapi.emulators.netty.HttpVersionRoutingHandler channelRead\r\nINFO: Detected non-HTTP/2 connection.\r\n"}}
[debug] [2025-02-26T19:14:56.282Z] Feb. 26, 2025 2:14:56 P.M. io.gapi.emulators.netty.HttpVersionRoutingHandler channelRead
INFO: Detected non-HTTP/2 connection.
 {"metadata":{"emulator":{"name":"firestore"},"message":"Feb. 26, 2025 2:14:56 P.M. io.gapi.emulators.netty.HttpVersionRoutingHandler channelRead\r\nINFO: Detected non-HTTP/2 connection.\r\n"}}
[debug] [2025-02-26T19:15:56.302Z] Feb. 26, 2025 2:15:56 P.M. io.gapi.emulators.netty.HttpVersionRoutingHandler channelRead
INFO: Detected non-HTTP/2 connection.
 {"metadata":{"emulator":{"name":"firestore"},"message":"Feb. 26, 2025 2:15:56 P.M. io.gapi.emulators.netty.HttpVersionRoutingHandler channelRead\r\nINFO: Detected non-HTTP/2 connection.\r\n"}}
[debug] [2025-02-26T19:16:35.368Z] File C:\Users\night\Documents\GitHub\speedy\my-app\functions\index.js changed, reloading triggers {"metadata":{"emulator":{"name":"functions"},"message":"File C:\\Users\\night\\Documents\\GitHub\\speedy\\my-app\\functions\\index.js changed, reloading triggers"}}
[debug] [2025-02-26T19:16:36.384Z] Validating nodejs source
[debug] [2025-02-26T19:16:37.389Z] > [functions] package.json contents: {
  "name": "functions",
  "description": "Cloud Functions for Firebase",
  "scripts": {
    "serve": "firebase emulators:start --only functions",
    "shell": "firebase functions:shell",
    "start": "npm run shell",
    "deploy": "firebase deploy --only functions",
    "logs": "firebase functions:log"
  },
  "engines": {
    "node": "22"
  },
  "main": "index.js",
  "dependencies": {
    "firebase-admin": "^12.6.0",
    "firebase-functions": "^6.0.1"
  },
  "devDependencies": {
    "firebase-functions-test": "^3.1.0"
  },
  "private": true
}
[debug] [2025-02-26T19:16:37.389Z] Building nodejs source
[debug] [2025-02-26T19:16:37.390Z] Failed to find version of module node: reached end of search path C:\Users\night\Documents\GitHub\speedy\my-app\functions\node_modules
[warn] !  functions: Your requested "node" version "22" doesn't match your global version "20". Using node@20 from host. 
[debug] [2025-02-26T19:16:37.390Z] Could not find functions.yaml. Must use http discovery
[debug] [2025-02-26T19:16:37.395Z] Found firebase-functions binary at 'C:\Users\night\Documents\GitHub\speedy\my-app\functions\node_modules\.bin\firebase-functions'
[debug] [2025-02-26T19:16:37.533Z] File C:\Users\night\Documents\GitHub\speedy\my-app\functions\index.js changed, reloading triggers {"metadata":{"emulator":{"name":"functions"},"message":"File C:\\Users\\night\\Documents\\GitHub\\speedy\\my-app\\functions\\index.js changed, reloading triggers"}}
[info] Serving at port 8343

[debug] [2025-02-26T19:16:37.750Z] Got response from /__/functions.yaml {"endpoints":{"addmessage":{"availableMemoryMb":null,"timeoutSeconds":null,"minInstances":null,"maxInstances":null,"ingressSettings":null,"concurrency":null,"serviceAccountEmail":null,"vpc":null,"platform":"gcfv2","labels":{},"httpsTrigger":{},"entryPoint":"addmessage"},"makeuppercase":{"availableMemoryMb":null,"timeoutSeconds":null,"minInstances":null,"maxInstances":null,"ingressSettings":null,"concurrency":null,"serviceAccountEmail":null,"vpc":null,"platform":"gcfv2","labels":{},"eventTrigger":{"eventType":"google.cloud.firestore.document.v1.created","eventFilters":{"database":"(default)","namespace":"(default)"},"eventFilterPathPatterns":{"document":"messages/{documentId}"},"retry":false},"entryPoint":"makeuppercase"}},"specVersion":"v1alpha1","requiredAPIs":[],"extensions":{}}
[debug] [2025-02-26T19:16:37.825Z] File C:\Users\night\Documents\GitHub\speedy\my-app\functions\index.js changed, reloading triggers {"metadata":{"emulator":{"name":"functions"},"message":"File C:\\Users\\night\\Documents\\GitHub\\speedy\\my-app\\functions\\index.js changed, reloading triggers"}}
[debug] [2025-02-26T19:16:38.022Z] File C:\Users\night\Documents\GitHub\speedy\my-app\functions\index.js changed, reloading triggers {"metadata":{"emulator":{"name":"functions"},"message":"File C:\\Users\\night\\Documents\\GitHub\\speedy\\my-app\\functions\\index.js changed, reloading triggers"}}
[debug] [2025-02-26T19:16:38.644Z] File C:\Users\night\Documents\GitHub\speedy\my-app\functions\index.js changed, reloading triggers {"metadata":{"emulator":{"name":"functions"},"message":"File C:\\Users\\night\\Documents\\GitHub\\speedy\\my-app\\functions\\index.js changed, reloading triggers"}}
[debug] [2025-02-26T19:16:39.646Z] Validating nodejs source
[debug] [2025-02-26T19:16:40.619Z] > [functions] package.json contents: {
  "name": "functions",
  "description": "Cloud Functions for Firebase",
  "scripts": {
    "serve": "firebase emulators:start --only functions",
    "shell": "firebase functions:shell",
    "start": "npm run shell",
    "deploy": "firebase deploy --only functions",
    "logs": "firebase functions:log"
  },
  "engines": {
    "node": "22"
  },
  "main": "index.js",
  "dependencies": {
    "firebase-admin": "^12.6.0",
    "firebase-functions": "^6.0.1"
  },
  "devDependencies": {
    "firebase-functions-test": "^3.1.0"
  },
  "private": true
}
[debug] [2025-02-26T19:16:40.619Z] Building nodejs source
[debug] [2025-02-26T19:16:40.619Z] Failed to find version of module node: reached end of search path C:\Users\night\Documents\GitHub\speedy\my-app\functions\node_modules
[warn] !  functions: Your requested "node" version "22" doesn't match your global version "20". Using node@20 from host. 
[debug] [2025-02-26T19:16:40.620Z] Could not find functions.yaml. Must use http discovery
[debug] [2025-02-26T19:16:40.624Z] Found firebase-functions binary at 'C:\Users\night\Documents\GitHub\speedy\my-app\functions\node_modules\.bin\firebase-functions'
[info] Serving at port 8911

[debug] [2025-02-26T19:16:41.006Z] Got response from /__/functions.yaml {"endpoints":{"addmessage":{"availableMemoryMb":null,"timeoutSeconds":null,"minInstances":null,"maxInstances":null,"ingressSettings":null,"concurrency":null,"serviceAccountEmail":null,"vpc":null,"platform":"gcfv2","labels":{},"httpsTrigger":{},"entryPoint":"addmessage"},"makeuppercase":{"availableMemoryMb":null,"timeoutSeconds":null,"minInstances":null,"maxInstances":null,"ingressSettings":null,"concurrency":null,"serviceAccountEmail":null,"vpc":null,"platform":"gcfv2","labels":{},"eventTrigger":{"eventType":"google.cloud.firestore.document.v1.created","eventFilters":{"database":"(default)","namespace":"(default)"},"eventFilterPathPatterns":{"document":"messages/{documentId}"},"retry":false},"entryPoint":"makeuppercase"}},"specVersion":"v1alpha1","requiredAPIs":[],"extensions":{}}
[debug] [2025-02-26T19:16:42.777Z] defaultcredentials: writing to file C:\Users\night\AppData\Roaming\firebase\sharjananstaniculas_gmail_com_application_default_credentials.json
[debug] [2025-02-26T19:16:42.778Z] Setting GAC to C:\Users\night\AppData\Roaming\firebase\sharjananstaniculas_gmail_com_application_default_credentials.json {"metadata":{"emulator":{"name":"functions"},"message":"Setting GAC to C:\\Users\\night\\AppData\\Roaming\\firebase\\sharjananstaniculas_gmail_com_application_default_credentials.json"}}
[info] +  functions: Loaded functions definitions from source: addmessage, makeuppercase. {"metadata":{"emulator":{"name":"functions"},"message":"Loaded functions definitions from source: addmessage, makeuppercase."}}
[debug] [2025-02-26T19:16:42.779Z] [worker-pool] Shutting down IDLE worker (us-central1-addmessage) {"metadata":{"emulator":{"name":"functions"},"message":"[worker-pool] Shutting down IDLE worker (us-central1-addmessage)"}}
[debug] [2025-02-26T19:16:42.779Z] [worker-us-central1-addmessage-9a972fd1-6268-4a8c-89f0-5787649c6ebe]: FINISHING {"metadata":{"emulator":{"name":"functions"},"function":{"name":"us-central1-addmessage"},"extension":{},"message":"[worker-us-central1-addmessage-9a972fd1-6268-4a8c-89f0-5787649c6ebe]: FINISHING"}}
[debug] [2025-02-26T19:16:42.780Z] [worker-pool] Shutting down IDLE worker (us-central1-makeuppercase) {"metadata":{"emulator":{"name":"functions"},"message":"[worker-pool] Shutting down IDLE worker (us-central1-makeuppercase)"}}
[debug] [2025-02-26T19:16:42.780Z] [worker-us-central1-makeuppercase-4efd11a8-2705-4e0c-9a28-4dcb05cb961e]: FINISHING {"metadata":{"emulator":{"name":"functions"},"function":{"name":"us-central1-makeuppercase"},"extension":{},"message":"[worker-us-central1-makeuppercase-4efd11a8-2705-4e0c-9a28-4dcb05cb961e]: FINISHING"}}
[debug] [2025-02-26T19:16:42.789Z] [worker-us-central1-addmessage-9a972fd1-6268-4a8c-89f0-5787649c6ebe]: exited {"metadata":{"emulator":{"name":"functions"},"function":{"name":"us-central1-addmessage"},"extension":{},"message":"[worker-us-central1-addmessage-9a972fd1-6268-4a8c-89f0-5787649c6ebe]: exited"}}
[debug] [2025-02-26T19:16:42.790Z] [worker-us-central1-addmessage-9a972fd1-6268-4a8c-89f0-5787649c6ebe]: FINISHED {"metadata":{"emulator":{"name":"functions"},"function":{"name":"us-central1-addmessage"},"extension":{},"message":"[worker-us-central1-addmessage-9a972fd1-6268-4a8c-89f0-5787649c6ebe]: FINISHED"}}
[debug] [2025-02-26T19:16:42.816Z] [worker-us-central1-makeuppercase-4efd11a8-2705-4e0c-9a28-4dcb05cb961e]: exited {"metadata":{"emulator":{"name":"functions"},"function":{"name":"us-central1-makeuppercase"},"extension":{},"message":"[worker-us-central1-makeuppercase-4efd11a8-2705-4e0c-9a28-4dcb05cb961e]: exited"}}
[debug] [2025-02-26T19:16:42.816Z] [worker-us-central1-makeuppercase-4efd11a8-2705-4e0c-9a28-4dcb05cb961e]: FINISHED {"metadata":{"emulator":{"name":"functions"},"function":{"name":"us-central1-makeuppercase"},"extension":{},"message":"[worker-us-central1-makeuppercase-4efd11a8-2705-4e0c-9a28-4dcb05cb961e]: FINISHED"}}
[debug] [2025-02-26T19:16:45.953Z] Feb. 26, 2025 2:16:45 P.M. com.google.cloud.datastore.emulator.firestore.websocket.WebSocketChannelHandler channelClosed
INFO: Websocket client disconnected
 {"metadata":{"emulator":{"name":"firestore"},"message":"Feb. 26, 2025 2:16:45 P.M. com.google.cloud.datastore.emulator.firestore.websocket.WebSocketChannelHandler channelClosed\r\nINFO: Websocket client disconnected\r\n"}}
[debug] [2025-02-26T19:16:46.041Z] defaultcredentials: writing to file C:\Users\night\AppData\Roaming\firebase\sharjananstaniculas_gmail_com_application_default_credentials.json
[debug] [2025-02-26T19:16:46.042Z] Setting GAC to C:\Users\night\AppData\Roaming\firebase\sharjananstaniculas_gmail_com_application_default_credentials.json {"metadata":{"emulator":{"name":"functions"},"message":"Setting GAC to C:\\Users\\night\\AppData\\Roaming\\firebase\\sharjananstaniculas_gmail_com_application_default_credentials.json"}}
[info] +  functions: Loaded functions definitions from source: addmessage, makeuppercase. {"metadata":{"emulator":{"name":"functions"},"message":"Loaded functions definitions from source: addmessage, makeuppercase."}}
[debug] [2025-02-26T19:16:46.169Z] Feb. 26, 2025 2:16:46 P.M. com.google.cloud.datastore.emulator.firestore.websocket.WebSocketChannelHandler initChannel
INFO: Connected to new websocket client
 {"metadata":{"emulator":{"name":"firestore"},"message":"Feb. 26, 2025 2:16:46 P.M. com.google.cloud.datastore.emulator.firestore.websocket.WebSocketChannelHandler initChannel\r\nINFO: Connected to new websocket client\r\n"}}
[debug] [2025-02-26T19:16:56.320Z] Feb. 26, 2025 2:16:56 P.M. io.gapi.emulators.netty.HttpVersionRoutingHandler channelRead
INFO: Detected non-HTTP/2 connection.
 {"metadata":{"emulator":{"name":"firestore"},"message":"Feb. 26, 2025 2:16:56 P.M. io.gapi.emulators.netty.HttpVersionRoutingHandler channelRead\r\nINFO: Detected non-HTTP/2 connection.\r\n"}}
[debug] [2025-02-26T19:17:35.050Z] File C:\Users\night\Documents\GitHub\speedy\my-app\functions\index.js changed, reloading triggers {"metadata":{"emulator":{"name":"functions"},"message":"File C:\\Users\\night\\Documents\\GitHub\\speedy\\my-app\\functions\\index.js changed, reloading triggers"}}
[debug] [2025-02-26T19:17:36.065Z] Validating nodejs source
[debug] [2025-02-26T19:17:37.009Z] > [functions] package.json contents: {
  "name": "functions",
  "description": "Cloud Functions for Firebase",
  "scripts": {
    "serve": "firebase emulators:start --only functions",
    "shell": "firebase functions:shell",
    "start": "npm run shell",
    "deploy": "firebase deploy --only functions",
    "logs": "firebase functions:log"
  },
  "engines": {
    "node": "22"
  },
  "main": "index.js",
  "dependencies": {
    "firebase-admin": "^12.6.0",
    "firebase-functions": "^6.0.1"
  },
  "devDependencies": {
    "firebase-functions-test": "^3.1.0"
  },
  "private": true
}
[debug] [2025-02-26T19:17:37.010Z] Building nodejs source
[debug] [2025-02-26T19:17:37.010Z] Failed to find version of module node: reached end of search path C:\Users\night\Documents\GitHub\speedy\my-app\functions\node_modules
[warn] !  functions: Your requested "node" version "22" doesn't match your global version "20". Using node@20 from host. 
[debug] [2025-02-26T19:17:37.011Z] Could not find functions.yaml. Must use http discovery
[debug] [2025-02-26T19:17:37.015Z] Found firebase-functions binary at 'C:\Users\night\Documents\GitHub\speedy\my-app\functions\node_modules\.bin\firebase-functions'
[info] Serving at port 8231

[debug] [2025-02-26T19:17:37.389Z] Got response from /__/functions.yaml {"endpoints":{"addmessage":{"availableMemoryMb":null,"timeoutSeconds":null,"minInstances":null,"maxInstances":null,"ingressSettings":null,"concurrency":null,"serviceAccountEmail":null,"vpc":null,"platform":"gcfv2","labels":{},"httpsTrigger":{},"entryPoint":"addmessage"},"makeuppercase":{"availableMemoryMb":null,"timeoutSeconds":null,"minInstances":null,"maxInstances":null,"ingressSettings":null,"concurrency":null,"serviceAccountEmail":null,"vpc":null,"platform":"gcfv2","labels":{},"eventTrigger":{"eventType":"google.cloud.firestore.document.v1.created","eventFilters":{"database":"(default)","namespace":"(default)"},"eventFilterPathPatterns":{"document":"messages/{documentId}"},"retry":false},"entryPoint":"makeuppercase"}},"specVersion":"v1alpha1","requiredAPIs":[],"extensions":{}}
[debug] [2025-02-26T19:17:42.423Z] defaultcredentials: writing to file C:\Users\night\AppData\Roaming\firebase\sharjananstaniculas_gmail_com_application_default_credentials.json
[debug] [2025-02-26T19:17:42.424Z] Setting GAC to C:\Users\night\AppData\Roaming\firebase\sharjananstaniculas_gmail_com_application_default_credentials.json {"metadata":{"emulator":{"name":"functions"},"message":"Setting GAC to C:\\Users\\night\\AppData\\Roaming\\firebase\\sharjananstaniculas_gmail_com_application_default_credentials.json"}}
[info] +  functions: Loaded functions definitions from source: addmessage, makeuppercase. {"metadata":{"emulator":{"name":"functions"},"message":"Loaded functions definitions from source: addmessage, makeuppercase."}}
[debug] [2025-02-26T19:17:56.348Z] Feb. 26, 2025 2:17:56 P.M. io.gapi.emulators.netty.HttpVersionRoutingHandler channelRead
INFO: Detected non-HTTP/2 connection.
 {"metadata":{"emulator":{"name":"firestore"},"message":"Feb. 26, 2025 2:17:56 P.M. io.gapi.emulators.netty.HttpVersionRoutingHandler channelRead\r\nINFO: Detected non-HTTP/2 connection.\r\n"}}
[debug] [2025-02-26T19:18:56.389Z] Feb. 26, 2025 2:18:56 P.M. io.gapi.emulators.netty.HttpVersionRoutingHandler channelRead
INFO: Detected non-HTTP/2 connection.
 {"metadata":{"emulator":{"name":"firestore"},"message":"Feb. 26, 2025 2:18:56 P.M. io.gapi.emulators.netty.HttpVersionRoutingHandler channelRead\r\nINFO: Detected non-HTTP/2 connection.\r\n"}}
[debug] [2025-02-26T19:19:56.408Z] Feb. 26, 2025 2:19:56 P.M. io.gapi.emulators.netty.HttpVersionRoutingHandler channelRead
INFO: Detected non-HTTP/2 connection.
 {"metadata":{"emulator":{"name":"firestore"},"message":"Feb. 26, 2025 2:19:56 P.M. io.gapi.emulators.netty.HttpVersionRoutingHandler channelRead\r\nINFO: Detected non-HTTP/2 connection.\r\n"}}
[debug] [2025-02-26T19:20:56.430Z] Feb. 26, 2025 2:20:56 P.M. io.gapi.emulators.netty.HttpVersionRoutingHandler channelRead
INFO: Detected non-HTTP/2 connection.
 {"metadata":{"emulator":{"name":"firestore"},"message":"Feb. 26, 2025 2:20:56 P.M. io.gapi.emulators.netty.HttpVersionRoutingHandler channelRead\r\nINFO: Detected non-HTTP/2 connection.\r\n"}}
[debug] [2025-02-26T19:21:56.454Z] Feb. 26, 2025 2:21:56 P.M. io.gapi.emulators.netty.HttpVersionRoutingHandler channelRead
INFO: Detected non-HTTP/2 connection.
 {"metadata":{"emulator":{"name":"firestore"},"message":"Feb. 26, 2025 2:21:56 P.M. io.gapi.emulators.netty.HttpVersionRoutingHandler channelRead\r\nINFO: Detected non-HTTP/2 connection.\r\n"}}
[debug] [2025-02-26T19:22:56.468Z] Feb. 26, 2025 2:22:56 P.M. io.gapi.emulators.netty.HttpVersionRoutingHandler channelRead
INFO: Detected non-HTTP/2 connection.
 {"metadata":{"emulator":{"name":"firestore"},"message":"Feb. 26, 2025 2:22:56 P.M. io.gapi.emulators.netty.HttpVersionRoutingHandler channelRead\r\nINFO: Detected non-HTTP/2 connection.\r\n"}}
[debug] [2025-02-26T19:23:56.486Z] Feb. 26, 2025 2:23:56 P.M. io.gapi.emulators.netty.HttpVersionRoutingHandler channelRead
INFO: Detected non-HTTP/2 connection.
 {"metadata":{"emulator":{"name":"firestore"},"message":"Feb. 26, 2025 2:23:56 P.M. io.gapi.emulators.netty.HttpVersionRoutingHandler channelRead\r\nINFO: Detected non-HTTP/2 connection.\r\n"}}
[debug] [2025-02-26T19:24:56.508Z] Feb. 26, 2025 2:24:56 P.M. io.gapi.emulators.netty.HttpVersionRoutingHandler channelRead
INFO: Detected non-HTTP/2 connection.
 {"metadata":{"emulator":{"name":"firestore"},"message":"Feb. 26, 2025 2:24:56 P.M. io.gapi.emulators.netty.HttpVersionRoutingHandler channelRead\r\nINFO: Detected non-HTTP/2 connection.\r\n"}}
[debug] [2025-02-26T19:25:37.483Z] File C:\Users\night\Documents\GitHub\speedy\my-app\functions\index.js changed, reloading triggers {"metadata":{"emulator":{"name":"functions"},"message":"File C:\\Users\\night\\Documents\\GitHub\\speedy\\my-app\\functions\\index.js changed, reloading triggers"}}
[debug] [2025-02-26T19:25:38.486Z] Validating nodejs source
[debug] [2025-02-26T19:25:39.603Z] > [functions] package.json contents: {
  "name": "functions",
  "description": "Cloud Functions for Firebase",
  "scripts": {
    "serve": "firebase emulators:start --only functions",
    "shell": "firebase functions:shell",
    "start": "npm run shell",
    "deploy": "firebase deploy --only functions",
    "logs": "firebase functions:log"
  },
  "engines": {
    "node": "22"
  },
  "main": "index.js",
  "dependencies": {
    "firebase-admin": "^12.6.0",
    "firebase-functions": "^6.0.1"
  },
  "devDependencies": {
    "firebase-functions-test": "^3.1.0"
  },
  "private": true
}
[debug] [2025-02-26T19:25:39.603Z] Building nodejs source
[debug] [2025-02-26T19:25:39.603Z] Failed to find version of module node: reached end of search path C:\Users\night\Documents\GitHub\speedy\my-app\functions\node_modules
[warn] !  functions: Your requested "node" version "22" doesn't match your global version "20". Using node@20 from host. 
[debug] [2025-02-26T19:25:39.604Z] Could not find functions.yaml. Must use http discovery
[debug] [2025-02-26T19:25:39.609Z] Found firebase-functions binary at 'C:\Users\night\Documents\GitHub\speedy\my-app\functions\node_modules\.bin\firebase-functions'
[info] Serving at port 8292

[debug] [2025-02-26T19:25:39.989Z] Got response from /__/functions.yaml {"endpoints":{"addmessage":{"availableMemoryMb":null,"timeoutSeconds":null,"minInstances":null,"maxInstances":null,"ingressSettings":null,"concurrency":null,"serviceAccountEmail":null,"vpc":null,"platform":"gcfv2","labels":{},"httpsTrigger":{},"entryPoint":"addmessage"},"makeuppercase":{"availableMemoryMb":null,"timeoutSeconds":null,"minInstances":null,"maxInstances":null,"ingressSettings":null,"concurrency":null,"serviceAccountEmail":null,"vpc":null,"platform":"gcfv2","labels":{},"eventTrigger":{"eventType":"google.cloud.firestore.document.v1.created","eventFilters":{"database":"(default)","namespace":"(default)"},"eventFilterPathPatterns":{"document":"messages/{documentId}"},"retry":false},"entryPoint":"makeuppercase"}},"specVersion":"v1alpha1","requiredAPIs":[],"extensions":{}}
[debug] [2025-02-26T19:25:42.260Z] Feb. 26, 2025 2:25:42 P.M. io.gapi.emulators.netty.HttpVersionRoutingHandler channelRead
INFO: Detected non-HTTP/2 connection.
 {"metadata":{"emulator":{"name":"firestore"},"message":"Feb. 26, 2025 2:25:42 P.M. io.gapi.emulators.netty.HttpVersionRoutingHandler channelRead\r\nINFO: Detected non-HTTP/2 connection.\r\n"}}
[debug] [2025-02-26T19:25:45.019Z] defaultcredentials: writing to file C:\Users\night\AppData\Roaming\firebase\sharjananstaniculas_gmail_com_application_default_credentials.json
[debug] [2025-02-26T19:25:45.019Z] Setting GAC to C:\Users\night\AppData\Roaming\firebase\sharjananstaniculas_gmail_com_application_default_credentials.json {"metadata":{"emulator":{"name":"functions"},"message":"Setting GAC to C:\\Users\\night\\AppData\\Roaming\\firebase\\sharjananstaniculas_gmail_com_application_default_credentials.json"}}
[info] +  functions: Loaded functions definitions from source: addmessage, makeuppercase. {"metadata":{"emulator":{"name":"functions"},"message":"Loaded functions definitions from source: addmessage, makeuppercase."}}
[debug] [2025-02-26T19:25:59.756Z] [work-queue] {"queuedWork":["/speedy-c4155/us-central1/addmessage-2025-02-26T19:25:59.756Z"],"queueLength":1,"runningWork":[],"workRunningCount":0}
[debug] [2025-02-26T19:25:59.756Z] [work-queue] {"queuedWork":[],"queueLength":0,"runningWork":["/speedy-c4155/us-central1/addmessage-2025-02-26T19:25:59.756Z"],"workRunningCount":1}
[debug] [2025-02-26T19:25:59.756Z] Accepted request GET /speedy-c4155/us-central1/addmessage?text=world --> us-central1-addmessage
[debug] [2025-02-26T19:25:59.758Z] [functions] Runtime ready! Sending request! {"metadata":{"emulator":{"name":"functions"},"message":"[functions] Runtime ready! Sending request!"}}
[debug] [2025-02-26T19:25:59.759Z] [functions] Got req.url=/speedy-c4155/us-central1/addmessage?text=world, mapping to path=/?text=world {"metadata":{"emulator":{"name":"functions"},"message":"[functions] Got req.url=/speedy-c4155/us-central1/addmessage?text=world, mapping to path=/?text=world"}}
[debug] [2025-02-26T19:25:59.759Z] [worker-pool] Cleaned up workers for us-central1-addmessage: 1 --> 0 {"metadata":{"emulator":{"name":"functions"},"message":"[worker-pool] Cleaned up workers for us-central1-addmessage: 1 --> 0"}}
[debug] [2025-02-26T19:25:59.759Z] [worker-pool] Cleaned up workers for us-central1-makeuppercase: 1 --> 0 {"metadata":{"emulator":{"name":"functions"},"message":"[worker-pool] Cleaned up workers for us-central1-makeuppercase: 1 --> 0"}}
[debug] [2025-02-26T19:25:59.764Z] [worker-pool] addWorker(us-central1-addmessage) {"metadata":{"emulator":{"name":"functions"},"message":"[worker-pool] addWorker(us-central1-addmessage)"}}
[debug] [2025-02-26T19:25:59.764Z] [worker-pool] Adding worker with key us-central1-addmessage, total=1 {"metadata":{"emulator":{"name":"functions"},"message":"[worker-pool] Adding worker with key us-central1-addmessage, total=1"}}
[debug] [2025-02-26T19:26:01.038Z] [runtime-status] [19788] Resolved module firebase-admin {"declared":true,"installed":true,"version":"12.7.0","resolution":"C:\\Users\\night\\Documents\\GitHub\\speedy\\my-app\\functions\\node_modules\\firebase-admin\\lib\\index.js"} {"metadata":{"emulator":{"name":"functions"},"function":{"name":"us-central1-addmessage"},"extension":{},"message":"[runtime-status] [19788] Resolved module firebase-admin {\"declared\":true,\"installed\":true,\"version\":\"12.7.0\",\"resolution\":\"C:\\\\Users\\\\night\\\\Documents\\\\GitHub\\\\speedy\\\\my-app\\\\functions\\\\node_modules\\\\firebase-admin\\\\lib\\\\index.js\"}"}}
[debug] [2025-02-26T19:26:01.039Z] [runtime-status] [19788] Resolved module firebase-functions {"declared":true,"installed":true,"version":"6.3.2","resolution":"C:\\Users\\night\\Documents\\GitHub\\speedy\\my-app\\functions\\node_modules\\firebase-functions\\lib\\v2\\index.js"} {"metadata":{"emulator":{"name":"functions"},"function":{"name":"us-central1-addmessage"},"extension":{},"message":"[runtime-status] [19788] Resolved module firebase-functions {\"declared\":true,\"installed\":true,\"version\":\"6.3.2\",\"resolution\":\"C:\\\\Users\\\\night\\\\Documents\\\\GitHub\\\\speedy\\\\my-app\\\\functions\\\\node_modules\\\\firebase-functions\\\\lib\\\\v2\\\\index.js\"}"}}
[debug] [2025-02-26T19:26:01.039Z] [runtime-status] [19788] Outgoing network have been stubbed. [{"name":"http","status":"mocked"},{"name":"http","status":"mocked"},{"name":"https","status":"mocked"},{"name":"https","status":"mocked"},{"name":"net","status":"mocked"}] {"metadata":{"emulator":{"name":"functions"},"function":{"name":"us-central1-addmessage"},"extension":{},"message":"[runtime-status] [19788] Outgoing network have been stubbed. [{\"name\":\"http\",\"status\":\"mocked\"},{\"name\":\"http\",\"status\":\"mocked\"},{\"name\":\"https\",\"status\":\"mocked\"},{\"name\":\"https\",\"status\":\"mocked\"},{\"name\":\"net\",\"status\":\"mocked\"}]"}}
[debug] [2025-02-26T19:26:01.039Z] [runtime-status] [19788] Resolved module firebase-functions {"declared":true,"installed":true,"version":"6.3.2","resolution":"C:\\Users\\night\\Documents\\GitHub\\speedy\\my-app\\functions\\node_modules\\firebase-functions\\lib\\v2\\index.js"} {"metadata":{"emulator":{"name":"functions"},"function":{"name":"us-central1-addmessage"},"extension":{},"message":"[runtime-status] [19788] Resolved module firebase-functions {\"declared\":true,\"installed\":true,\"version\":\"6.3.2\",\"resolution\":\"C:\\\\Users\\\\night\\\\Documents\\\\GitHub\\\\speedy\\\\my-app\\\\functions\\\\node_modules\\\\firebase-functions\\\\lib\\\\v2\\\\index.js\"}"}}
[debug] [2025-02-26T19:26:01.221Z] [runtime-status] [19788] Checked functions.config() {"config":{}} {"metadata":{"emulator":{"name":"functions"},"function":{"name":"us-central1-addmessage"},"extension":{},"message":"[runtime-status] [19788] Checked functions.config() {\"config\":{}}"}}
[debug] [2025-02-26T19:26:01.221Z] [runtime-status] [19788] firebase-functions has been stubbed. {"functionsResolution":{"declared":true,"installed":true,"version":"6.3.2","resolution":"C:\\Users\\night\\Documents\\GitHub\\speedy\\my-app\\functions\\node_modules\\firebase-functions\\lib\\v2\\index.js"}} {"metadata":{"emulator":{"name":"functions"},"function":{"name":"us-central1-addmessage"},"extension":{},"message":"[runtime-status] [19788] firebase-functions has been stubbed. {\"functionsResolution\":{\"declared\":true,\"installed\":true,\"version\":\"6.3.2\",\"resolution\":\"C:\\\\Users\\\\night\\\\Documents\\\\GitHub\\\\speedy\\\\my-app\\\\functions\\\\node_modules\\\\firebase-functions\\\\lib\\\\v2\\\\index.js\"}}"}}
[debug] [2025-02-26T19:26:01.221Z] [runtime-status] [19788] Resolved module firebase-functions {"declared":true,"installed":true,"version":"6.3.2","resolution":"C:\\Users\\night\\Documents\\GitHub\\speedy\\my-app\\functions\\node_modules\\firebase-functions\\lib\\v2\\index.js"} {"metadata":{"emulator":{"name":"functions"},"function":{"name":"us-central1-addmessage"},"extension":{},"message":"[runtime-status] [19788] Resolved module firebase-functions {\"declared\":true,\"installed\":true,\"version\":\"6.3.2\",\"resolution\":\"C:\\\\Users\\\\night\\\\Documents\\\\GitHub\\\\speedy\\\\my-app\\\\functions\\\\node_modules\\\\firebase-functions\\\\lib\\\\v2\\\\index.js\"}"}}
[debug] [2025-02-26T19:26:01.224Z] [runtime-status] [19788] Resolved module firebase-admin {"declared":true,"installed":true,"version":"12.7.0","resolution":"C:\\Users\\night\\Documents\\GitHub\\speedy\\my-app\\functions\\node_modules\\firebase-admin\\lib\\index.js"} {"metadata":{"emulator":{"name":"functions"},"function":{"name":"us-central1-addmessage"},"extension":{},"message":"[runtime-status] [19788] Resolved module firebase-admin {\"declared\":true,\"installed\":true,\"version\":\"12.7.0\",\"resolution\":\"C:\\\\Users\\\\night\\\\Documents\\\\GitHub\\\\speedy\\\\my-app\\\\functions\\\\node_modules\\\\firebase-admin\\\\lib\\\\index.js\"}"}}
[debug] [2025-02-26T19:26:01.225Z] [runtime-status] [19788] Resolved module firebase-functions {"declared":true,"installed":true,"version":"6.3.2","resolution":"C:\\Users\\night\\Documents\\GitHub\\speedy\\my-app\\functions\\node_modules\\firebase-functions\\lib\\v2\\index.js"} {"metadata":{"emulator":{"name":"functions"},"function":{"name":"us-central1-addmessage"},"extension":{},"message":"[runtime-status] [19788] Resolved module firebase-functions {\"declared\":true,\"installed\":true,\"version\":\"6.3.2\",\"resolution\":\"C:\\\\Users\\\\night\\\\Documents\\\\GitHub\\\\speedy\\\\my-app\\\\functions\\\\node_modules\\\\firebase-functions\\\\lib\\\\v2\\\\index.js\"}"}}
[debug] [2025-02-26T19:26:01.225Z] [runtime-status] [19788] firebase-admin has been stubbed. {"adminResolution":{"declared":true,"installed":true,"version":"12.7.0","resolution":"C:\\Users\\night\\Documents\\GitHub\\speedy\\my-app\\functions\\node_modules\\firebase-admin\\lib\\index.js"}} {"metadata":{"emulator":{"name":"functions"},"function":{"name":"us-central1-addmessage"},"extension":{},"message":"[runtime-status] [19788] firebase-admin has been stubbed. {\"adminResolution\":{\"declared\":true,\"installed\":true,\"version\":\"12.7.0\",\"resolution\":\"C:\\\\Users\\\\night\\\\Documents\\\\GitHub\\\\speedy\\\\my-app\\\\functions\\\\node_modules\\\\firebase-admin\\\\lib\\\\index.js\"}}"}}
[debug] [2025-02-26T19:26:01.231Z] [runtime-status] [19788] Functions runtime initialized. {"cwd":"C:\\Users\\night\\Documents\\GitHub\\speedy\\my-app\\functions","node_version":"20.8.0"} {"metadata":{"emulator":{"name":"functions"},"function":{"name":"us-central1-addmessage"},"extension":{},"message":"[runtime-status] [19788] Functions runtime initialized. {\"cwd\":\"C:\\\\Users\\\\night\\\\Documents\\\\GitHub\\\\speedy\\\\my-app\\\\functions\",\"node_version\":\"20.8.0\"}"}}
[debug] [2025-02-26T19:26:01.232Z] [runtime-status] [19788] Listening to port: \\?\pipe\fire_emu_481a64b2bf1c1bbb {"metadata":{"emulator":{"name":"functions"},"function":{"name":"us-central1-addmessage"},"extension":{},"message":"[runtime-status] [19788] Listening to port: \\\\?\\pipe\\fire_emu_481a64b2bf1c1bbb"}}
[debug] [2025-02-26T19:26:01.285Z] [worker-us-central1-addmessage-276aa598-0de5-4ae1-b66d-0a32047a578e]: IDLE {"metadata":{"emulator":{"name":"functions"},"function":{"name":"us-central1-addmessage"},"extension":{},"message":"[worker-us-central1-addmessage-276aa598-0de5-4ae1-b66d-0a32047a578e]: IDLE"}}
[debug] [2025-02-26T19:26:01.286Z] [worker-pool] submitRequest(triggerId=us-central1-addmessage) {"metadata":{"emulator":{"name":"functions"},"message":"[worker-pool] submitRequest(triggerId=us-central1-addmessage)"}}
[info] i  functions: Beginning execution of "us-central1-addmessage" {"metadata":{"emulator":{"name":"functions"},"function":{"name":"us-central1-addmessage"},"extension":{},"message":"Beginning execution of \"us-central1-addmessage\""}}
[debug] [2025-02-26T19:26:01.287Z] [worker-us-central1-addmessage-276aa598-0de5-4ae1-b66d-0a32047a578e]: BUSY {"metadata":{"emulator":{"name":"functions"},"function":{"name":"us-central1-addmessage"},"extension":{},"message":"[worker-us-central1-addmessage-276aa598-0de5-4ae1-b66d-0a32047a578e]: BUSY"}}
[debug] [2025-02-26T19:26:01.510Z] Feb. 26, 2025 2:26:01 P.M. io.gapi.emulators.netty.HttpVersionRoutingHandler channelRead
INFO: Detected HTTP/2 connection.
 {"metadata":{"emulator":{"name":"firestore"},"message":"Feb. 26, 2025 2:26:01 P.M. io.gapi.emulators.netty.HttpVersionRoutingHandler channelRead\r\nINFO: Detected HTTP/2 connection.\r\n"}}
[debug] [2025-02-26T19:26:01.555Z] [work-queue] {"queuedWork":["/functions/projects/speedy-c4155/triggers/us-central1-makeuppercase-0-2025-02-26T19:26:01.555Z"],"queueLength":1,"runningWork":["/speedy-c4155/us-central1/addmessage-2025-02-26T19:25:59.756Z"],"workRunningCount":1}
[debug] [2025-02-26T19:26:01.555Z] [work-queue] {"queuedWork":[],"queueLength":0,"runningWork":["/speedy-c4155/us-central1/addmessage-2025-02-26T19:25:59.756Z","/functions/projects/speedy-c4155/triggers/us-central1-makeuppercase-0-2025-02-26T19:26:01.555Z"],"workRunningCount":2}
[debug] [2025-02-26T19:26:01.555Z] Accepted request POST /functions/projects/speedy-c4155/triggers/us-central1-makeuppercase-0 --> us-central1-makeuppercase-0
[debug] [2025-02-26T19:26:01.556Z] [functions] Runtime ready! Sending request! {"metadata":{"emulator":{"name":"functions"},"message":"[functions] Runtime ready! Sending request!"}}
[debug] [2025-02-26T19:26:01.556Z] [functions] Got req.url=/functions/projects/speedy-c4155/triggers/us-central1-makeuppercase-0, mapping to path=/functions/projects/ {"metadata":{"emulator":{"name":"functions"},"message":"[functions] Got req.url=/functions/projects/speedy-c4155/triggers/us-central1-makeuppercase-0, mapping to path=/functions/projects/"}}
[debug] [2025-02-26T19:26:01.562Z] [worker-pool] addWorker(us-central1-makeuppercase) {"metadata":{"emulator":{"name":"functions"},"message":"[worker-pool] addWorker(us-central1-makeuppercase)"}}
[debug] [2025-02-26T19:26:01.563Z] [worker-pool] Adding worker with key us-central1-makeuppercase, total=1 {"metadata":{"emulator":{"name":"functions"},"message":"[worker-pool] Adding worker with key us-central1-makeuppercase, total=1"}}
[debug] [2025-02-26T19:26:01.565Z] Finishing up request with event=pause {"metadata":{"emulator":{"name":"functions"},"function":{"name":"us-central1-addmessage"},"extension":{},"message":"Finishing up request with event=pause"}}
[info] i  functions: Finished "us-central1-addmessage" in 278.4138ms {"metadata":{"emulator":{"name":"functions"},"function":{"name":"us-central1-addmessage"},"extension":{},"message":"Finished \"us-central1-addmessage\" in 278.4138ms"}}
[debug] [2025-02-26T19:26:01.566Z] [worker-us-central1-addmessage-276aa598-0de5-4ae1-b66d-0a32047a578e]: IDLE {"metadata":{"emulator":{"name":"functions"},"function":{"name":"us-central1-addmessage"},"extension":{},"message":"[worker-us-central1-addmessage-276aa598-0de5-4ae1-b66d-0a32047a578e]: IDLE"}}
[debug] [2025-02-26T19:26:01.566Z] Finishing up request with event=finish {"metadata":{"emulator":{"name":"functions"},"function":{"name":"us-central1-addmessage"},"extension":{},"message":"Finishing up request with event=finish"}}
[debug] [2025-02-26T19:26:01.566Z] Finishing up request with event=close {"metadata":{"emulator":{"name":"functions"},"function":{"name":"us-central1-addmessage"},"extension":{},"message":"Finishing up request with event=close"}}
[debug] [2025-02-26T19:26:01.566Z] [work-queue] {"queuedWork":[],"queueLength":0,"runningWork":["/functions/projects/speedy-c4155/triggers/us-central1-makeuppercase-0-2025-02-26T19:26:01.555Z"],"workRunningCount":1}
[debug] [2025-02-26T19:26:02.582Z] [runtime-status] [2136] Resolved module firebase-admin {"declared":true,"installed":true,"version":"12.7.0","resolution":"C:\\Users\\night\\Documents\\GitHub\\speedy\\my-app\\functions\\node_modules\\firebase-admin\\lib\\index.js"} {"metadata":{"emulator":{"name":"functions"},"function":{"name":"us-central1-makeuppercase"},"extension":{},"message":"[runtime-status] [2136] Resolved module firebase-admin {\"declared\":true,\"installed\":true,\"version\":\"12.7.0\",\"resolution\":\"C:\\\\Users\\\\night\\\\Documents\\\\GitHub\\\\speedy\\\\my-app\\\\functions\\\\node_modules\\\\firebase-admin\\\\lib\\\\index.js\"}"}}
[debug] [2025-02-26T19:26:02.584Z] [runtime-status] [2136] Resolved module firebase-functions {"declared":true,"installed":true,"version":"6.3.2","resolution":"C:\\Users\\night\\Documents\\GitHub\\speedy\\my-app\\functions\\node_modules\\firebase-functions\\lib\\v2\\index.js"} {"metadata":{"emulator":{"name":"functions"},"function":{"name":"us-central1-makeuppercase"},"extension":{},"message":"[runtime-status] [2136] Resolved module firebase-functions {\"declared\":true,\"installed\":true,\"version\":\"6.3.2\",\"resolution\":\"C:\\\\Users\\\\night\\\\Documents\\\\GitHub\\\\speedy\\\\my-app\\\\functions\\\\node_modules\\\\firebase-functions\\\\lib\\\\v2\\\\index.js\"}"}}
[debug] [2025-02-26T19:26:02.585Z] [runtime-status] [2136] Outgoing network have been stubbed. [{"name":"http","status":"mocked"},{"name":"http","status":"mocked"},{"name":"https","status":"mocked"},{"name":"https","status":"mocked"},{"name":"net","status":"mocked"}] {"metadata":{"emulator":{"name":"functions"},"function":{"name":"us-central1-makeuppercase"},"extension":{},"message":"[runtime-status] [2136] Outgoing network have been stubbed. [{\"name\":\"http\",\"status\":\"mocked\"},{\"name\":\"http\",\"status\":\"mocked\"},{\"name\":\"https\",\"status\":\"mocked\"},{\"name\":\"https\",\"status\":\"mocked\"},{\"name\":\"net\",\"status\":\"mocked\"}]"}}
[debug] [2025-02-26T19:26:02.585Z] [runtime-status] [2136] Resolved module firebase-functions {"declared":true,"installed":true,"version":"6.3.2","resolution":"C:\\Users\\night\\Documents\\GitHub\\speedy\\my-app\\functions\\node_modules\\firebase-functions\\lib\\v2\\index.js"} {"metadata":{"emulator":{"name":"functions"},"function":{"name":"us-central1-makeuppercase"},"extension":{},"message":"[runtime-status] [2136] Resolved module firebase-functions {\"declared\":true,\"installed\":true,\"version\":\"6.3.2\",\"resolution\":\"C:\\\\Users\\\\night\\\\Documents\\\\GitHub\\\\speedy\\\\my-app\\\\functions\\\\node_modules\\\\firebase-functions\\\\lib\\\\v2\\\\index.js\"}"}}
[debug] [2025-02-26T19:26:02.774Z] [runtime-status] [2136] Checked functions.config() {"config":{}} {"metadata":{"emulator":{"name":"functions"},"function":{"name":"us-central1-makeuppercase"},"extension":{},"message":"[runtime-status] [2136] Checked functions.config() {\"config\":{}}"}}
[debug] [2025-02-26T19:26:02.774Z] [runtime-status] [2136] firebase-functions has been stubbed. {"functionsResolution":{"declared":true,"installed":true,"version":"6.3.2","resolution":"C:\\Users\\night\\Documents\\GitHub\\speedy\\my-app\\functions\\node_modules\\firebase-functions\\lib\\v2\\index.js"}} {"metadata":{"emulator":{"name":"functions"},"function":{"name":"us-central1-makeuppercase"},"extension":{},"message":"[runtime-status] [2136] firebase-functions has been stubbed. {\"functionsResolution\":{\"declared\":true,\"installed\":true,\"version\":\"6.3.2\",\"resolution\":\"C:\\\\Users\\\\night\\\\Documents\\\\GitHub\\\\speedy\\\\my-app\\\\functions\\\\node_modules\\\\firebase-functions\\\\lib\\\\v2\\\\index.js\"}}"}}
[debug] [2025-02-26T19:26:02.774Z] [runtime-status] [2136] Resolved module firebase-functions {"declared":true,"installed":true,"version":"6.3.2","resolution":"C:\\Users\\night\\Documents\\GitHub\\speedy\\my-app\\functions\\node_modules\\firebase-functions\\lib\\v2\\index.js"} {"metadata":{"emulator":{"name":"functions"},"function":{"name":"us-central1-makeuppercase"},"extension":{},"message":"[runtime-status] [2136] Resolved module firebase-functions {\"declared\":true,\"installed\":true,\"version\":\"6.3.2\",\"resolution\":\"C:\\\\Users\\\\night\\\\Documents\\\\GitHub\\\\speedy\\\\my-app\\\\functions\\\\node_modules\\\\firebase-functions\\\\lib\\\\v2\\\\index.js\"}"}}
[debug] [2025-02-26T19:26:02.777Z] [runtime-status] [2136] Resolved module firebase-admin {"declared":true,"installed":true,"version":"12.7.0","resolution":"C:\\Users\\night\\Documents\\GitHub\\speedy\\my-app\\functions\\node_modules\\firebase-admin\\lib\\index.js"} {"metadata":{"emulator":{"name":"functions"},"function":{"name":"us-central1-makeuppercase"},"extension":{},"message":"[runtime-status] [2136] Resolved module firebase-admin {\"declared\":true,\"installed\":true,\"version\":\"12.7.0\",\"resolution\":\"C:\\\\Users\\\\night\\\\Documents\\\\GitHub\\\\speedy\\\\my-app\\\\functions\\\\node_modules\\\\firebase-admin\\\\lib\\\\index.js\"}"}}
[debug] [2025-02-26T19:26:02.778Z] [runtime-status] [2136] Resolved module firebase-functions {"declared":true,"installed":true,"version":"6.3.2","resolution":"C:\\Users\\night\\Documents\\GitHub\\speedy\\my-app\\functions\\node_modules\\firebase-functions\\lib\\v2\\index.js"} {"metadata":{"emulator":{"name":"functions"},"function":{"name":"us-central1-makeuppercase"},"extension":{},"message":"[runtime-status] [2136] Resolved module firebase-functions {\"declared\":true,\"installed\":true,\"version\":\"6.3.2\",\"resolution\":\"C:\\\\Users\\\\night\\\\Documents\\\\GitHub\\\\speedy\\\\my-app\\\\functions\\\\node_modules\\\\firebase-functions\\\\lib\\\\v2\\\\index.js\"}"}}
[debug] [2025-02-26T19:26:02.778Z] [runtime-status] [2136] firebase-admin has been stubbed. {"adminResolution":{"declared":true,"installed":true,"version":"12.7.0","resolution":"C:\\Users\\night\\Documents\\GitHub\\speedy\\my-app\\functions\\node_modules\\firebase-admin\\lib\\index.js"}} {"metadata":{"emulator":{"name":"functions"},"function":{"name":"us-central1-makeuppercase"},"extension":{},"message":"[runtime-status] [2136] firebase-admin has been stubbed. {\"adminResolution\":{\"declared\":true,\"installed\":true,\"version\":\"12.7.0\",\"resolution\":\"C:\\\\Users\\\\night\\\\Documents\\\\GitHub\\\\speedy\\\\my-app\\\\functions\\\\node_modules\\\\firebase-admin\\\\lib\\\\index.js\"}}"}}
[debug] [2025-02-26T19:26:02.785Z] [runtime-status] [2136] Functions runtime initialized. {"cwd":"C:\\Users\\night\\Documents\\GitHub\\speedy\\my-app\\functions","node_version":"20.8.0"} {"metadata":{"emulator":{"name":"functions"},"function":{"name":"us-central1-makeuppercase"},"extension":{},"message":"[runtime-status] [2136] Functions runtime initialized. {\"cwd\":\"C:\\\\Users\\\\night\\\\Documents\\\\GitHub\\\\speedy\\\\my-app\\\\functions\",\"node_version\":\"20.8.0\"}"}}
[debug] [2025-02-26T19:26:02.785Z] [runtime-status] [2136] Listening to port: \\?\pipe\fire_emu_cdb8a11fe7c969c4 {"metadata":{"emulator":{"name":"functions"},"function":{"name":"us-central1-makeuppercase"},"extension":{},"message":"[runtime-status] [2136] Listening to port: \\\\?\\pipe\\fire_emu_cdb8a11fe7c969c4"}}
[debug] [2025-02-26T19:26:02.874Z] [worker-us-central1-makeuppercase-4b15ea92-533d-42a5-9793-26945afc9378]: IDLE {"metadata":{"emulator":{"name":"functions"},"function":{"name":"us-central1-makeuppercase"},"extension":{},"message":"[worker-us-central1-makeuppercase-4b15ea92-533d-42a5-9793-26945afc9378]: IDLE"}}
[debug] [2025-02-26T19:26:02.874Z] [worker-pool] submitRequest(triggerId=us-central1-makeuppercase) {"metadata":{"emulator":{"name":"functions"},"message":"[worker-pool] submitRequest(triggerId=us-central1-makeuppercase)"}}
[info] i  functions: Beginning execution of "us-central1-makeuppercase" {"metadata":{"emulator":{"name":"functions"},"function":{"name":"us-central1-makeuppercase"},"extension":{},"message":"Beginning execution of \"us-central1-makeuppercase\""}}
[debug] [2025-02-26T19:26:02.875Z] [worker-us-central1-makeuppercase-4b15ea92-533d-42a5-9793-26945afc9378]: BUSY {"metadata":{"emulator":{"name":"functions"},"function":{"name":"us-central1-makeuppercase"},"extension":{},"message":"[worker-us-central1-makeuppercase-4b15ea92-533d-42a5-9793-26945afc9378]: BUSY"}}
[debug] [2025-02-26T19:26:02.878Z] [runtime-status] [2136] RunCloudEvent {"specversion":"1.0","type":"google.cloud.firestore.document.v1.created","source":"//firestore.googleapis.com/projects/projects/speedy-c4155/databases/(default)","id":"52720e7c-61fc-4ea1-bd97-3c5abda6c04c","subject":"documents/messages/WzkIOvSvfGcZZ6C3X8xL","time":"2025-02-26T19:26:01Z","datacontenttype":"application/protobuf","dataschema":"https://github.com/googleapis/google-cloudevents/blob/main/proto/google/events/cloud/firestore/v1/data.proto","location":"us-central1","project":"speedy-c4155","database":"(default)","namespace":"(default)","document":"messages/WzkIOvSvfGcZZ6C3X8xL","data":{"type":"Buffer","data":[10,133,1,10,81,112,114,111,106,101,99,116,115,47,115,112,101,101,100,121,45,99,52,49,53,53,47,100,97,116,97,98,97,115,101,115,47,40,100,101,102,97,117,108,116,41,47,100,111,99,117,109,101,110,116,115,47,109,101,115,115,97,103,101,115,47,87,122,107,73,79,118,83,118,102,71,99,90,90,54,67,51,88,56,120,76,18,20,10,8,111,114,105,103,105,110,97,108,18,8,138,1,5,119,111,114,108,100,26,12,8,201,213,253,189,6,16,248,135,166,246,1,34,12,8,201,213,253,189,6,16,248,135,166,246,1,26,0]}} {"metadata":{"emulator":{"name":"functions"},"function":{"name":"us-central1-makeuppercase"},"extension":{},"message":"[runtime-status] [2136] RunCloudEvent {\"specversion\":\"1.0\",\"type\":\"google.cloud.firestore.document.v1.created\",\"source\":\"//firestore.googleapis.com/projects/projects/speedy-c4155/databases/(default)\",\"id\":\"52720e7c-61fc-4ea1-bd97-3c5abda6c04c\",\"subject\":\"documents/messages/WzkIOvSvfGcZZ6C3X8xL\",\"time\":\"2025-02-26T19:26:01Z\",\"datacontenttype\":\"application/protobuf\",\"dataschema\":\"https://github.com/googleapis/google-cloudevents/blob/main/proto/google/events/cloud/firestore/v1/data.proto\",\"location\":\"us-central1\",\"project\":\"speedy-c4155\",\"database\":\"(default)\",\"namespace\":\"(default)\",\"document\":\"messages/WzkIOvSvfGcZZ6C3X8xL\",\"data\":{\"type\":\"Buffer\",\"data\":[10,133,1,10,81,112,114,111,106,101,99,116,115,47,115,112,101,101,100,121,45,99,52,49,53,53,47,100,97,116,97,98,97,115,101,115,47,40,100,101,102,97,117,108,116,41,47,100,111,99,117,109,101,110,116,115,47,109,101,115,115,97,103,101,115,47,87,122,107,73,79,118,83,118,102,71,99,90,90,54,67,51,88,56,120,76,18,20,10,8,111,114,105,103,105,110,97,108,18,8,138,1,5,119,111,114,108,100,26,12,8,201,213,253,189,6,16,248,135,166,246,1,34,12,8,201,213,253,189,6,16,248,135,166,246,1,26,0]}}"}}
[info] >  {"severity":"INFO","message":"Uppercasing WzkIOvSvfGcZZ6C3X8xL world"} {"user":{"severity":"INFO","message":"Uppercasing WzkIOvSvfGcZZ6C3X8xL world"},"metadata":{"emulator":{"name":"functions"},"function":{"name":"us-central1-makeuppercase"},"extension":{},"message":"\u001b[90m> \u001b[39m {\"severity\":\"INFO\",\"message\":\"Uppercasing WzkIOvSvfGcZZ6C3X8xL world\"}"}}
[debug] [2025-02-26T19:26:03.122Z] Feb. 26, 2025 2:26:03 P.M. io.gapi.emulators.netty.HttpVersionRoutingHandler channelRead
INFO: Detected HTTP/2 connection.
 {"metadata":{"emulator":{"name":"firestore"},"message":"Feb. 26, 2025 2:26:03 P.M. io.gapi.emulators.netty.HttpVersionRoutingHandler channelRead\r\nINFO: Detected HTTP/2 connection.\r\n"}}
[debug] [2025-02-26T19:26:03.138Z] Finishing up request with event=pause {"metadata":{"emulator":{"name":"functions"},"function":{"name":"us-central1-makeuppercase"},"extension":{},"message":"Finishing up request with event=pause"}}
[info] i  functions: Finished "us-central1-makeuppercase" in 263.6295ms {"metadata":{"emulator":{"name":"functions"},"function":{"name":"us-central1-makeuppercase"},"extension":{},"message":"Finished \"us-central1-makeuppercase\" in 263.6295ms"}}
[debug] [2025-02-26T19:26:03.139Z] [worker-us-central1-makeuppercase-4b15ea92-533d-42a5-9793-26945afc9378]: IDLE {"metadata":{"emulator":{"name":"functions"},"function":{"name":"us-central1-makeuppercase"},"extension":{},"message":"[worker-us-central1-makeuppercase-4b15ea92-533d-42a5-9793-26945afc9378]: IDLE"}}
[debug] [2025-02-26T19:26:03.139Z] Finishing up request with event=finish {"metadata":{"emulator":{"name":"functions"},"function":{"name":"us-central1-makeuppercase"},"extension":{},"message":"Finishing up request with event=finish"}}
[debug] [2025-02-26T19:26:03.139Z] Finishing up request with event=close {"metadata":{"emulator":{"name":"functions"},"function":{"name":"us-central1-makeuppercase"},"extension":{},"message":"Finishing up request with event=close"}}
[debug] [2025-02-26T19:26:03.139Z] [work-queue] {"queuedWork":[],"queueLength":0,"runningWork":[],"workRunningCount":0}
[debug] [2025-02-26T19:26:05.907Z] Feb. 26, 2025 2:26:05 P.M. com.google.cloud.datastore.emulator.firestore.websocket.WebSocketChannelHandler channelClosed
INFO: Websocket client disconnected
 {"metadata":{"emulator":{"name":"firestore"},"message":"Feb. 26, 2025 2:26:05 P.M. com.google.cloud.datastore.emulator.firestore.websocket.WebSocketChannelHandler channelClosed\r\nINFO: Websocket client disconnected\r\n"}}
[debug] [2025-02-26T19:26:05.910Z] Feb. 26, 2025 2:26:05 P.M. com.google.cloud.datastore.emulator.firestore.websocket.WebSocketChannelHandler initChannel
INFO: Connected to new websocket client
 {"metadata":{"emulator":{"name":"firestore"},"message":"Feb. 26, 2025 2:26:05 P.M. com.google.cloud.datastore.emulator.firestore.websocket.WebSocketChannelHandler initChannel\r\nINFO: Connected to new websocket client\r\n"}}
[debug] [2025-02-26T19:26:08.794Z] Feb. 26, 2025 2:26:08 P.M. io.gapi.emulators.netty.HttpVersionRoutingHandler channelRead
INFO: Detected non-HTTP/2 connection.
 {"metadata":{"emulator":{"name":"firestore"},"message":"Feb. 26, 2025 2:26:08 P.M. io.gapi.emulators.netty.HttpVersionRoutingHandler channelRead\r\nINFO: Detected non-HTTP/2 connection.\r\n"}}
[debug] [2025-02-26T19:26:08.798Z] Feb. 26, 2025 2:26:08 P.M. io.gapi.emulators.netty.HttpVersionRoutingHandler channelRead
INFO: Detected non-HTTP/2 connection.
 {"metadata":{"emulator":{"name":"firestore"},"message":"Feb. 26, 2025 2:26:08 P.M. io.gapi.emulators.netty.HttpVersionRoutingHandler channelRead\r\nINFO: Detected non-HTTP/2 connection.\r\n"}}
[debug] [2025-02-26T19:26:08.798Z] Feb. 26, 2025 2:26:08 P.M. io.gapi.emulators.netty.HttpVersionRoutingHandler channelRead
INFO: Detected non-HTTP/2 connection.
 {"metadata":{"emulator":{"name":"firestore"},"message":"Feb. 26, 2025 2:26:08 P.M. io.gapi.emulators.netty.HttpVersionRoutingHandler channelRead\r\nINFO: Detected non-HTTP/2 connection.\r\n"}}
[debug] [2025-02-26T19:26:08.807Z] Feb. 26, 2025 2:26:08 P.M. com.google.cloud.datastore.emulator.firestore.websocket.WebSocketChannelHandler channelClosed
INFO: Websocket client disconnected
 {"metadata":{"emulator":{"name":"firestore"},"message":"Feb. 26, 2025 2:26:08 P.M. com.google.cloud.datastore.emulator.firestore.websocket.WebSocketChannelHandler channelClosed\r\nINFO: Websocket client disconnected\r\n"}}
[debug] [2025-02-26T19:26:08.813Z] Feb. 26, 2025 2:26:08 P.M. com.google.cloud.datastore.emulator.firestore.websocket.WebSocketChannelHandler initChannel
INFO: Connected to new websocket client
 {"metadata":{"emulator":{"name":"firestore"},"message":"Feb. 26, 2025 2:26:08 P.M. com.google.cloud.datastore.emulator.firestore.websocket.WebSocketChannelHandler initChannel\r\nINFO: Connected to new websocket client\r\n"}}
[debug] [2025-02-26T19:26:08.814Z] Feb. 26, 2025 2:26:08 P.M. io.gapi.emulators.netty.HttpVersionRoutingHandler channelRead
INFO: Detected non-HTTP/2 connection.
 {"metadata":{"emulator":{"name":"firestore"},"message":"Feb. 26, 2025 2:26:08 P.M. io.gapi.emulators.netty.HttpVersionRoutingHandler channelRead\r\nINFO: Detected non-HTTP/2 connection.\r\n"}}
[debug] [2025-02-26T19:26:08.840Z] Feb. 26, 2025 2:26:08 P.M. io.gapi.emulators.netty.HttpVersionRoutingHandler channelRead
INFO: Detected non-HTTP/2 connection.
 {"metadata":{"emulator":{"name":"firestore"},"message":"Feb. 26, 2025 2:26:08 P.M. io.gapi.emulators.netty.HttpVersionRoutingHandler channelRead\r\nINFO: Detected non-HTTP/2 connection.\r\n"}}
[debug] [2025-02-26T19:26:08.851Z] Feb. 26, 2025 2:26:08 P.M. com.google.cloud.datastore.emulator.firestore.webchannel.FirestoreV1WebChannelAdapter$FirestoreListenHandler onClose
INFO: channel closed
 {"metadata":{"emulator":{"name":"firestore"},"message":"Feb. 26, 2025 2:26:08 P.M. com.google.cloud.datastore.emulator.firestore.webchannel.FirestoreV1WebChannelAdapter$FirestoreListenHandler onClose\r\nINFO: channel closed\r\n"}}
[debug] [2025-02-26T19:26:08.874Z] Feb. 26, 2025 2:26:08 P.M. io.gapi.emulators.netty.HttpVersionRoutingHandler channelRead
INFO: Detected non-HTTP/2 connection.
 {"metadata":{"emulator":{"name":"firestore"},"message":"Feb. 26, 2025 2:26:08 P.M. io.gapi.emulators.netty.HttpVersionRoutingHandler channelRead\r\nINFO: Detected non-HTTP/2 connection.\r\n"}}
[debug] [2025-02-26T19:26:08.885Z] Feb. 26, 2025 2:26:08 P.M. io.gapi.emulators.netty.HttpVersionRoutingHandler channelRead
INFO: Detected non-HTTP/2 connection.
 {"metadata":{"emulator":{"name":"firestore"},"message":"Feb. 26, 2025 2:26:08 P.M. io.gapi.emulators.netty.HttpVersionRoutingHandler channelRead\r\nINFO: Detected non-HTTP/2 connection.\r\n"}}
[debug] [2025-02-26T19:26:11.301Z] Feb. 26, 2025 2:26:11 P.M. io.gapi.emulators.netty.HttpVersionRoutingHandler channelRead
INFO: Detected non-HTTP/2 connection.
 {"metadata":{"emulator":{"name":"firestore"},"message":"Feb. 26, 2025 2:26:11 P.M. io.gapi.emulators.netty.HttpVersionRoutingHandler channelRead\r\nINFO: Detected non-HTTP/2 connection.\r\n"}}
[debug] [2025-02-26T19:26:11.379Z] Feb. 26, 2025 2:26:11 P.M. io.gapi.emulators.netty.HttpVersionRoutingHandler channelRead
INFO: Detected non-HTTP/2 connection.
 {"metadata":{"emulator":{"name":"firestore"},"message":"Feb. 26, 2025 2:26:11 P.M. io.gapi.emulators.netty.HttpVersionRoutingHandler channelRead\r\nINFO: Detected non-HTTP/2 connection.\r\n"}}
[debug] [2025-02-26T19:26:11.484Z] Feb. 26, 2025 2:26:11 P.M. io.gapi.emulators.netty.HttpVersionRoutingHandler channelRead
INFO: Detected non-HTTP/2 connection.
 {"metadata":{"emulator":{"name":"firestore"},"message":"Feb. 26, 2025 2:26:11 P.M. io.gapi.emulators.netty.HttpVersionRoutingHandler channelRead\r\nINFO: Detected non-HTTP/2 connection.\r\n"}}
[debug] [2025-02-26T19:26:13.014Z] Feb. 26, 2025 2:26:13 P.M. io.gapi.emulators.netty.HttpVersionRoutingHandler channelRead
INFO: Detected non-HTTP/2 connection.
 {"metadata":{"emulator":{"name":"firestore"},"message":"Feb. 26, 2025 2:26:13 P.M. io.gapi.emulators.netty.HttpVersionRoutingHandler channelRead\r\nINFO: Detected non-HTTP/2 connection.\r\n"}}
[debug] [2025-02-26T19:27:13.038Z] Feb. 26, 2025 2:27:13 P.M. io.gapi.emulators.netty.HttpVersionRoutingHandler channelRead
INFO: Detected non-HTTP/2 connection.
 {"metadata":{"emulator":{"name":"firestore"},"message":"Feb. 26, 2025 2:27:13 P.M. io.gapi.emulators.netty.HttpVersionRoutingHandler channelRead\r\nINFO: Detected non-HTTP/2 connection.\r\n"}}
[debug] [2025-02-26T19:28:13.052Z] Feb. 26, 2025 2:28:13 P.M. io.gapi.emulators.netty.HttpVersionRoutingHandler channelRead
INFO: Detected non-HTTP/2 connection.
 {"metadata":{"emulator":{"name":"firestore"},"message":"Feb. 26, 2025 2:28:13 P.M. io.gapi.emulators.netty.HttpVersionRoutingHandler channelRead\r\nINFO: Detected non-HTTP/2 connection.\r\n"}}
[debug] [2025-02-26T19:29:11.650Z] File C:\Users\night\Documents\GitHub\speedy\my-app\functions\index.js changed, reloading triggers {"metadata":{"emulator":{"name":"functions"},"message":"File C:\\Users\\night\\Documents\\GitHub\\speedy\\my-app\\functions\\index.js changed, reloading triggers"}}
[debug] [2025-02-26T19:29:12.663Z] Validating nodejs source
[debug] [2025-02-26T19:29:13.646Z] > [functions] package.json contents: {
  "name": "functions",
  "description": "Cloud Functions for Firebase",
  "scripts": {
    "serve": "firebase emulators:start --only functions",
    "shell": "firebase functions:shell",
    "start": "npm run shell",
    "deploy": "firebase deploy --only functions",
    "logs": "firebase functions:log"
  },
  "engines": {
    "node": "22"
  },
  "main": "index.js",
  "dependencies": {
    "firebase-admin": "^12.6.0",
    "firebase-functions": "^6.0.1"
  },
  "devDependencies": {
    "firebase-functions-test": "^3.1.0"
  },
  "private": true
}
[debug] [2025-02-26T19:29:13.646Z] Building nodejs source
[debug] [2025-02-26T19:29:13.646Z] Failed to find version of module node: reached end of search path C:\Users\night\Documents\GitHub\speedy\my-app\functions\node_modules
[warn] !  functions: Your requested "node" version "22" doesn't match your global version "20". Using node@20 from host. 
[debug] [2025-02-26T19:29:13.647Z] Could not find functions.yaml. Must use http discovery
[debug] [2025-02-26T19:29:13.652Z] Found firebase-functions binary at 'C:\Users\night\Documents\GitHub\speedy\my-app\functions\node_modules\.bin\firebase-functions'
[debug] [2025-02-26T19:29:13.663Z] Feb. 26, 2025 2:29:13 P.M. io.gapi.emulators.netty.HttpVersionRoutingHandler channelRead
INFO: Detected non-HTTP/2 connection.
 {"metadata":{"emulator":{"name":"firestore"},"message":"Feb. 26, 2025 2:29:13 P.M. io.gapi.emulators.netty.HttpVersionRoutingHandler channelRead\r\nINFO: Detected non-HTTP/2 connection.\r\n"}}
[info] Serving at port 8915

[debug] [2025-02-26T19:29:14.018Z] Got response from /__/functions.yaml {"endpoints":{"addmessage":{"availableMemoryMb":null,"timeoutSeconds":null,"minInstances":null,"maxInstances":null,"ingressSettings":null,"concurrency":null,"serviceAccountEmail":null,"vpc":null,"platform":"gcfv2","labels":{},"httpsTrigger":{},"entryPoint":"addmessage"},"makeuppercase":{"availableMemoryMb":null,"timeoutSeconds":null,"minInstances":null,"maxInstances":null,"ingressSettings":null,"concurrency":null,"serviceAccountEmail":null,"vpc":null,"platform":"gcfv2","labels":{},"eventTrigger":{"eventType":"google.cloud.firestore.document.v1.created","eventFilters":{"database":"(default)","namespace":"(default)"},"eventFilterPathPatterns":{"document":"messages/{documentId}"},"retry":false},"entryPoint":"makeuppercase"}},"specVersion":"v1alpha1","requiredAPIs":[],"extensions":{}}
[debug] [2025-02-26T19:29:19.044Z] defaultcredentials: writing to file C:\Users\night\AppData\Roaming\firebase\sharjananstaniculas_gmail_com_application_default_credentials.json
[debug] [2025-02-26T19:29:19.045Z] Setting GAC to C:\Users\night\AppData\Roaming\firebase\sharjananstaniculas_gmail_com_application_default_credentials.json {"metadata":{"emulator":{"name":"functions"},"message":"Setting GAC to C:\\Users\\night\\AppData\\Roaming\\firebase\\sharjananstaniculas_gmail_com_application_default_credentials.json"}}
[info] +  functions: Loaded functions definitions from source: addmessage, makeuppercase. {"metadata":{"emulator":{"name":"functions"},"message":"Loaded functions definitions from source: addmessage, makeuppercase."}}
[debug] [2025-02-26T19:29:19.046Z] [worker-pool] Shutting down IDLE worker (us-central1-addmessage) {"metadata":{"emulator":{"name":"functions"},"message":"[worker-pool] Shutting down IDLE worker (us-central1-addmessage)"}}
[debug] [2025-02-26T19:29:19.046Z] [worker-us-central1-addmessage-276aa598-0de5-4ae1-b66d-0a32047a578e]: FINISHING {"metadata":{"emulator":{"name":"functions"},"function":{"name":"us-central1-addmessage"},"extension":{},"message":"[worker-us-central1-addmessage-276aa598-0de5-4ae1-b66d-0a32047a578e]: FINISHING"}}
[debug] [2025-02-26T19:29:19.047Z] [worker-pool] Shutting down IDLE worker (us-central1-makeuppercase) {"metadata":{"emulator":{"name":"functions"},"message":"[worker-pool] Shutting down IDLE worker (us-central1-makeuppercase)"}}
[debug] [2025-02-26T19:29:19.047Z] [worker-us-central1-makeuppercase-4b15ea92-533d-42a5-9793-26945afc9378]: FINISHING {"metadata":{"emulator":{"name":"functions"},"function":{"name":"us-central1-makeuppercase"},"extension":{},"message":"[worker-us-central1-makeuppercase-4b15ea92-533d-42a5-9793-26945afc9378]: FINISHING"}}
[debug] [2025-02-26T19:29:19.058Z] [worker-us-central1-makeuppercase-4b15ea92-533d-42a5-9793-26945afc9378]: exited {"metadata":{"emulator":{"name":"functions"},"function":{"name":"us-central1-makeuppercase"},"extension":{},"message":"[worker-us-central1-makeuppercase-4b15ea92-533d-42a5-9793-26945afc9378]: exited"}}
[debug] [2025-02-26T19:29:19.059Z] [worker-us-central1-makeuppercase-4b15ea92-533d-42a5-9793-26945afc9378]: FINISHED {"metadata":{"emulator":{"name":"functions"},"function":{"name":"us-central1-makeuppercase"},"extension":{},"message":"[worker-us-central1-makeuppercase-4b15ea92-533d-42a5-9793-26945afc9378]: FINISHED"}}
[debug] [2025-02-26T19:29:19.059Z] [worker-us-central1-addmessage-276aa598-0de5-4ae1-b66d-0a32047a578e]: exited {"metadata":{"emulator":{"name":"functions"},"function":{"name":"us-central1-addmessage"},"extension":{},"message":"[worker-us-central1-addmessage-276aa598-0de5-4ae1-b66d-0a32047a578e]: exited"}}
[debug] [2025-02-26T19:29:19.059Z] [worker-us-central1-addmessage-276aa598-0de5-4ae1-b66d-0a32047a578e]: FINISHED {"metadata":{"emulator":{"name":"functions"},"function":{"name":"us-central1-addmessage"},"extension":{},"message":"[worker-us-central1-addmessage-276aa598-0de5-4ae1-b66d-0a32047a578e]: FINISHED"}}
[debug] [2025-02-26T19:29:19.076Z] Feb. 26, 2025 2:29:19 P.M. io.netty.channel.DefaultChannelPipeline onUnhandledInboundException
WARNING: An exceptionCaught() event was fired, and it reached at the tail of the pipeline. It usually means the last handler in the pipeline did not handle the exception.
java.net.SocketException: Connection reset
	at java.base/sun.nio.ch.SocketChannelImpl.throwConnectionReset(SocketChannelImpl.java:394)
	at java.base/sun.nio.ch.SocketChannelImpl.read(SocketChannelImpl.java:426)
	at io.netty.buffer.PooledByteBuf.setBytes(PooledByteBuf.java:255)
	at io.netty.buffer.AbstractByteBuf.writeBytes(AbstractByteBuf.java:1132)
	at io.netty.channel.socket.nio.NioSocketChannel.doReadBytes(NioSocketChannel.java:356)
	at io.netty.channel.nio.AbstractNioByteChannel$NioByteUnsafe.read(AbstractNioByteChannel.java:151)
	at io.netty.channel.nio.NioEventLoop.processSelectedKey(NioEventLoop.java:788)
	at io.netty.channel.nio.NioEventLoop.processSelectedKeysOptimized(NioEventLoop.java:724)
	at io.netty.channel.nio.NioEventLoop.processSelectedKeys(NioEventLoop.java:650)
	at io.netty.channel.nio.NioEventLoop.run(NioEventLoop.java:562)
	at io.netty.util.concurrent.SingleThreadEventExecutor$4.run(SingleThreadEventExecutor.java:994)
	at io.netty.util.internal.ThreadExecutorMap$2.run(ThreadExecutorMap.java:74)
	at io.netty.util.concurrent.FastThreadLocalRunnable.run(FastThreadLocalRunnable.java:30)
	at java.base/java.lang.Thread.run(Thread.java:842)

 {"metadata":{"emulator":{"name":"firestore"},"message":"Feb. 26, 2025 2:29:19 P.M. io.netty.channel.DefaultChannelPipeline onUnhandledInboundException\r\nWARNING: An exceptionCaught() event was fired, and it reached at the tail of the pipeline. It usually means the last handler in the pipeline did not handle the exception.\r\njava.net.SocketException: Connection reset\r\n\tat java.base/sun.nio.ch.SocketChannelImpl.throwConnectionReset(SocketChannelImpl.java:394)\r\n\tat java.base/sun.nio.ch.SocketChannelImpl.read(SocketChannelImpl.java:426)\r\n\tat io.netty.buffer.PooledByteBuf.setBytes(PooledByteBuf.java:255)\r\n\tat io.netty.buffer.AbstractByteBuf.writeBytes(AbstractByteBuf.java:1132)\r\n\tat io.netty.channel.socket.nio.NioSocketChannel.doReadBytes(NioSocketChannel.java:356)\r\n\tat io.netty.channel.nio.AbstractNioByteChannel$NioByteUnsafe.read(AbstractNioByteChannel.java:151)\r\n\tat io.netty.channel.nio.NioEventLoop.processSelectedKey(NioEventLoop.java:788)\r\n\tat io.netty.channel.nio.NioEventLoop.processSelectedKeysOptimized(NioEventLoop.java:724)\r\n\tat io.netty.channel.nio.NioEventLoop.processSelectedKeys(NioEventLoop.java:650)\r\n\tat io.netty.channel.nio.NioEventLoop.run(NioEventLoop.java:562)\r\n\tat io.netty.util.concurrent.SingleThreadEventExecutor$4.run(SingleThreadEventExecutor.java:994)\r\n\tat io.netty.util.internal.ThreadExecutorMap$2.run(ThreadExecutorMap.java:74)\r\n\tat io.netty.util.concurrent.FastThreadLocalRunnable.run(FastThreadLocalRunnable.java:30)\r\n\tat java.base/java.lang.Thread.run(Thread.java:842)\r\n\r\n"}}
[debug] [2025-02-26T19:29:19.076Z] Feb. 26, 2025 2:29:19 P.M. io.netty.channel.DefaultChannelPipeline onUnhandledInboundException
WARNING: An exceptionCaught() event was fired, and it reached at the tail of the pipeline. It usually means the last handler in the pipeline did not handle the exception.
java.net.SocketException: Connection reset
	at java.base/sun.nio.ch.SocketChannelImpl.throwConnectionReset(SocketChannelImpl.java:394)
	at java.base/sun.nio.ch.SocketChannelImpl.read(SocketChannelImpl.java:426)
	at io.netty.buffer.PooledByteBuf.setBytes(PooledByteBuf.java:255)
	at io.netty.buffer.AbstractByteBuf.writeBytes(AbstractByteBuf.java:1132)
	at io.netty.channel.socket.nio.NioSocketChannel.doReadBytes(NioSocketChannel.java:356)
	at io.netty.channel.nio.AbstractNioByteChannel$NioByteUnsafe.read(AbstractNioByteChannel.java:151)
	at io.netty.channel.nio.NioEventLoop.processSelectedKey(NioEventLoop.java:788)
	at io.netty.channel.nio.NioEventLoop.processSelectedKeysOptimized(NioEventLoop.java:724)
	at io.netty.channel.nio.NioEventLoop.processSelectedKeys(NioEventLoop.java:650)
	at io.netty.channel.nio.NioEventLoop.run(NioEventLoop.java:562)
	at io.netty.util.concurrent.SingleThreadEventExecutor$4.run(SingleThreadEventExecutor.java:994)
	at io.netty.util.internal.ThreadExecutorMap$2.run(ThreadExecutorMap.java:74)
	at io.netty.util.concurrent.FastThreadLocalRunnable.run(FastThreadLocalRunnable.java:30)
	at java.base/java.lang.Thread.run(Thread.java:842)

 {"metadata":{"emulator":{"name":"firestore"},"message":"Feb. 26, 2025 2:29:19 P.M. io.netty.channel.DefaultChannelPipeline onUnhandledInboundException\r\nWARNING: An exceptionCaught() event was fired, and it reached at the tail of the pipeline. It usually means the last handler in the pipeline did not handle the exception.\r\njava.net.SocketException: Connection reset\r\n\tat java.base/sun.nio.ch.SocketChannelImpl.throwConnectionReset(SocketChannelImpl.java:394)\r\n\tat java.base/sun.nio.ch.SocketChannelImpl.read(SocketChannelImpl.java:426)\r\n\tat io.netty.buffer.PooledByteBuf.setBytes(PooledByteBuf.java:255)\r\n\tat io.netty.buffer.AbstractByteBuf.writeBytes(AbstractByteBuf.java:1132)\r\n\tat io.netty.channel.socket.nio.NioSocketChannel.doReadBytes(NioSocketChannel.java:356)\r\n\tat io.netty.channel.nio.AbstractNioByteChannel$NioByteUnsafe.read(AbstractNioByteChannel.java:151)\r\n\tat io.netty.channel.nio.NioEventLoop.processSelectedKey(NioEventLoop.java:788)\r\n\tat io.netty.channel.nio.NioEventLoop.processSelectedKeysOptimized(NioEventLoop.java:724)\r\n\tat io.netty.channel.nio.NioEventLoop.processSelectedKeys(NioEventLoop.java:650)\r\n\tat io.netty.channel.nio.NioEventLoop.run(NioEventLoop.java:562)\r\n\tat io.netty.util.concurrent.SingleThreadEventExecutor$4.run(SingleThreadEventExecutor.java:994)\r\n\tat io.netty.util.internal.ThreadExecutorMap$2.run(ThreadExecutorMap.java:74)\r\n\tat io.netty.util.concurrent.FastThreadLocalRunnable.run(FastThreadLocalRunnable.java:30)\r\n\tat java.base/java.lang.Thread.run(Thread.java:842)\r\n\r\n"}}
[debug] [2025-02-26T19:30:13.098Z] Feb. 26, 2025 2:30:13 P.M. io.gapi.emulators.netty.HttpVersionRoutingHandler channelRead
INFO: Detected non-HTTP/2 connection.
 {"metadata":{"emulator":{"name":"firestore"},"message":"Feb. 26, 2025 2:30:13 P.M. io.gapi.emulators.netty.HttpVersionRoutingHandler channelRead\r\nINFO: Detected non-HTTP/2 connection.\r\n"}}
[debug] [2025-02-26T19:31:13.108Z] Feb. 26, 2025 2:31:13 P.M. io.gapi.emulators.netty.HttpVersionRoutingHandler channelRead
INFO: Detected non-HTTP/2 connection.
 {"metadata":{"emulator":{"name":"firestore"},"message":"Feb. 26, 2025 2:31:13 P.M. io.gapi.emulators.netty.HttpVersionRoutingHandler channelRead\r\nINFO: Detected non-HTTP/2 connection.\r\n"}}
[debug] [2025-02-26T19:32:13.123Z] Feb. 26, 2025 2:32:13 P.M. io.gapi.emulators.netty.HttpVersionRoutingHandler channelRead
INFO: Detected non-HTTP/2 connection.
 {"metadata":{"emulator":{"name":"firestore"},"message":"Feb. 26, 2025 2:32:13 P.M. io.gapi.emulators.netty.HttpVersionRoutingHandler channelRead\r\nINFO: Detected non-HTTP/2 connection.\r\n"}}
[debug] [2025-02-26T19:32:58.266Z] Feb. 26, 2025 2:32:58 P.M. io.gapi.emulators.netty.HttpVersionRoutingHandler channelRead
INFO: Detected non-HTTP/2 connection.
 {"metadata":{"emulator":{"name":"firestore"},"message":"Feb. 26, 2025 2:32:58 P.M. io.gapi.emulators.netty.HttpVersionRoutingHandler channelRead\r\nINFO: Detected non-HTTP/2 connection.\r\n"}}
[debug] [2025-02-26T19:33:58.311Z] Feb. 26, 2025 2:33:58 P.M. io.gapi.emulators.netty.HttpVersionRoutingHandler channelRead
INFO: Detected non-HTTP/2 connection.
 {"metadata":{"emulator":{"name":"firestore"},"message":"Feb. 26, 2025 2:33:58 P.M. io.gapi.emulators.netty.HttpVersionRoutingHandler channelRead\r\nINFO: Detected non-HTTP/2 connection.\r\n"}}
[debug] [2025-02-26T19:34:44.277Z] Feb. 26, 2025 2:34:44 P.M. io.gapi.emulators.netty.HttpVersionRoutingHandler channelRead
INFO: Detected non-HTTP/2 connection.
 {"metadata":{"emulator":{"name":"firestore"},"message":"Feb. 26, 2025 2:34:44 P.M. io.gapi.emulators.netty.HttpVersionRoutingHandler channelRead\r\nINFO: Detected non-HTTP/2 connection.\r\n"}}
[debug] [2025-02-26T19:35:44.304Z] Feb. 26, 2025 2:35:44 P.M. io.gapi.emulators.netty.HttpVersionRoutingHandler channelRead
INFO: Detected non-HTTP/2 connection.
 {"metadata":{"emulator":{"name":"firestore"},"message":"Feb. 26, 2025 2:35:44 P.M. io.gapi.emulators.netty.HttpVersionRoutingHandler channelRead\r\nINFO: Detected non-HTTP/2 connection.\r\n"}}
[debug] [2025-02-26T19:36:30.252Z] Feb. 26, 2025 2:36:30 P.M. io.gapi.emulators.netty.HttpVersionRoutingHandler channelRead
INFO: Detected non-HTTP/2 connection.
 {"metadata":{"emulator":{"name":"firestore"},"message":"Feb. 26, 2025 2:36:30 P.M. io.gapi.emulators.netty.HttpVersionRoutingHandler channelRead\r\nINFO: Detected non-HTTP/2 connection.\r\n"}}
[debug] [2025-02-26T19:36:45.083Z] File C:\Users\night\Documents\GitHub\speedy\my-app\functions\index.js changed, reloading triggers {"metadata":{"emulator":{"name":"functions"},"message":"File C:\\Users\\night\\Documents\\GitHub\\speedy\\my-app\\functions\\index.js changed, reloading triggers"}}
[debug] [2025-02-26T19:36:46.088Z] Validating nodejs source
[debug] [2025-02-26T19:36:47.079Z] > [functions] package.json contents: {
  "name": "functions",
  "description": "Cloud Functions for Firebase",
  "scripts": {
    "serve": "firebase emulators:start --only functions",
    "shell": "firebase functions:shell",
    "start": "npm run shell",
    "deploy": "firebase deploy --only functions",
    "logs": "firebase functions:log"
  },
  "engines": {
    "node": "22"
  },
  "main": "index.js",
  "dependencies": {
    "firebase-admin": "^12.6.0",
    "firebase-functions": "^6.0.1"
  },
  "devDependencies": {
    "firebase-functions-test": "^3.1.0"
  },
  "private": true
}
[debug] [2025-02-26T19:36:47.079Z] Building nodejs source
[debug] [2025-02-26T19:36:47.079Z] Failed to find version of module node: reached end of search path C:\Users\night\Documents\GitHub\speedy\my-app\functions\node_modules
[warn] !  functions: Your requested "node" version "22" doesn't match your global version "20". Using node@20 from host. 
[debug] [2025-02-26T19:36:47.081Z] Could not find functions.yaml. Must use http discovery
[debug] [2025-02-26T19:36:47.085Z] Found firebase-functions binary at 'C:\Users\night\Documents\GitHub\speedy\my-app\functions\node_modules\.bin\firebase-functions'
[info] Serving at port 8334

[error] C:\Users\night\Documents\GitHub\speedy\my-app\functions\index.js:22
  });
  ^

SyntaxError: Missing catch or finally after try
    at internalCompileFunction (node:internal/vm:73:18)
    at wrapSafe (node:internal/modules/cjs/loader:1153:20)
    at Module._compile (node:internal/modules/cjs/loader:1205:27)
    at Module._extensions..js (node:internal/modules/cjs/loader:1295:10)
    at Module.load (node:internal/modules/cjs/loader:1091:32)
    at Module._load (node:internal/modules/cjs/loader:938:12)
    at Module.require (node:internal/modules/cjs/loader:1115:19)
    at require (node:internal/modules/helpers:130:18)
    at loadModule (C:\Users\night\Documents\GitHub\speedy\my-app\functions\node_modules\firebase-functions\lib\runtime\loader.js:40:16)
    at loadStack (C:\Users\night\Documents\GitHub\speedy\my-app\functions\node_modules\firebase-functions\lib\runtime\loader.js:157:23)

[debug] [2025-02-26T19:36:47.276Z] Got response code 400; body Failed to generate manifest from function source: SyntaxError: Missing catch or finally after try
[error] !!  functions: Failed to load function definition from source: FirebaseError: Functions codebase could not be analyzed successfully. It may have a syntax or runtime error {"metadata":{"emulator":{"name":"functions"},"message":"Failed to load function definition from source: FirebaseError: Functions codebase could not be analyzed successfully. It may have a syntax or runtime error"}}
[debug] [2025-02-26T19:36:54.646Z] File C:\Users\night\Documents\GitHub\speedy\my-app\functions\index.js changed, reloading triggers {"metadata":{"emulator":{"name":"functions"},"message":"File C:\\Users\\night\\Documents\\GitHub\\speedy\\my-app\\functions\\index.js changed, reloading triggers"}}
[debug] [2025-02-26T19:36:55.649Z] Validating nodejs source
[debug] [2025-02-26T19:36:56.609Z] > [functions] package.json contents: {
  "name": "functions",
  "description": "Cloud Functions for Firebase",
  "scripts": {
    "serve": "firebase emulators:start --only functions",
    "shell": "firebase functions:shell",
    "start": "npm run shell",
    "deploy": "firebase deploy --only functions",
    "logs": "firebase functions:log"
  },
  "engines": {
    "node": "22"
  },
  "main": "index.js",
  "dependencies": {
    "firebase-admin": "^12.6.0",
    "firebase-functions": "^6.0.1"
  },
  "devDependencies": {
    "firebase-functions-test": "^3.1.0"
  },
  "private": true
}
[debug] [2025-02-26T19:36:56.610Z] Building nodejs source
[debug] [2025-02-26T19:36:56.610Z] Failed to find version of module node: reached end of search path C:\Users\night\Documents\GitHub\speedy\my-app\functions\node_modules
[warn] !  functions: Your requested "node" version "22" doesn't match your global version "20". Using node@20 from host. 
[debug] [2025-02-26T19:36:56.611Z] Could not find functions.yaml. Must use http discovery
[debug] [2025-02-26T19:36:56.615Z] Found firebase-functions binary at 'C:\Users\night\Documents\GitHub\speedy\my-app\functions\node_modules\.bin\firebase-functions'
[info] Serving at port 8204

[error] C:\Users\night\Documents\GitHub\speedy\my-app\functions\index.js:22
  });
  ^

SyntaxError: Missing catch or finally after try
    at internalCompileFunction (node:internal/vm:73:18)
    at wrapSafe (node:internal/modules/cjs/loader:1153:20)
    at Module._compile (node:internal/modules/cjs/loader:1205:27)
    at Module._extensions..js (node:internal/modules/cjs/loader:1295:10)
    at Module.load (node:internal/modules/cjs/loader:1091:32)
    at Module._load (node:internal/modules/cjs/loader:938:12)
    at Module.require (node:internal/modules/cjs/loader:1115:19)
    at require (node:internal/modules/helpers:130:18)
    at loadModule (C:\Users\night\Documents\GitHub\speedy\my-app\functions\node_modules\firebase-functions\lib\runtime\loader.js:40:16)
    at loadStack (C:\Users\night\Documents\GitHub\speedy\my-app\functions\node_modules\firebase-functions\lib\runtime\loader.js:157:23)

[debug] [2025-02-26T19:36:56.781Z] Got response code 400; body Failed to generate manifest from function source: SyntaxError: Missing catch or finally after try
[error] !!  functions: Failed to load function definition from source: FirebaseError: Functions codebase could not be analyzed successfully. It may have a syntax or runtime error {"metadata":{"emulator":{"name":"functions"},"message":"Failed to load function definition from source: FirebaseError: Functions codebase could not be analyzed successfully. It may have a syntax or runtime error"}}
[debug] [2025-02-26T19:37:30.310Z] Feb. 26, 2025 2:37:30 P.M. io.gapi.emulators.netty.HttpVersionRoutingHandler channelRead
INFO: Detected non-HTTP/2 connection.
 {"metadata":{"emulator":{"name":"firestore"},"message":"Feb. 26, 2025 2:37:30 P.M. io.gapi.emulators.netty.HttpVersionRoutingHandler channelRead\r\nINFO: Detected non-HTTP/2 connection.\r\n"}}
[debug] [2025-02-26T19:37:33.438Z] File C:\Users\night\Documents\GitHub\speedy\my-app\functions\index.js changed, reloading triggers {"metadata":{"emulator":{"name":"functions"},"message":"File C:\\Users\\night\\Documents\\GitHub\\speedy\\my-app\\functions\\index.js changed, reloading triggers"}}
[debug] [2025-02-26T19:37:34.439Z] Validating nodejs source
[debug] [2025-02-26T19:37:35.447Z] > [functions] package.json contents: {
  "name": "functions",
  "description": "Cloud Functions for Firebase",
  "scripts": {
    "serve": "firebase emulators:start --only functions",
    "shell": "firebase functions:shell",
    "start": "npm run shell",
    "deploy": "firebase deploy --only functions",
    "logs": "firebase functions:log"
  },
  "engines": {
    "node": "22"
  },
  "main": "index.js",
  "dependencies": {
    "firebase-admin": "^12.6.0",
    "firebase-functions": "^6.0.1"
  },
  "devDependencies": {
    "firebase-functions-test": "^3.1.0"
  },
  "private": true
}
[debug] [2025-02-26T19:37:35.448Z] Building nodejs source
[debug] [2025-02-26T19:37:35.448Z] Failed to find version of module node: reached end of search path C:\Users\night\Documents\GitHub\speedy\my-app\functions\node_modules
[warn] !  functions: Your requested "node" version "22" doesn't match your global version "20". Using node@20 from host. 
[debug] [2025-02-26T19:37:35.449Z] Could not find functions.yaml. Must use http discovery
[debug] [2025-02-26T19:37:35.455Z] Found firebase-functions binary at 'C:\Users\night\Documents\GitHub\speedy\my-app\functions\node_modules\.bin\firebase-functions'
[info] Serving at port 8123

[debug] [2025-02-26T19:37:35.844Z] Got response from /__/functions.yaml {"endpoints":{"submit":{"availableMemoryMb":null,"timeoutSeconds":null,"minInstances":null,"maxInstances":null,"ingressSettings":null,"concurrency":null,"serviceAccountEmail":null,"vpc":null,"platform":"gcfv2","labels":{},"httpsTrigger":{},"entryPoint":"submit"},"makeuppercase":{"availableMemoryMb":null,"timeoutSeconds":null,"minInstances":null,"maxInstances":null,"ingressSettings":null,"concurrency":null,"serviceAccountEmail":null,"vpc":null,"platform":"gcfv2","labels":{},"eventTrigger":{"eventType":"google.cloud.firestore.document.v1.created","eventFilters":{"database":"(default)","namespace":"(default)"},"eventFilterPathPatterns":{"document":"messages/{documentId}"},"retry":false},"entryPoint":"makeuppercase"}},"specVersion":"v1alpha1","requiredAPIs":[],"extensions":{}}
[debug] [2025-02-26T19:37:40.865Z] defaultcredentials: writing to file C:\Users\night\AppData\Roaming\firebase\sharjananstaniculas_gmail_com_application_default_credentials.json
[debug] [2025-02-26T19:37:40.866Z] Setting GAC to C:\Users\night\AppData\Roaming\firebase\sharjananstaniculas_gmail_com_application_default_credentials.json {"metadata":{"emulator":{"name":"functions"},"message":"Setting GAC to C:\\Users\\night\\AppData\\Roaming\\firebase\\sharjananstaniculas_gmail_com_application_default_credentials.json"}}
[info] +  functions: Loaded functions definitions from source: submit, makeuppercase. {"metadata":{"emulator":{"name":"functions"},"message":"Loaded functions definitions from source: submit, makeuppercase."}}
[info] +  functions[us-central1-submit]: http function initialized (http://127.0.0.1:5001/speedy-c4155/us-central1/submit). {"metadata":{"emulator":{"name":"functions"},"message":"\u001b[1mhttp\u001b[22m function initialized (http://127.0.0.1:5001/speedy-c4155/us-central1/submit)."}}
[debug] [2025-02-26T19:38:16.256Z] Feb. 26, 2025 2:38:16 P.M. io.gapi.emulators.netty.HttpVersionRoutingHandler channelRead
INFO: Detected non-HTTP/2 connection.
 {"metadata":{"emulator":{"name":"firestore"},"message":"Feb. 26, 2025 2:38:16 P.M. io.gapi.emulators.netty.HttpVersionRoutingHandler channelRead\r\nINFO: Detected non-HTTP/2 connection.\r\n"}}
[debug] [2025-02-26T19:39:16.266Z] Feb. 26, 2025 2:39:16 P.M. io.gapi.emulators.netty.HttpVersionRoutingHandler channelRead
INFO: Detected non-HTTP/2 connection.
 {"metadata":{"emulator":{"name":"firestore"},"message":"Feb. 26, 2025 2:39:16 P.M. io.gapi.emulators.netty.HttpVersionRoutingHandler channelRead\r\nINFO: Detected non-HTTP/2 connection.\r\n"}}
[debug] [2025-02-26T19:40:16.279Z] Feb. 26, 2025 2:40:16 P.M. io.gapi.emulators.netty.HttpVersionRoutingHandler channelRead
INFO: Detected non-HTTP/2 connection.
 {"metadata":{"emulator":{"name":"firestore"},"message":"Feb. 26, 2025 2:40:16 P.M. io.gapi.emulators.netty.HttpVersionRoutingHandler channelRead\r\nINFO: Detected non-HTTP/2 connection.\r\n"}}
[debug] [2025-02-26T19:41:16.304Z] Feb. 26, 2025 2:41:16 P.M. io.gapi.emulators.netty.HttpVersionRoutingHandler channelRead
INFO: Detected non-HTTP/2 connection.
 {"metadata":{"emulator":{"name":"firestore"},"message":"Feb. 26, 2025 2:41:16 P.M. io.gapi.emulators.netty.HttpVersionRoutingHandler channelRead\r\nINFO: Detected non-HTTP/2 connection.\r\n"}}
[debug] [2025-02-26T19:42:16.339Z] Feb. 26, 2025 2:42:16 P.M. io.gapi.emulators.netty.HttpVersionRoutingHandler channelRead
INFO: Detected non-HTTP/2 connection.
 {"metadata":{"emulator":{"name":"firestore"},"message":"Feb. 26, 2025 2:42:16 P.M. io.gapi.emulators.netty.HttpVersionRoutingHandler channelRead\r\nINFO: Detected non-HTTP/2 connection.\r\n"}}
[debug] [2025-02-26T19:42:23.116Z] Feb. 26, 2025 2:42:23 P.M. io.gapi.emulators.netty.HttpVersionRoutingHandler channelRead
INFO: Detected non-HTTP/2 connection.
 {"metadata":{"emulator":{"name":"firestore"},"message":"Feb. 26, 2025 2:42:23 P.M. io.gapi.emulators.netty.HttpVersionRoutingHandler channelRead\r\nINFO: Detected non-HTTP/2 connection.\r\n"}}
[debug] [2025-02-26T19:42:23.123Z] Feb. 26, 2025 2:42:23 P.M. io.gapi.emulators.netty.HttpVersionRoutingHandler channelRead
INFO: Detected non-HTTP/2 connection.
 {"metadata":{"emulator":{"name":"firestore"},"message":"Feb. 26, 2025 2:42:23 P.M. io.gapi.emulators.netty.HttpVersionRoutingHandler channelRead\r\nINFO: Detected non-HTTP/2 connection.\r\n"}}
[debug] [2025-02-26T19:42:23.123Z] Feb. 26, 2025 2:42:23 P.M. io.gapi.emulators.netty.HttpVersionRoutingHandler channelRead
INFO: Detected non-HTTP/2 connection.
 {"metadata":{"emulator":{"name":"firestore"},"message":"Feb. 26, 2025 2:42:23 P.M. io.gapi.emulators.netty.HttpVersionRoutingHandler channelRead\r\nINFO: Detected non-HTTP/2 connection.\r\n"}}
[debug] [2025-02-26T19:43:16.358Z] Feb. 26, 2025 2:43:16 P.M. io.gapi.emulators.netty.HttpVersionRoutingHandler channelRead
INFO: Detected non-HTTP/2 connection.
 {"metadata":{"emulator":{"name":"firestore"},"message":"Feb. 26, 2025 2:43:16 P.M. io.gapi.emulators.netty.HttpVersionRoutingHandler channelRead\r\nINFO: Detected non-HTTP/2 connection.\r\n"}}
[debug] [2025-02-26T19:43:17.457Z] File C:\Users\night\Documents\GitHub\speedy\my-app\functions\index.js changed, reloading triggers {"metadata":{"emulator":{"name":"functions"},"message":"File C:\\Users\\night\\Documents\\GitHub\\speedy\\my-app\\functions\\index.js changed, reloading triggers"}}
[debug] [2025-02-26T19:43:18.465Z] Validating nodejs source
[debug] [2025-02-26T19:43:19.467Z] > [functions] package.json contents: {
  "name": "functions",
  "description": "Cloud Functions for Firebase",
  "scripts": {
    "serve": "firebase emulators:start --only functions",
    "shell": "firebase functions:shell",
    "start": "npm run shell",
    "deploy": "firebase deploy --only functions",
    "logs": "firebase functions:log"
  },
  "engines": {
    "node": "22"
  },
  "main": "index.js",
  "dependencies": {
    "firebase-admin": "^12.6.0",
    "firebase-functions": "^6.0.1"
  },
  "devDependencies": {
    "firebase-functions-test": "^3.1.0"
  },
  "private": true
}
[debug] [2025-02-26T19:43:19.467Z] Building nodejs source
[debug] [2025-02-26T19:43:19.467Z] Failed to find version of module node: reached end of search path C:\Users\night\Documents\GitHub\speedy\my-app\functions\node_modules
[warn] !  functions: Your requested "node" version "22" doesn't match your global version "20". Using node@20 from host. 
[debug] [2025-02-26T19:43:19.468Z] Could not find functions.yaml. Must use http discovery
[debug] [2025-02-26T19:43:19.473Z] Found firebase-functions binary at 'C:\Users\night\Documents\GitHub\speedy\my-app\functions\node_modules\.bin\firebase-functions'
[info] Serving at port 8007

[debug] [2025-02-26T19:43:19.955Z] Got response from /__/functions.yaml {"endpoints":{"submit":{"availableMemoryMb":null,"timeoutSeconds":null,"minInstances":null,"maxInstances":null,"ingressSettings":null,"concurrency":null,"serviceAccountEmail":null,"vpc":null,"platform":"gcfv2","labels":{},"httpsTrigger":{},"entryPoint":"submit"},"makeuppercase":{"availableMemoryMb":null,"timeoutSeconds":null,"minInstances":null,"maxInstances":null,"ingressSettings":null,"concurrency":null,"serviceAccountEmail":null,"vpc":null,"platform":"gcfv2","labels":{},"eventTrigger":{"eventType":"google.cloud.firestore.document.v1.created","eventFilters":{"database":"(default)","namespace":"(default)"},"eventFilterPathPatterns":{"document":"messages/{documentId}"},"retry":false},"entryPoint":"makeuppercase"}},"specVersion":"v1alpha1","requiredAPIs":[],"extensions":{}}
[debug] [2025-02-26T19:43:24.975Z] defaultcredentials: writing to file C:\Users\night\AppData\Roaming\firebase\sharjananstaniculas_gmail_com_application_default_credentials.json
[debug] [2025-02-26T19:43:24.976Z] Setting GAC to C:\Users\night\AppData\Roaming\firebase\sharjananstaniculas_gmail_com_application_default_credentials.json {"metadata":{"emulator":{"name":"functions"},"message":"Setting GAC to C:\\Users\\night\\AppData\\Roaming\\firebase\\sharjananstaniculas_gmail_com_application_default_credentials.json"}}
[info] +  functions: Loaded functions definitions from source: submit, makeuppercase. {"metadata":{"emulator":{"name":"functions"},"message":"Loaded functions definitions from source: submit, makeuppercase."}}
[debug] [2025-02-26T19:44:16.405Z] Feb. 26, 2025 2:44:16 P.M. io.gapi.emulators.netty.HttpVersionRoutingHandler channelRead
INFO: Detected non-HTTP/2 connection.
 {"metadata":{"emulator":{"name":"firestore"},"message":"Feb. 26, 2025 2:44:16 P.M. io.gapi.emulators.netty.HttpVersionRoutingHandler channelRead\r\nINFO: Detected non-HTTP/2 connection.\r\n"}}
[debug] [2025-02-26T19:45:16.445Z] Feb. 26, 2025 2:45:16 P.M. io.gapi.emulators.netty.HttpVersionRoutingHandler channelRead
INFO: Detected non-HTTP/2 connection.
 {"metadata":{"emulator":{"name":"firestore"},"message":"Feb. 26, 2025 2:45:16 P.M. io.gapi.emulators.netty.HttpVersionRoutingHandler channelRead\r\nINFO: Detected non-HTTP/2 connection.\r\n"}}
[debug] [2025-02-26T19:46:16.453Z] Feb. 26, 2025 2:46:16 P.M. io.gapi.emulators.netty.HttpVersionRoutingHandler channelRead
INFO: Detected non-HTTP/2 connection.
 {"metadata":{"emulator":{"name":"firestore"},"message":"Feb. 26, 2025 2:46:16 P.M. io.gapi.emulators.netty.HttpVersionRoutingHandler channelRead\r\nINFO: Detected non-HTTP/2 connection.\r\n"}}
[debug] [2025-02-26T19:47:10.868Z] [work-queue] {"queuedWork":["/speedy-c4155/us-central1/submit-2025-02-26T19:47:10.868Z"],"queueLength":1,"runningWork":[],"workRunningCount":0}
[debug] [2025-02-26T19:47:10.868Z] [work-queue] {"queuedWork":[],"queueLength":0,"runningWork":["/speedy-c4155/us-central1/submit-2025-02-26T19:47:10.868Z"],"workRunningCount":1}
[debug] [2025-02-26T19:47:10.868Z] Accepted request OPTIONS /speedy-c4155/us-central1/submit --> us-central1-submit
[debug] [2025-02-26T19:47:10.871Z] [functions] Runtime ready! Sending request! {"metadata":{"emulator":{"name":"functions"},"message":"[functions] Runtime ready! Sending request!"}}
[debug] [2025-02-26T19:47:10.872Z] [functions] Got req.url=/speedy-c4155/us-central1/submit, mapping to path=/ {"metadata":{"emulator":{"name":"functions"},"message":"[functions] Got req.url=/speedy-c4155/us-central1/submit, mapping to path=/"}}
[debug] [2025-02-26T19:47:10.872Z] [worker-pool] Cleaned up workers for us-central1-addmessage: 1 --> 0 {"metadata":{"emulator":{"name":"functions"},"message":"[worker-pool] Cleaned up workers for us-central1-addmessage: 1 --> 0"}}
[debug] [2025-02-26T19:47:10.872Z] [worker-pool] Cleaned up workers for us-central1-makeuppercase: 1 --> 0 {"metadata":{"emulator":{"name":"functions"},"message":"[worker-pool] Cleaned up workers for us-central1-makeuppercase: 1 --> 0"}}
[debug] [2025-02-26T19:47:10.877Z] [worker-pool] addWorker(us-central1-submit) {"metadata":{"emulator":{"name":"functions"},"message":"[worker-pool] addWorker(us-central1-submit)"}}
[debug] [2025-02-26T19:47:10.877Z] [worker-pool] Adding worker with key us-central1-submit, total=1 {"metadata":{"emulator":{"name":"functions"},"message":"[worker-pool] Adding worker with key us-central1-submit, total=1"}}
[debug] [2025-02-26T19:47:11.780Z] [runtime-status] [23008] Resolved module firebase-admin {"declared":true,"installed":true,"version":"12.7.0","resolution":"C:\\Users\\night\\Documents\\GitHub\\speedy\\my-app\\functions\\node_modules\\firebase-admin\\lib\\index.js"} {"metadata":{"emulator":{"name":"functions"},"function":{"name":"us-central1-submit"},"extension":{},"message":"[runtime-status] [23008] Resolved module firebase-admin {\"declared\":true,\"installed\":true,\"version\":\"12.7.0\",\"resolution\":\"C:\\\\Users\\\\night\\\\Documents\\\\GitHub\\\\speedy\\\\my-app\\\\functions\\\\node_modules\\\\firebase-admin\\\\lib\\\\index.js\"}"}}
[debug] [2025-02-26T19:47:11.781Z] [runtime-status] [23008] Resolved module firebase-functions {"declared":true,"installed":true,"version":"6.3.2","resolution":"C:\\Users\\night\\Documents\\GitHub\\speedy\\my-app\\functions\\node_modules\\firebase-functions\\lib\\v2\\index.js"} {"metadata":{"emulator":{"name":"functions"},"function":{"name":"us-central1-submit"},"extension":{},"message":"[runtime-status] [23008] Resolved module firebase-functions {\"declared\":true,\"installed\":true,\"version\":\"6.3.2\",\"resolution\":\"C:\\\\Users\\\\night\\\\Documents\\\\GitHub\\\\speedy\\\\my-app\\\\functions\\\\node_modules\\\\firebase-functions\\\\lib\\\\v2\\\\index.js\"}"}}
[debug] [2025-02-26T19:47:11.782Z] [runtime-status] [23008] Outgoing network have been stubbed. [{"name":"http","status":"mocked"},{"name":"http","status":"mocked"},{"name":"https","status":"mocked"},{"name":"https","status":"mocked"},{"name":"net","status":"mocked"}] {"metadata":{"emulator":{"name":"functions"},"function":{"name":"us-central1-submit"},"extension":{},"message":"[runtime-status] [23008] Outgoing network have been stubbed. [{\"name\":\"http\",\"status\":\"mocked\"},{\"name\":\"http\",\"status\":\"mocked\"},{\"name\":\"https\",\"status\":\"mocked\"},{\"name\":\"https\",\"status\":\"mocked\"},{\"name\":\"net\",\"status\":\"mocked\"}]"}}
[debug] [2025-02-26T19:47:11.782Z] [runtime-status] [23008] Resolved module firebase-functions {"declared":true,"installed":true,"version":"6.3.2","resolution":"C:\\Users\\night\\Documents\\GitHub\\speedy\\my-app\\functions\\node_modules\\firebase-functions\\lib\\v2\\index.js"} {"metadata":{"emulator":{"name":"functions"},"function":{"name":"us-central1-submit"},"extension":{},"message":"[runtime-status] [23008] Resolved module firebase-functions {\"declared\":true,\"installed\":true,\"version\":\"6.3.2\",\"resolution\":\"C:\\\\Users\\\\night\\\\Documents\\\\GitHub\\\\speedy\\\\my-app\\\\functions\\\\node_modules\\\\firebase-functions\\\\lib\\\\v2\\\\index.js\"}"}}
[debug] [2025-02-26T19:47:11.953Z] [runtime-status] [23008] Checked functions.config() {"config":{}} {"metadata":{"emulator":{"name":"functions"},"function":{"name":"us-central1-submit"},"extension":{},"message":"[runtime-status] [23008] Checked functions.config() {\"config\":{}}"}}
[debug] [2025-02-26T19:47:11.953Z] [runtime-status] [23008] firebase-functions has been stubbed. {"functionsResolution":{"declared":true,"installed":true,"version":"6.3.2","resolution":"C:\\Users\\night\\Documents\\GitHub\\speedy\\my-app\\functions\\node_modules\\firebase-functions\\lib\\v2\\index.js"}} {"metadata":{"emulator":{"name":"functions"},"function":{"name":"us-central1-submit"},"extension":{},"message":"[runtime-status] [23008] firebase-functions has been stubbed. {\"functionsResolution\":{\"declared\":true,\"installed\":true,\"version\":\"6.3.2\",\"resolution\":\"C:\\\\Users\\\\night\\\\Documents\\\\GitHub\\\\speedy\\\\my-app\\\\functions\\\\node_modules\\\\firebase-functions\\\\lib\\\\v2\\\\index.js\"}}"}}
[debug] [2025-02-26T19:47:11.954Z] [runtime-status] [23008] Resolved module firebase-functions {"declared":true,"installed":true,"version":"6.3.2","resolution":"C:\\Users\\night\\Documents\\GitHub\\speedy\\my-app\\functions\\node_modules\\firebase-functions\\lib\\v2\\index.js"} {"metadata":{"emulator":{"name":"functions"},"function":{"name":"us-central1-submit"},"extension":{},"message":"[runtime-status] [23008] Resolved module firebase-functions {\"declared\":true,\"installed\":true,\"version\":\"6.3.2\",\"resolution\":\"C:\\\\Users\\\\night\\\\Documents\\\\GitHub\\\\speedy\\\\my-app\\\\functions\\\\node_modules\\\\firebase-functions\\\\lib\\\\v2\\\\index.js\"}"}}
[debug] [2025-02-26T19:47:11.956Z] [runtime-status] [23008] Resolved module firebase-admin {"declared":true,"installed":true,"version":"12.7.0","resolution":"C:\\Users\\night\\Documents\\GitHub\\speedy\\my-app\\functions\\node_modules\\firebase-admin\\lib\\index.js"} {"metadata":{"emulator":{"name":"functions"},"function":{"name":"us-central1-submit"},"extension":{},"message":"[runtime-status] [23008] Resolved module firebase-admin {\"declared\":true,\"installed\":true,\"version\":\"12.7.0\",\"resolution\":\"C:\\\\Users\\\\night\\\\Documents\\\\GitHub\\\\speedy\\\\my-app\\\\functions\\\\node_modules\\\\firebase-admin\\\\lib\\\\index.js\"}"}}
[debug] [2025-02-26T19:47:11.958Z] [runtime-status] [23008] Resolved module firebase-functions {"declared":true,"installed":true,"version":"6.3.2","resolution":"C:\\Users\\night\\Documents\\GitHub\\speedy\\my-app\\functions\\node_modules\\firebase-functions\\lib\\v2\\index.js"} {"metadata":{"emulator":{"name":"functions"},"function":{"name":"us-central1-submit"},"extension":{},"message":"[runtime-status] [23008] Resolved module firebase-functions {\"declared\":true,\"installed\":true,\"version\":\"6.3.2\",\"resolution\":\"C:\\\\Users\\\\night\\\\Documents\\\\GitHub\\\\speedy\\\\my-app\\\\functions\\\\node_modules\\\\firebase-functions\\\\lib\\\\v2\\\\index.js\"}"}}
[debug] [2025-02-26T19:47:11.958Z] [runtime-status] [23008] firebase-admin has been stubbed. {"adminResolution":{"declared":true,"installed":true,"version":"12.7.0","resolution":"C:\\Users\\night\\Documents\\GitHub\\speedy\\my-app\\functions\\node_modules\\firebase-admin\\lib\\index.js"}} {"metadata":{"emulator":{"name":"functions"},"function":{"name":"us-central1-submit"},"extension":{},"message":"[runtime-status] [23008] firebase-admin has been stubbed. {\"adminResolution\":{\"declared\":true,\"installed\":true,\"version\":\"12.7.0\",\"resolution\":\"C:\\\\Users\\\\night\\\\Documents\\\\GitHub\\\\speedy\\\\my-app\\\\functions\\\\node_modules\\\\firebase-admin\\\\lib\\\\index.js\"}}"}}
[debug] [2025-02-26T19:47:11.966Z] [runtime-status] [23008] Functions runtime initialized. {"cwd":"C:\\Users\\night\\Documents\\GitHub\\speedy\\my-app\\functions","node_version":"20.8.0"} {"metadata":{"emulator":{"name":"functions"},"function":{"name":"us-central1-submit"},"extension":{},"message":"[runtime-status] [23008] Functions runtime initialized. {\"cwd\":\"C:\\\\Users\\\\night\\\\Documents\\\\GitHub\\\\speedy\\\\my-app\\\\functions\",\"node_version\":\"20.8.0\"}"}}
[debug] [2025-02-26T19:47:11.966Z] [runtime-status] [23008] Listening to port: \\?\pipe\fire_emu_2ba6c18d4d0d3348 {"metadata":{"emulator":{"name":"functions"},"function":{"name":"us-central1-submit"},"extension":{},"message":"[runtime-status] [23008] Listening to port: \\\\?\\pipe\\fire_emu_2ba6c18d4d0d3348"}}
[debug] [2025-02-26T19:47:11.971Z] [worker-us-central1-submit-2d896f2c-8332-4cae-9343-027c3bdd3547]: IDLE {"metadata":{"emulator":{"name":"functions"},"function":{"name":"us-central1-submit"},"extension":{},"message":"[worker-us-central1-submit-2d896f2c-8332-4cae-9343-027c3bdd3547]: IDLE"}}
[debug] [2025-02-26T19:47:11.971Z] [worker-pool] submitRequest(triggerId=us-central1-submit) {"metadata":{"emulator":{"name":"functions"},"message":"[worker-pool] submitRequest(triggerId=us-central1-submit)"}}
[info] i  functions: Beginning execution of "us-central1-submit" {"metadata":{"emulator":{"name":"functions"},"function":{"name":"us-central1-submit"},"extension":{},"message":"Beginning execution of \"us-central1-submit\""}}
[debug] [2025-02-26T19:47:11.973Z] [worker-us-central1-submit-2d896f2c-8332-4cae-9343-027c3bdd3547]: BUSY {"metadata":{"emulator":{"name":"functions"},"function":{"name":"us-central1-submit"},"extension":{},"message":"[worker-us-central1-submit-2d896f2c-8332-4cae-9343-027c3bdd3547]: BUSY"}}
[debug] [2025-02-26T19:47:11.976Z] Finishing up request with event=pause {"metadata":{"emulator":{"name":"functions"},"function":{"name":"us-central1-submit"},"extension":{},"message":"Finishing up request with event=pause"}}
[info] i  functions: Finished "us-central1-submit" in 3.8846ms {"metadata":{"emulator":{"name":"functions"},"function":{"name":"us-central1-submit"},"extension":{},"message":"Finished \"us-central1-submit\" in 3.8846ms"}}
[debug] [2025-02-26T19:47:11.978Z] [worker-us-central1-submit-2d896f2c-8332-4cae-9343-027c3bdd3547]: IDLE {"metadata":{"emulator":{"name":"functions"},"function":{"name":"us-central1-submit"},"extension":{},"message":"[worker-us-central1-submit-2d896f2c-8332-4cae-9343-027c3bdd3547]: IDLE"}}
[debug] [2025-02-26T19:47:11.978Z] Finishing up request with event=finish {"metadata":{"emulator":{"name":"functions"},"function":{"name":"us-central1-submit"},"extension":{},"message":"Finishing up request with event=finish"}}
[debug] [2025-02-26T19:47:11.978Z] Finishing up request with event=close {"metadata":{"emulator":{"name":"functions"},"function":{"name":"us-central1-submit"},"extension":{},"message":"Finishing up request with event=close"}}
[debug] [2025-02-26T19:47:11.978Z] [work-queue] {"queuedWork":[],"queueLength":0,"runningWork":[],"workRunningCount":0}
[debug] [2025-02-26T19:47:11.979Z] [work-queue] {"queuedWork":["/speedy-c4155/us-central1/submit-2025-02-26T19:47:11.979Z"],"queueLength":1,"runningWork":[],"workRunningCount":0}
[debug] [2025-02-26T19:47:11.979Z] [work-queue] {"queuedWork":[],"queueLength":0,"runningWork":["/speedy-c4155/us-central1/submit-2025-02-26T19:47:11.979Z"],"workRunningCount":1}
[debug] [2025-02-26T19:47:11.979Z] Accepted request POST /speedy-c4155/us-central1/submit --> us-central1-submit
[debug] [2025-02-26T19:47:11.980Z] [functions] Runtime ready! Sending request! {"metadata":{"emulator":{"name":"functions"},"message":"[functions] Runtime ready! Sending request!"}}
[debug] [2025-02-26T19:47:11.980Z] [functions] Got req.url=/speedy-c4155/us-central1/submit, mapping to path=/ {"metadata":{"emulator":{"name":"functions"},"message":"[functions] Got req.url=/speedy-c4155/us-central1/submit, mapping to path=/"}}
[debug] [2025-02-26T19:47:11.980Z] [worker-pool] submitRequest(triggerId=us-central1-submit) {"metadata":{"emulator":{"name":"functions"},"message":"[worker-pool] submitRequest(triggerId=us-central1-submit)"}}
[info] i  functions: Beginning execution of "us-central1-submit" {"metadata":{"emulator":{"name":"functions"},"function":{"name":"us-central1-submit"},"extension":{},"message":"Beginning execution of \"us-central1-submit\""}}
[debug] [2025-02-26T19:47:11.981Z] [worker-us-central1-submit-2d896f2c-8332-4cae-9343-027c3bdd3547]: BUSY {"metadata":{"emulator":{"name":"functions"},"function":{"name":"us-central1-submit"},"extension":{},"message":"[worker-us-central1-submit-2d896f2c-8332-4cae-9343-027c3bdd3547]: BUSY"}}
[debug] [2025-02-26T19:47:12.280Z] Feb. 26, 2025 2:47:12 P.M. io.gapi.emulators.netty.HttpVersionRoutingHandler channelRead
INFO: Detected HTTP/2 connection.
 {"metadata":{"emulator":{"name":"firestore"},"message":"Feb. 26, 2025 2:47:12 P.M. io.gapi.emulators.netty.HttpVersionRoutingHandler channelRead\r\nINFO: Detected HTTP/2 connection.\r\n"}}
[debug] [2025-02-26T19:47:12.303Z] Finishing up request with event=pause {"metadata":{"emulator":{"name":"functions"},"function":{"name":"us-central1-submit"},"extension":{},"message":"Finishing up request with event=pause"}}
[info] i  functions: Finished "us-central1-submit" in 322.3546ms {"metadata":{"emulator":{"name":"functions"},"function":{"name":"us-central1-submit"},"extension":{},"message":"Finished \"us-central1-submit\" in 322.3546ms"}}
[debug] [2025-02-26T19:47:12.305Z] [worker-us-central1-submit-2d896f2c-8332-4cae-9343-027c3bdd3547]: IDLE {"metadata":{"emulator":{"name":"functions"},"function":{"name":"us-central1-submit"},"extension":{},"message":"[worker-us-central1-submit-2d896f2c-8332-4cae-9343-027c3bdd3547]: IDLE"}}
[debug] [2025-02-26T19:47:12.305Z] Finishing up request with event=finish {"metadata":{"emulator":{"name":"functions"},"function":{"name":"us-central1-submit"},"extension":{},"message":"Finishing up request with event=finish"}}
[debug] [2025-02-26T19:47:12.305Z] Finishing up request with event=close {"metadata":{"emulator":{"name":"functions"},"function":{"name":"us-central1-submit"},"extension":{},"message":"Finishing up request with event=close"}}
[debug] [2025-02-26T19:47:12.305Z] [work-queue] {"queuedWork":[],"queueLength":0,"runningWork":[],"workRunningCount":0}
[debug] [2025-02-26T19:47:16.489Z] Feb. 26, 2025 2:47:16 P.M. io.gapi.emulators.netty.HttpVersionRoutingHandler channelRead
INFO: Detected non-HTTP/2 connection.
 {"metadata":{"emulator":{"name":"firestore"},"message":"Feb. 26, 2025 2:47:16 P.M. io.gapi.emulators.netty.HttpVersionRoutingHandler channelRead\r\nINFO: Detected non-HTTP/2 connection.\r\n"}}
[debug] [2025-02-26T19:48:16.505Z] Feb. 26, 2025 2:48:16 P.M. io.gapi.emulators.netty.HttpVersionRoutingHandler channelRead
INFO: Detected non-HTTP/2 connection.
 {"metadata":{"emulator":{"name":"firestore"},"message":"Feb. 26, 2025 2:48:16 P.M. io.gapi.emulators.netty.HttpVersionRoutingHandler channelRead\r\nINFO: Detected non-HTTP/2 connection.\r\n"}}
[debug] [2025-02-26T19:48:18.810Z] Feb. 26, 2025 2:48:18 P.M. com.google.cloud.datastore.emulator.firestore.websocket.WebSocketChannelHandler channelClosed
INFO: Websocket client disconnected
 {"metadata":{"emulator":{"name":"firestore"},"message":"Feb. 26, 2025 2:48:18 P.M. com.google.cloud.datastore.emulator.firestore.websocket.WebSocketChannelHandler channelClosed\r\nINFO: Websocket client disconnected\r\n"}}
[debug] [2025-02-26T19:48:18.815Z] Feb. 26, 2025 2:48:18 P.M. com.google.cloud.datastore.emulator.firestore.websocket.WebSocketChannelHandler initChannel
INFO: Connected to new websocket client
 {"metadata":{"emulator":{"name":"firestore"},"message":"Feb. 26, 2025 2:48:18 P.M. com.google.cloud.datastore.emulator.firestore.websocket.WebSocketChannelHandler initChannel\r\nINFO: Connected to new websocket client\r\n"}}
[debug] [2025-02-26T19:48:20.574Z] Feb. 26, 2025 2:48:20 P.M. io.gapi.emulators.netty.HttpVersionRoutingHandler channelRead
INFO: Detected non-HTTP/2 connection.
 {"metadata":{"emulator":{"name":"firestore"},"message":"Feb. 26, 2025 2:48:20 P.M. io.gapi.emulators.netty.HttpVersionRoutingHandler channelRead\r\nINFO: Detected non-HTTP/2 connection.\r\n"}}
[debug] [2025-02-26T19:48:20.583Z] Feb. 26, 2025 2:48:20 P.M. com.google.cloud.datastore.emulator.firestore.websocket.WebSocketChannelHandler channelClosed
INFO: Websocket client disconnected
 {"metadata":{"emulator":{"name":"firestore"},"message":"Feb. 26, 2025 2:48:20 P.M. com.google.cloud.datastore.emulator.firestore.websocket.WebSocketChannelHandler channelClosed\r\nINFO: Websocket client disconnected\r\n"}}
[debug] [2025-02-26T19:48:20.586Z] Feb. 26, 2025 2:48:20 P.M. com.google.cloud.datastore.emulator.firestore.websocket.WebSocketChannelHandler initChannel
INFO: Connected to new websocket client
 {"metadata":{"emulator":{"name":"firestore"},"message":"Feb. 26, 2025 2:48:20 P.M. com.google.cloud.datastore.emulator.firestore.websocket.WebSocketChannelHandler initChannel\r\nINFO: Connected to new websocket client\r\n"}}
[debug] [2025-02-26T19:48:20.596Z] Feb. 26, 2025 2:48:20 P.M. io.gapi.emulators.netty.HttpVersionRoutingHandler channelRead
INFO: Detected non-HTTP/2 connection.
 {"metadata":{"emulator":{"name":"firestore"},"message":"Feb. 26, 2025 2:48:20 P.M. io.gapi.emulators.netty.HttpVersionRoutingHandler channelRead\r\nINFO: Detected non-HTTP/2 connection.\r\n"}}
[debug] [2025-02-26T19:48:20.599Z] Feb. 26, 2025 2:48:20 P.M. com.google.cloud.datastore.emulator.firestore.webchannel.FirestoreV1WebChannelAdapter$FirestoreListenHandler onClose
INFO: channel closed
 {"metadata":{"emulator":{"name":"firestore"},"message":"Feb. 26, 2025 2:48:20 P.M. com.google.cloud.datastore.emulator.firestore.webchannel.FirestoreV1WebChannelAdapter$FirestoreListenHandler onClose\r\nINFO: channel closed\r\n"}}
[debug] [2025-02-26T19:48:20.612Z] Feb. 26, 2025 2:48:20 P.M. io.gapi.emulators.netty.HttpVersionRoutingHandler channelRead
INFO: Detected non-HTTP/2 connection.
 {"metadata":{"emulator":{"name":"firestore"},"message":"Feb. 26, 2025 2:48:20 P.M. io.gapi.emulators.netty.HttpVersionRoutingHandler channelRead\r\nINFO: Detected non-HTTP/2 connection.\r\n"}}
[debug] [2025-02-26T19:48:20.630Z] Feb. 26, 2025 2:48:20 P.M. io.gapi.emulators.netty.HttpVersionRoutingHandler channelRead
INFO: Detected non-HTTP/2 connection.
 {"metadata":{"emulator":{"name":"firestore"},"message":"Feb. 26, 2025 2:48:20 P.M. io.gapi.emulators.netty.HttpVersionRoutingHandler channelRead\r\nINFO: Detected non-HTTP/2 connection.\r\n"}}
[debug] [2025-02-26T19:48:20.640Z] Feb. 26, 2025 2:48:20 P.M. io.gapi.emulators.netty.HttpVersionRoutingHandler channelRead
INFO: Detected non-HTTP/2 connection.
 {"metadata":{"emulator":{"name":"firestore"},"message":"Feb. 26, 2025 2:48:20 P.M. io.gapi.emulators.netty.HttpVersionRoutingHandler channelRead\r\nINFO: Detected non-HTTP/2 connection.\r\n"}}
[debug] [2025-02-26T19:48:22.272Z] Feb. 26, 2025 2:48:22 P.M. io.gapi.emulators.netty.HttpVersionRoutingHandler channelRead
INFO: Detected non-HTTP/2 connection.
 {"metadata":{"emulator":{"name":"firestore"},"message":"Feb. 26, 2025 2:48:22 P.M. io.gapi.emulators.netty.HttpVersionRoutingHandler channelRead\r\nINFO: Detected non-HTTP/2 connection.\r\n"}}
[debug] [2025-02-26T19:48:22.366Z] Feb. 26, 2025 2:48:22 P.M. io.gapi.emulators.netty.HttpVersionRoutingHandler channelRead
INFO: Detected non-HTTP/2 connection.
 {"metadata":{"emulator":{"name":"firestore"},"message":"Feb. 26, 2025 2:48:22 P.M. io.gapi.emulators.netty.HttpVersionRoutingHandler channelRead\r\nINFO: Detected non-HTTP/2 connection.\r\n"}}
[debug] [2025-02-26T19:48:22.966Z] Feb. 26, 2025 2:48:22 P.M. io.gapi.emulators.netty.HttpVersionRoutingHandler channelRead
INFO: Detected non-HTTP/2 connection.
 {"metadata":{"emulator":{"name":"firestore"},"message":"Feb. 26, 2025 2:48:22 P.M. io.gapi.emulators.netty.HttpVersionRoutingHandler channelRead\r\nINFO: Detected non-HTTP/2 connection.\r\n"}}
[debug] [2025-02-26T19:49:22.983Z] Feb. 26, 2025 2:49:22 P.M. io.gapi.emulators.netty.HttpVersionRoutingHandler channelRead
INFO: Detected non-HTTP/2 connection.
 {"metadata":{"emulator":{"name":"firestore"},"message":"Feb. 26, 2025 2:49:22 P.M. io.gapi.emulators.netty.HttpVersionRoutingHandler channelRead\r\nINFO: Detected non-HTTP/2 connection.\r\n"}}
[debug] [2025-02-26T19:50:23.032Z] Feb. 26, 2025 2:50:23 P.M. io.gapi.emulators.netty.HttpVersionRoutingHandler channelRead
INFO: Detected non-HTTP/2 connection.
 {"metadata":{"emulator":{"name":"firestore"},"message":"Feb. 26, 2025 2:50:23 P.M. io.gapi.emulators.netty.HttpVersionRoutingHandler channelRead\r\nINFO: Detected non-HTTP/2 connection.\r\n"}}
[debug] [2025-02-26T19:51:23.056Z] Feb. 26, 2025 2:51:23 P.M. io.gapi.emulators.netty.HttpVersionRoutingHandler channelRead
INFO: Detected non-HTTP/2 connection.
 {"metadata":{"emulator":{"name":"firestore"},"message":"Feb. 26, 2025 2:51:23 P.M. io.gapi.emulators.netty.HttpVersionRoutingHandler channelRead\r\nINFO: Detected non-HTTP/2 connection.\r\n"}}
[debug] [2025-02-26T19:52:23.087Z] Feb. 26, 2025 2:52:23 P.M. io.gapi.emulators.netty.HttpVersionRoutingHandler channelRead
INFO: Detected non-HTTP/2 connection.
 {"metadata":{"emulator":{"name":"firestore"},"message":"Feb. 26, 2025 2:52:23 P.M. io.gapi.emulators.netty.HttpVersionRoutingHandler channelRead\r\nINFO: Detected non-HTTP/2 connection.\r\n"}}
[debug] [2025-02-26T19:53:08.252Z] Feb. 26, 2025 2:53:08 P.M. io.gapi.emulators.netty.HttpVersionRoutingHandler channelRead
INFO: Detected non-HTTP/2 connection.
 {"metadata":{"emulator":{"name":"firestore"},"message":"Feb. 26, 2025 2:53:08 P.M. io.gapi.emulators.netty.HttpVersionRoutingHandler channelRead\r\nINFO: Detected non-HTTP/2 connection.\r\n"}}
[debug] [2025-02-26T19:54:08.275Z] Feb. 26, 2025 2:54:08 P.M. io.gapi.emulators.netty.HttpVersionRoutingHandler channelRead
INFO: Detected non-HTTP/2 connection.
 {"metadata":{"emulator":{"name":"firestore"},"message":"Feb. 26, 2025 2:54:08 P.M. io.gapi.emulators.netty.HttpVersionRoutingHandler channelRead\r\nINFO: Detected non-HTTP/2 connection.\r\n"}}
[debug] [2025-02-26T19:55:08.297Z] Feb. 26, 2025 2:55:08 P.M. io.gapi.emulators.netty.HttpVersionRoutingHandler channelRead
INFO: Detected non-HTTP/2 connection.
 {"metadata":{"emulator":{"name":"firestore"},"message":"Feb. 26, 2025 2:55:08 P.M. io.gapi.emulators.netty.HttpVersionRoutingHandler channelRead\r\nINFO: Detected non-HTTP/2 connection.\r\n"}}
[debug] [2025-02-26T19:55:28.866Z] Feb. 26, 2025 2:55:28 P.M. io.gapi.emulators.netty.HttpVersionRoutingHandler channelRead
INFO: Detected non-HTTP/2 connection.
 {"metadata":{"emulator":{"name":"firestore"},"message":"Feb. 26, 2025 2:55:28 P.M. io.gapi.emulators.netty.HttpVersionRoutingHandler channelRead\r\nINFO: Detected non-HTTP/2 connection.\r\n"}}
[debug] [2025-02-26T19:55:28.951Z] Feb. 26, 2025 2:55:28 P.M. io.gapi.emulators.netty.HttpVersionRoutingHandler channelRead
INFO: Detected non-HTTP/2 connection.
 {"metadata":{"emulator":{"name":"firestore"},"message":"Feb. 26, 2025 2:55:28 P.M. io.gapi.emulators.netty.HttpVersionRoutingHandler channelRead\r\nINFO: Detected non-HTTP/2 connection.\r\n"}}
[debug] [2025-02-26T19:55:29.933Z] Feb. 26, 2025 2:55:29 P.M. io.gapi.emulators.netty.HttpVersionRoutingHandler channelRead
INFO: Detected non-HTTP/2 connection.
 {"metadata":{"emulator":{"name":"firestore"},"message":"Feb. 26, 2025 2:55:29 P.M. io.gapi.emulators.netty.HttpVersionRoutingHandler channelRead\r\nINFO: Detected non-HTTP/2 connection.\r\n"}}
[debug] [2025-02-26T19:55:59.941Z] Feb. 26, 2025 2:55:59 P.M. io.gapi.emulators.netty.HttpVersionRoutingHandler channelRead
INFO: Detected non-HTTP/2 connection.
 {"metadata":{"emulator":{"name":"firestore"},"message":"Feb. 26, 2025 2:55:59 P.M. io.gapi.emulators.netty.HttpVersionRoutingHandler channelRead\r\nINFO: Detected non-HTTP/2 connection.\r\n"}}
[debug] [2025-02-26T19:56:59.980Z] Feb. 26, 2025 2:56:59 P.M. io.gapi.emulators.netty.HttpVersionRoutingHandler channelRead
INFO: Detected non-HTTP/2 connection.
 {"metadata":{"emulator":{"name":"firestore"},"message":"Feb. 26, 2025 2:56:59 P.M. io.gapi.emulators.netty.HttpVersionRoutingHandler channelRead\r\nINFO: Detected non-HTTP/2 connection.\r\n"}}
[debug] [2025-02-26T19:58:00.022Z] Feb. 26, 2025 2:58:00 P.M. io.gapi.emulators.netty.HttpVersionRoutingHandler channelRead
INFO: Detected non-HTTP/2 connection.
 {"metadata":{"emulator":{"name":"firestore"},"message":"Feb. 26, 2025 2:58:00 P.M. io.gapi.emulators.netty.HttpVersionRoutingHandler channelRead\r\nINFO: Detected non-HTTP/2 connection.\r\n"}}
[debug] [2025-02-26T19:59:00.046Z] Feb. 26, 2025 2:59:00 P.M. io.gapi.emulators.netty.HttpVersionRoutingHandler channelRead
INFO: Detected non-HTTP/2 connection.
 {"metadata":{"emulator":{"name":"firestore"},"message":"Feb. 26, 2025 2:59:00 P.M. io.gapi.emulators.netty.HttpVersionRoutingHandler channelRead\r\nINFO: Detected non-HTTP/2 connection.\r\n"}}
[debug] [2025-02-26T20:00:00.074Z] Feb. 26, 2025 3:00:00 P.M. io.gapi.emulators.netty.HttpVersionRoutingHandler channelRead
INFO: Detected non-HTTP/2 connection.
 {"metadata":{"emulator":{"name":"firestore"},"message":"Feb. 26, 2025 3:00:00 P.M. io.gapi.emulators.netty.HttpVersionRoutingHandler channelRead\r\nINFO: Detected non-HTTP/2 connection.\r\n"}}
[debug] [2025-02-26T20:00:45.263Z] Feb. 26, 2025 3:00:45 P.M. io.gapi.emulators.netty.HttpVersionRoutingHandler channelRead
INFO: Detected non-HTTP/2 connection.
 {"metadata":{"emulator":{"name":"firestore"},"message":"Feb. 26, 2025 3:00:45 P.M. io.gapi.emulators.netty.HttpVersionRoutingHandler channelRead\r\nINFO: Detected non-HTTP/2 connection.\r\n"}}
[debug] [2025-02-26T20:01:45.274Z] Feb. 26, 2025 3:01:45 P.M. io.gapi.emulators.netty.HttpVersionRoutingHandler channelRead
INFO: Detected non-HTTP/2 connection.
 {"metadata":{"emulator":{"name":"firestore"},"message":"Feb. 26, 2025 3:01:45 P.M. io.gapi.emulators.netty.HttpVersionRoutingHandler channelRead\r\nINFO: Detected non-HTTP/2 connection.\r\n"}}
[debug] [2025-02-26T20:02:06.842Z] File C:\Users\night\Documents\GitHub\speedy\my-app\functions\index.js changed, reloading triggers {"metadata":{"emulator":{"name":"functions"},"message":"File C:\\Users\\night\\Documents\\GitHub\\speedy\\my-app\\functions\\index.js changed, reloading triggers"}}
[debug] [2025-02-26T20:02:07.854Z] Validating nodejs source
[debug] [2025-02-26T20:02:08.836Z] > [functions] package.json contents: {
  "name": "functions",
  "description": "Cloud Functions for Firebase",
  "scripts": {
    "serve": "firebase emulators:start --only functions",
    "shell": "firebase functions:shell",
    "start": "npm run shell",
    "deploy": "firebase deploy --only functions",
    "logs": "firebase functions:log"
  },
  "engines": {
    "node": "22"
  },
  "main": "index.js",
  "dependencies": {
    "firebase-admin": "^12.6.0",
    "firebase-functions": "^6.0.1"
  },
  "devDependencies": {
    "firebase-functions-test": "^3.1.0"
  },
  "private": true
}
[debug] [2025-02-26T20:02:08.837Z] Building nodejs source
[debug] [2025-02-26T20:02:08.837Z] Failed to find version of module node: reached end of search path C:\Users\night\Documents\GitHub\speedy\my-app\functions\node_modules
[warn] !  functions: Your requested "node" version "22" doesn't match your global version "20". Using node@20 from host. 
[debug] [2025-02-26T20:02:08.837Z] Could not find functions.yaml. Must use http discovery
[debug] [2025-02-26T20:02:08.842Z] Found firebase-functions binary at 'C:\Users\night\Documents\GitHub\speedy\my-app\functions\node_modules\.bin\firebase-functions'
[info] Serving at port 8548

[error] API key does not start with "SG.".

[debug] [2025-02-26T20:02:09.317Z] Got response from /__/functions.yaml {"endpoints":{"sendEmail":{"availableMemoryMb":null,"timeoutSeconds":null,"minInstances":null,"maxInstances":null,"ingressSettings":null,"concurrency":null,"serviceAccountEmail":null,"vpc":null,"platform":"gcfv2","labels":{},"eventTrigger":{"eventType":"google.cloud.firestore.document.v1.created","eventFilters":{"database":"(default)","namespace":"(default)"},"eventFilterPathPatterns":{"document":"Appointments/{documentId}"},"retry":false},"entryPoint":"sendEmail"}},"specVersion":"v1alpha1","requiredAPIs":[],"extensions":{}}
[debug] [2025-02-26T20:02:09.817Z] File C:\Users\night\Documents\GitHub\speedy\my-app\functions\index.js changed, reloading triggers {"metadata":{"emulator":{"name":"functions"},"message":"File C:\\Users\\night\\Documents\\GitHub\\speedy\\my-app\\functions\\index.js changed, reloading triggers"}}
[debug] [2025-02-26T20:02:10.820Z] Validating nodejs source
[debug] [2025-02-26T20:02:11.736Z] > [functions] package.json contents: {
  "name": "functions",
  "description": "Cloud Functions for Firebase",
  "scripts": {
    "serve": "firebase emulators:start --only functions",
    "shell": "firebase functions:shell",
    "start": "npm run shell",
    "deploy": "firebase deploy --only functions",
    "logs": "firebase functions:log"
  },
  "engines": {
    "node": "22"
  },
  "main": "index.js",
  "dependencies": {
    "firebase-admin": "^12.6.0",
    "firebase-functions": "^6.0.1"
  },
  "devDependencies": {
    "firebase-functions-test": "^3.1.0"
  },
  "private": true
}
[debug] [2025-02-26T20:02:11.736Z] Building nodejs source
[debug] [2025-02-26T20:02:11.736Z] Failed to find version of module node: reached end of search path C:\Users\night\Documents\GitHub\speedy\my-app\functions\node_modules
[warn] !  functions: Your requested "node" version "22" doesn't match your global version "20". Using node@20 from host. 
[debug] [2025-02-26T20:02:11.737Z] Could not find functions.yaml. Must use http discovery
[debug] [2025-02-26T20:02:11.741Z] Found firebase-functions binary at 'C:\Users\night\Documents\GitHub\speedy\my-app\functions\node_modules\.bin\firebase-functions'
[info] Serving at port 8562

[error] API key does not start with "SG.".

[debug] [2025-02-26T20:02:12.146Z] Got response from /__/functions.yaml {"endpoints":{"sendEmail":{"availableMemoryMb":null,"timeoutSeconds":null,"minInstances":null,"maxInstances":null,"ingressSettings":null,"concurrency":null,"serviceAccountEmail":null,"vpc":null,"platform":"gcfv2","labels":{},"eventTrigger":{"eventType":"google.cloud.firestore.document.v1.created","eventFilters":{"database":"(default)","namespace":"(default)"},"eventFilterPathPatterns":{"document":"Appointments/{documentId}"},"retry":false},"entryPoint":"sendEmail"}},"specVersion":"v1alpha1","requiredAPIs":[],"extensions":{}}
[debug] [2025-02-26T20:02:14.348Z] defaultcredentials: writing to file C:\Users\night\AppData\Roaming\firebase\sharjananstaniculas_gmail_com_application_default_credentials.json
[debug] [2025-02-26T20:02:14.349Z] Setting GAC to C:\Users\night\AppData\Roaming\firebase\sharjananstaniculas_gmail_com_application_default_credentials.json {"metadata":{"emulator":{"name":"functions"},"message":"Setting GAC to C:\\Users\\night\\AppData\\Roaming\\firebase\\sharjananstaniculas_gmail_com_application_default_credentials.json"}}
[info] +  functions: Loaded functions definitions from source: sendEmail. {"metadata":{"emulator":{"name":"functions"},"message":"Loaded functions definitions from source: sendEmail."}}
[debug] [2025-02-26T20:02:14.349Z] [worker-pool] Shutting down IDLE worker (us-central1-submit) {"metadata":{"emulator":{"name":"functions"},"message":"[worker-pool] Shutting down IDLE worker (us-central1-submit)"}}
[debug] [2025-02-26T20:02:14.350Z] [worker-us-central1-submit-2d896f2c-8332-4cae-9343-027c3bdd3547]: FINISHING {"metadata":{"emulator":{"name":"functions"},"function":{"name":"us-central1-submit"},"extension":{},"message":"[worker-us-central1-submit-2d896f2c-8332-4cae-9343-027c3bdd3547]: FINISHING"}}
[debug] [2025-02-26T20:02:14.350Z] Found a v2 firestore trigger.
[debug] [2025-02-26T20:02:14.350Z] addFirestoreTrigger "{\"eventType\":\"google.cloud.firestore.document.v1.created\",\"database\":\"(default)\",\"namespace\":\"(default)\",\"document\":{\"value\":\"Appointments/{documentId}\",\"matchType\":\"PATH_PATTERN\"}}"
[debug] [2025-02-26T20:02:14.351Z] >>> [apiv2][query] POST http://127.0.0.1:8080/emulator/v1/projects/speedy-c4155/eventarcTrigger?eventarcTriggerId=us-central1-sendEmail-0 [none]
[debug] [2025-02-26T20:02:14.351Z] >>> [apiv2][body] POST http://127.0.0.1:8080/emulator/v1/projects/speedy-c4155/eventarcTrigger?eventarcTriggerId=us-central1-sendEmail-0 "{\"eventType\":\"google.cloud.firestore.document.v1.created\",\"database\":\"(default)\",\"namespace\":\"(default)\",\"document\":{\"value\":\"Appointments/{documentId}\",\"matchType\":\"PATH_PATTERN\"}}"
[debug] [2025-02-26T20:02:14.352Z] Feb. 26, 2025 3:02:14 P.M. io.gapi.emulators.netty.HttpVersionRoutingHandler channelRead
INFO: Detected non-HTTP/2 connection.
 {"metadata":{"emulator":{"name":"firestore"},"message":"Feb. 26, 2025 3:02:14 P.M. io.gapi.emulators.netty.HttpVersionRoutingHandler channelRead\r\nINFO: Detected non-HTTP/2 connection.\r\n"}}
[debug] [2025-02-26T20:02:14.353Z] Feb. 26, 2025 3:02:14 P.M. io.netty.channel.DefaultChannelPipeline onUnhandledInboundException
WARNING: An exceptionCaught() event was fired, and it reached at the tail of the pipeline. It usually means the last handler in the pipeline did not handle the exception.
java.net.SocketException: Connection reset
	at java.base/sun.nio.ch.SocketChannelImpl.throwConnectionReset(SocketChannelImpl.java:394)
	at java.base/sun.nio.ch.SocketChannelImpl.read(SocketChannelImpl.java:426)
	at io.netty.buffer.PooledByteBuf.setBytes(PooledByteBuf.java:255)
	at io.netty.buffer.AbstractByteBuf.writeBytes(AbstractByteBuf.java:1132)
	at io.netty.channel.socket.nio.NioSocketChannel.doReadBytes(NioSocketChannel.java:356)
	at io.netty.channel.nio.AbstractNioByteChannel$NioByteUnsafe.read(AbstractNioByteChannel.java:151)
	at io.netty.channel.nio.NioEventLoop.processSelectedKey(NioEventLoop.java:788)
	at io.netty.channel.nio.NioEventLoop.processSelectedKeysOptimized(NioEventLoop.java:724)
	at io.netty.channel.nio.NioEventLoop.processSelectedKeys(NioEventLoop.java:650)
	at io.netty.channel.nio.NioEventLoop.run(NioEventLoop.java:562)
	at io.netty.util.concurrent.SingleThreadEventExecutor$4.run(SingleThreadEventExecutor.java:994)
	at io.netty.util.internal.ThreadExecutorMap$2.run(ThreadExecutorMap.java:74)
	at io.netty.util.concurrent.FastThreadLocalRunnable.run(FastThreadLocalRunnable.java:30)
	at java.base/java.lang.Thread.run(Thread.java:842)

 {"metadata":{"emulator":{"name":"firestore"},"message":"Feb. 26, 2025 3:02:14 P.M. io.netty.channel.DefaultChannelPipeline onUnhandledInboundException\r\nWARNING: An exceptionCaught() event was fired, and it reached at the tail of the pipeline. It usually means the last handler in the pipeline did not handle the exception.\r\njava.net.SocketException: Connection reset\r\n\tat java.base/sun.nio.ch.SocketChannelImpl.throwConnectionReset(SocketChannelImpl.java:394)\r\n\tat java.base/sun.nio.ch.SocketChannelImpl.read(SocketChannelImpl.java:426)\r\n\tat io.netty.buffer.PooledByteBuf.setBytes(PooledByteBuf.java:255)\r\n\tat io.netty.buffer.AbstractByteBuf.writeBytes(AbstractByteBuf.java:1132)\r\n\tat io.netty.channel.socket.nio.NioSocketChannel.doReadBytes(NioSocketChannel.java:356)\r\n\tat io.netty.channel.nio.AbstractNioByteChannel$NioByteUnsafe.read(AbstractNioByteChannel.java:151)\r\n\tat io.netty.channel.nio.NioEventLoop.processSelectedKey(NioEventLoop.java:788)\r\n\tat io.netty.channel.nio.NioEventLoop.processSelectedKeysOptimized(NioEventLoop.java:724)\r\n\tat io.netty.channel.nio.NioEventLoop.processSelectedKeys(NioEventLoop.java:650)\r\n\tat io.netty.channel.nio.NioEventLoop.run(NioEventLoop.java:562)\r\n\tat io.netty.util.concurrent.SingleThreadEventExecutor$4.run(SingleThreadEventExecutor.java:994)\r\n\tat io.netty.util.internal.ThreadExecutorMap$2.run(ThreadExecutorMap.java:74)\r\n\tat io.netty.util.concurrent.FastThreadLocalRunnable.run(FastThreadLocalRunnable.java:30)\r\n\tat java.base/java.lang.Thread.run(Thread.java:842)\r\n\r\n"}}
[debug] [2025-02-26T20:02:14.357Z] <<< [apiv2][status] POST http://127.0.0.1:8080/emulator/v1/projects/speedy-c4155/eventarcTrigger?eventarcTriggerId=us-central1-sendEmail-0 200
[debug] [2025-02-26T20:02:14.358Z] <<< [apiv2][body] POST http://127.0.0.1:8080/emulator/v1/projects/speedy-c4155/eventarcTrigger?eventarcTriggerId=us-central1-sendEmail-0 {"eventType":"google.cloud.firestore.document.v1.created","database":"(default)","namespace":"(default)","document":{"value":"Appointments/{documentId}","matchType":"PATH_PATTERN"}}
[info] +  functions[us-central1-sendEmail]: firestore function initialized. {"metadata":{"emulator":{"name":"functions"},"message":"\u001b[1mfirestore\u001b[22m function initialized."}}
[debug] [2025-02-26T20:02:14.360Z] [worker-us-central1-submit-2d896f2c-8332-4cae-9343-027c3bdd3547]: exited {"metadata":{"emulator":{"name":"functions"},"function":{"name":"us-central1-submit"},"extension":{},"message":"[worker-us-central1-submit-2d896f2c-8332-4cae-9343-027c3bdd3547]: exited"}}
[debug] [2025-02-26T20:02:14.361Z] [worker-us-central1-submit-2d896f2c-8332-4cae-9343-027c3bdd3547]: FINISHED {"metadata":{"emulator":{"name":"functions"},"function":{"name":"us-central1-submit"},"extension":{},"message":"[worker-us-central1-submit-2d896f2c-8332-4cae-9343-027c3bdd3547]: FINISHED"}}
[debug] [2025-02-26T20:02:17.175Z] defaultcredentials: writing to file C:\Users\night\AppData\Roaming\firebase\sharjananstaniculas_gmail_com_application_default_credentials.json
[debug] [2025-02-26T20:02:17.175Z] Setting GAC to C:\Users\night\AppData\Roaming\firebase\sharjananstaniculas_gmail_com_application_default_credentials.json {"metadata":{"emulator":{"name":"functions"},"message":"Setting GAC to C:\\Users\\night\\AppData\\Roaming\\firebase\\sharjananstaniculas_gmail_com_application_default_credentials.json"}}
[info] +  functions: Loaded functions definitions from source: sendEmail. {"metadata":{"emulator":{"name":"functions"},"message":"Loaded functions definitions from source: sendEmail."}}
[debug] [2025-02-26T20:02:28.004Z] File C:\Users\night\Documents\GitHub\speedy\my-app\functions\index.js changed, reloading triggers {"metadata":{"emulator":{"name":"functions"},"message":"File C:\\Users\\night\\Documents\\GitHub\\speedy\\my-app\\functions\\index.js changed, reloading triggers"}}
[debug] [2025-02-26T20:02:29.008Z] Validating nodejs source
[debug] [2025-02-26T20:02:29.941Z] > [functions] package.json contents: {
  "name": "functions",
  "description": "Cloud Functions for Firebase",
  "scripts": {
    "serve": "firebase emulators:start --only functions",
    "shell": "firebase functions:shell",
    "start": "npm run shell",
    "deploy": "firebase deploy --only functions",
    "logs": "firebase functions:log"
  },
  "engines": {
    "node": "22"
  },
  "main": "index.js",
  "dependencies": {
    "firebase-admin": "^12.6.0",
    "firebase-functions": "^6.0.1"
  },
  "devDependencies": {
    "firebase-functions-test": "^3.1.0"
  },
  "private": true
}
[debug] [2025-02-26T20:02:29.941Z] Building nodejs source
[debug] [2025-02-26T20:02:29.941Z] Failed to find version of module node: reached end of search path C:\Users\night\Documents\GitHub\speedy\my-app\functions\node_modules
[warn] !  functions: Your requested "node" version "22" doesn't match your global version "20". Using node@20 from host. 
[debug] [2025-02-26T20:02:29.942Z] Could not find functions.yaml. Must use http discovery
[debug] [2025-02-26T20:02:29.946Z] Found firebase-functions binary at 'C:\Users\night\Documents\GitHub\speedy\my-app\functions\node_modules\.bin\firebase-functions'
[info] Serving at port 8471

[error] API key does not start with "SG.".

[debug] [2025-02-26T20:02:30.354Z] Got response from /__/functions.yaml {"endpoints":{"submit":{"availableMemoryMb":null,"timeoutSeconds":null,"minInstances":null,"maxInstances":null,"ingressSettings":null,"concurrency":null,"serviceAccountEmail":null,"vpc":null,"platform":"gcfv2","labels":{},"httpsTrigger":{},"entryPoint":"submit"},"sendEmail":{"availableMemoryMb":null,"timeoutSeconds":null,"minInstances":null,"maxInstances":null,"ingressSettings":null,"concurrency":null,"serviceAccountEmail":null,"vpc":null,"platform":"gcfv2","labels":{},"eventTrigger":{"eventType":"google.cloud.firestore.document.v1.created","eventFilters":{"database":"(default)","namespace":"(default)"},"eventFilterPathPatterns":{"document":"Appointments/{documentId}"},"retry":false},"entryPoint":"sendEmail"}},"specVersion":"v1alpha1","requiredAPIs":[],"extensions":{}}
[debug] [2025-02-26T20:02:35.382Z] defaultcredentials: writing to file C:\Users\night\AppData\Roaming\firebase\sharjananstaniculas_gmail_com_application_default_credentials.json
[debug] [2025-02-26T20:02:35.383Z] Setting GAC to C:\Users\night\AppData\Roaming\firebase\sharjananstaniculas_gmail_com_application_default_credentials.json {"metadata":{"emulator":{"name":"functions"},"message":"Setting GAC to C:\\Users\\night\\AppData\\Roaming\\firebase\\sharjananstaniculas_gmail_com_application_default_credentials.json"}}
[info] +  functions: Loaded functions definitions from source: submit, sendEmail. {"metadata":{"emulator":{"name":"functions"},"message":"Loaded functions definitions from source: submit, sendEmail."}}
[debug] [2025-02-26T20:02:45.285Z] Feb. 26, 2025 3:02:45 P.M. io.gapi.emulators.netty.HttpVersionRoutingHandler channelRead
INFO: Detected non-HTTP/2 connection.
 {"metadata":{"emulator":{"name":"firestore"},"message":"Feb. 26, 2025 3:02:45 P.M. io.gapi.emulators.netty.HttpVersionRoutingHandler channelRead\r\nINFO: Detected non-HTTP/2 connection.\r\n"}}
[debug] [2025-02-26T20:03:45.299Z] Feb. 26, 2025 3:03:45 P.M. io.gapi.emulators.netty.HttpVersionRoutingHandler channelRead
INFO: Detected non-HTTP/2 connection.
 {"metadata":{"emulator":{"name":"firestore"},"message":"Feb. 26, 2025 3:03:45 P.M. io.gapi.emulators.netty.HttpVersionRoutingHandler channelRead\r\nINFO: Detected non-HTTP/2 connection.\r\n"}}
[debug] [2025-02-26T20:04:38.466Z] [work-queue] {"queuedWork":["/speedy-c4155/us-central1/submit-2025-02-26T20:04:38.466Z"],"queueLength":1,"runningWork":[],"workRunningCount":0}
[debug] [2025-02-26T20:04:38.466Z] [work-queue] {"queuedWork":[],"queueLength":0,"runningWork":["/speedy-c4155/us-central1/submit-2025-02-26T20:04:38.466Z"],"workRunningCount":1}
[debug] [2025-02-26T20:04:38.466Z] Accepted request OPTIONS /speedy-c4155/us-central1/submit --> us-central1-submit
[debug] [2025-02-26T20:04:38.468Z] [functions] Runtime ready! Sending request! {"metadata":{"emulator":{"name":"functions"},"message":"[functions] Runtime ready! Sending request!"}}
[debug] [2025-02-26T20:04:38.468Z] [functions] Got req.url=/speedy-c4155/us-central1/submit, mapping to path=/ {"metadata":{"emulator":{"name":"functions"},"message":"[functions] Got req.url=/speedy-c4155/us-central1/submit, mapping to path=/"}}
[debug] [2025-02-26T20:04:38.468Z] [worker-pool] Cleaned up workers for us-central1-submit: 1 --> 0 {"metadata":{"emulator":{"name":"functions"},"message":"[worker-pool] Cleaned up workers for us-central1-submit: 1 --> 0"}}
[debug] [2025-02-26T20:04:38.473Z] [worker-pool] addWorker(us-central1-submit) {"metadata":{"emulator":{"name":"functions"},"message":"[worker-pool] addWorker(us-central1-submit)"}}
[debug] [2025-02-26T20:04:38.473Z] [worker-pool] Adding worker with key us-central1-submit, total=1 {"metadata":{"emulator":{"name":"functions"},"message":"[worker-pool] Adding worker with key us-central1-submit, total=1"}}
[debug] [2025-02-26T20:04:39.310Z] [runtime-status] [20216] Resolved module firebase-admin {"declared":true,"installed":true,"version":"12.7.0","resolution":"C:\\Users\\night\\Documents\\GitHub\\speedy\\my-app\\functions\\node_modules\\firebase-admin\\lib\\index.js"} {"metadata":{"emulator":{"name":"functions"},"function":{"name":"us-central1-submit"},"extension":{},"message":"[runtime-status] [20216] Resolved module firebase-admin {\"declared\":true,\"installed\":true,\"version\":\"12.7.0\",\"resolution\":\"C:\\\\Users\\\\night\\\\Documents\\\\GitHub\\\\speedy\\\\my-app\\\\functions\\\\node_modules\\\\firebase-admin\\\\lib\\\\index.js\"}"}}
[debug] [2025-02-26T20:04:39.311Z] [runtime-status] [20216] Resolved module firebase-functions {"declared":true,"installed":true,"version":"6.3.2","resolution":"C:\\Users\\night\\Documents\\GitHub\\speedy\\my-app\\functions\\node_modules\\firebase-functions\\lib\\v2\\index.js"} {"metadata":{"emulator":{"name":"functions"},"function":{"name":"us-central1-submit"},"extension":{},"message":"[runtime-status] [20216] Resolved module firebase-functions {\"declared\":true,\"installed\":true,\"version\":\"6.3.2\",\"resolution\":\"C:\\\\Users\\\\night\\\\Documents\\\\GitHub\\\\speedy\\\\my-app\\\\functions\\\\node_modules\\\\firebase-functions\\\\lib\\\\v2\\\\index.js\"}"}}
[debug] [2025-02-26T20:04:39.311Z] [runtime-status] [20216] Outgoing network have been stubbed. [{"name":"http","status":"mocked"},{"name":"http","status":"mocked"},{"name":"https","status":"mocked"},{"name":"https","status":"mocked"},{"name":"net","status":"mocked"}] {"metadata":{"emulator":{"name":"functions"},"function":{"name":"us-central1-submit"},"extension":{},"message":"[runtime-status] [20216] Outgoing network have been stubbed. [{\"name\":\"http\",\"status\":\"mocked\"},{\"name\":\"http\",\"status\":\"mocked\"},{\"name\":\"https\",\"status\":\"mocked\"},{\"name\":\"https\",\"status\":\"mocked\"},{\"name\":\"net\",\"status\":\"mocked\"}]"}}
[debug] [2025-02-26T20:04:39.312Z] [runtime-status] [20216] Resolved module firebase-functions {"declared":true,"installed":true,"version":"6.3.2","resolution":"C:\\Users\\night\\Documents\\GitHub\\speedy\\my-app\\functions\\node_modules\\firebase-functions\\lib\\v2\\index.js"} {"metadata":{"emulator":{"name":"functions"},"function":{"name":"us-central1-submit"},"extension":{},"message":"[runtime-status] [20216] Resolved module firebase-functions {\"declared\":true,\"installed\":true,\"version\":\"6.3.2\",\"resolution\":\"C:\\\\Users\\\\night\\\\Documents\\\\GitHub\\\\speedy\\\\my-app\\\\functions\\\\node_modules\\\\firebase-functions\\\\lib\\\\v2\\\\index.js\"}"}}
[debug] [2025-02-26T20:04:39.514Z] [runtime-status] [20216] Checked functions.config() {"config":{}} {"metadata":{"emulator":{"name":"functions"},"function":{"name":"us-central1-submit"},"extension":{},"message":"[runtime-status] [20216] Checked functions.config() {\"config\":{}}"}}
[debug] [2025-02-26T20:04:39.514Z] [runtime-status] [20216] firebase-functions has been stubbed. {"functionsResolution":{"declared":true,"installed":true,"version":"6.3.2","resolution":"C:\\Users\\night\\Documents\\GitHub\\speedy\\my-app\\functions\\node_modules\\firebase-functions\\lib\\v2\\index.js"}} {"metadata":{"emulator":{"name":"functions"},"function":{"name":"us-central1-submit"},"extension":{},"message":"[runtime-status] [20216] firebase-functions has been stubbed. {\"functionsResolution\":{\"declared\":true,\"installed\":true,\"version\":\"6.3.2\",\"resolution\":\"C:\\\\Users\\\\night\\\\Documents\\\\GitHub\\\\speedy\\\\my-app\\\\functions\\\\node_modules\\\\firebase-functions\\\\lib\\\\v2\\\\index.js\"}}"}}
[debug] [2025-02-26T20:04:39.514Z] [runtime-status] [20216] Resolved module firebase-functions {"declared":true,"installed":true,"version":"6.3.2","resolution":"C:\\Users\\night\\Documents\\GitHub\\speedy\\my-app\\functions\\node_modules\\firebase-functions\\lib\\v2\\index.js"} {"metadata":{"emulator":{"name":"functions"},"function":{"name":"us-central1-submit"},"extension":{},"message":"[runtime-status] [20216] Resolved module firebase-functions {\"declared\":true,\"installed\":true,\"version\":\"6.3.2\",\"resolution\":\"C:\\\\Users\\\\night\\\\Documents\\\\GitHub\\\\speedy\\\\my-app\\\\functions\\\\node_modules\\\\firebase-functions\\\\lib\\\\v2\\\\index.js\"}"}}
[debug] [2025-02-26T20:04:39.517Z] [runtime-status] [20216] Resolved module firebase-admin {"declared":true,"installed":true,"version":"12.7.0","resolution":"C:\\Users\\night\\Documents\\GitHub\\speedy\\my-app\\functions\\node_modules\\firebase-admin\\lib\\index.js"} {"metadata":{"emulator":{"name":"functions"},"function":{"name":"us-central1-submit"},"extension":{},"message":"[runtime-status] [20216] Resolved module firebase-admin {\"declared\":true,\"installed\":true,\"version\":\"12.7.0\",\"resolution\":\"C:\\\\Users\\\\night\\\\Documents\\\\GitHub\\\\speedy\\\\my-app\\\\functions\\\\node_modules\\\\firebase-admin\\\\lib\\\\index.js\"}"}}
[debug] [2025-02-26T20:04:39.518Z] [runtime-status] [20216] Resolved module firebase-functions {"declared":true,"installed":true,"version":"6.3.2","resolution":"C:\\Users\\night\\Documents\\GitHub\\speedy\\my-app\\functions\\node_modules\\firebase-functions\\lib\\v2\\index.js"} {"metadata":{"emulator":{"name":"functions"},"function":{"name":"us-central1-submit"},"extension":{},"message":"[runtime-status] [20216] Resolved module firebase-functions {\"declared\":true,\"installed\":true,\"version\":\"6.3.2\",\"resolution\":\"C:\\\\Users\\\\night\\\\Documents\\\\GitHub\\\\speedy\\\\my-app\\\\functions\\\\node_modules\\\\firebase-functions\\\\lib\\\\v2\\\\index.js\"}"}}
[debug] [2025-02-26T20:04:39.518Z] [runtime-status] [20216] firebase-admin has been stubbed. {"adminResolution":{"declared":true,"installed":true,"version":"12.7.0","resolution":"C:\\Users\\night\\Documents\\GitHub\\speedy\\my-app\\functions\\node_modules\\firebase-admin\\lib\\index.js"}} {"metadata":{"emulator":{"name":"functions"},"function":{"name":"us-central1-submit"},"extension":{},"message":"[runtime-status] [20216] firebase-admin has been stubbed. {\"adminResolution\":{\"declared\":true,\"installed\":true,\"version\":\"12.7.0\",\"resolution\":\"C:\\\\Users\\\\night\\\\Documents\\\\GitHub\\\\speedy\\\\my-app\\\\functions\\\\node_modules\\\\firebase-admin\\\\lib\\\\index.js\"}}"}}
[info] >  API key does not start with "SG.". {"user":"API key does not start with \"SG.\".","metadata":{"emulator":{"name":"functions"},"function":{"name":"us-central1-submit"},"extension":{},"message":"\u001b[90m> \u001b[39m API key does not start with \"SG.\"."}}
[debug] [2025-02-26T20:04:39.572Z] [runtime-status] [20216] Functions runtime initialized. {"cwd":"C:\\Users\\night\\Documents\\GitHub\\speedy\\my-app\\functions","node_version":"20.8.0"} {"metadata":{"emulator":{"name":"functions"},"function":{"name":"us-central1-submit"},"extension":{},"message":"[runtime-status] [20216] Functions runtime initialized. {\"cwd\":\"C:\\\\Users\\\\night\\\\Documents\\\\GitHub\\\\speedy\\\\my-app\\\\functions\",\"node_version\":\"20.8.0\"}"}}
[debug] [2025-02-26T20:04:39.572Z] [runtime-status] [20216] Listening to port: \\?\pipe\fire_emu_c083f137f3bdfae8 {"metadata":{"emulator":{"name":"functions"},"function":{"name":"us-central1-submit"},"extension":{},"message":"[runtime-status] [20216] Listening to port: \\\\?\\pipe\\fire_emu_c083f137f3bdfae8"}}
[debug] [2025-02-26T20:04:39.682Z] [worker-us-central1-submit-8accd9f0-1104-4e70-95eb-3091f71c2b41]: IDLE {"metadata":{"emulator":{"name":"functions"},"function":{"name":"us-central1-submit"},"extension":{},"message":"[worker-us-central1-submit-8accd9f0-1104-4e70-95eb-3091f71c2b41]: IDLE"}}
[debug] [2025-02-26T20:04:39.682Z] [worker-pool] submitRequest(triggerId=us-central1-submit) {"metadata":{"emulator":{"name":"functions"},"message":"[worker-pool] submitRequest(triggerId=us-central1-submit)"}}
[info] i  functions: Beginning execution of "us-central1-submit" {"metadata":{"emulator":{"name":"functions"},"function":{"name":"us-central1-submit"},"extension":{},"message":"Beginning execution of \"us-central1-submit\""}}
[debug] [2025-02-26T20:04:39.683Z] [worker-us-central1-submit-8accd9f0-1104-4e70-95eb-3091f71c2b41]: BUSY {"metadata":{"emulator":{"name":"functions"},"function":{"name":"us-central1-submit"},"extension":{},"message":"[worker-us-central1-submit-8accd9f0-1104-4e70-95eb-3091f71c2b41]: BUSY"}}
[debug] [2025-02-26T20:04:39.687Z] Finishing up request with event=pause {"metadata":{"emulator":{"name":"functions"},"function":{"name":"us-central1-submit"},"extension":{},"message":"Finishing up request with event=pause"}}
[info] i  functions: Finished "us-central1-submit" in 3.7718ms {"metadata":{"emulator":{"name":"functions"},"function":{"name":"us-central1-submit"},"extension":{},"message":"Finished \"us-central1-submit\" in 3.7718ms"}}
[debug] [2025-02-26T20:04:39.688Z] [worker-us-central1-submit-8accd9f0-1104-4e70-95eb-3091f71c2b41]: IDLE {"metadata":{"emulator":{"name":"functions"},"function":{"name":"us-central1-submit"},"extension":{},"message":"[worker-us-central1-submit-8accd9f0-1104-4e70-95eb-3091f71c2b41]: IDLE"}}
[debug] [2025-02-26T20:04:39.688Z] Finishing up request with event=finish {"metadata":{"emulator":{"name":"functions"},"function":{"name":"us-central1-submit"},"extension":{},"message":"Finishing up request with event=finish"}}
[debug] [2025-02-26T20:04:39.688Z] Finishing up request with event=close {"metadata":{"emulator":{"name":"functions"},"function":{"name":"us-central1-submit"},"extension":{},"message":"Finishing up request with event=close"}}
[debug] [2025-02-26T20:04:39.688Z] [work-queue] {"queuedWork":[],"queueLength":0,"runningWork":[],"workRunningCount":0}
[debug] [2025-02-26T20:04:39.689Z] [work-queue] {"queuedWork":["/speedy-c4155/us-central1/submit-2025-02-26T20:04:39.689Z"],"queueLength":1,"runningWork":[],"workRunningCount":0}
[debug] [2025-02-26T20:04:39.690Z] [work-queue] {"queuedWork":[],"queueLength":0,"runningWork":["/speedy-c4155/us-central1/submit-2025-02-26T20:04:39.689Z"],"workRunningCount":1}
[debug] [2025-02-26T20:04:39.690Z] Accepted request POST /speedy-c4155/us-central1/submit --> us-central1-submit
[debug] [2025-02-26T20:04:39.691Z] [functions] Runtime ready! Sending request! {"metadata":{"emulator":{"name":"functions"},"message":"[functions] Runtime ready! Sending request!"}}
[debug] [2025-02-26T20:04:39.691Z] [functions] Got req.url=/speedy-c4155/us-central1/submit, mapping to path=/ {"metadata":{"emulator":{"name":"functions"},"message":"[functions] Got req.url=/speedy-c4155/us-central1/submit, mapping to path=/"}}
[debug] [2025-02-26T20:04:39.691Z] [worker-pool] submitRequest(triggerId=us-central1-submit) {"metadata":{"emulator":{"name":"functions"},"message":"[worker-pool] submitRequest(triggerId=us-central1-submit)"}}
[info] i  functions: Beginning execution of "us-central1-submit" {"metadata":{"emulator":{"name":"functions"},"function":{"name":"us-central1-submit"},"extension":{},"message":"Beginning execution of \"us-central1-submit\""}}
[debug] [2025-02-26T20:04:39.692Z] [worker-us-central1-submit-8accd9f0-1104-4e70-95eb-3091f71c2b41]: BUSY {"metadata":{"emulator":{"name":"functions"},"function":{"name":"us-central1-submit"},"extension":{},"message":"[worker-us-central1-submit-8accd9f0-1104-4e70-95eb-3091f71c2b41]: BUSY"}}
[debug] [2025-02-26T20:04:39.926Z] Feb. 26, 2025 3:04:39 P.M. io.gapi.emulators.netty.HttpVersionRoutingHandler channelRead
INFO: Detected HTTP/2 connection.
 {"metadata":{"emulator":{"name":"firestore"},"message":"Feb. 26, 2025 3:04:39 P.M. io.gapi.emulators.netty.HttpVersionRoutingHandler channelRead\r\nINFO: Detected HTTP/2 connection.\r\n"}}
[debug] [2025-02-26T20:04:39.942Z] Feb. 26, 2025 3:04:39 P.M. io.gapi.emulators.netty.HttpVersionRoutingHandler channelRead
INFO: Detected non-HTTP/2 connection.
 {"metadata":{"emulator":{"name":"firestore"},"message":"Feb. 26, 2025 3:04:39 P.M. io.gapi.emulators.netty.HttpVersionRoutingHandler channelRead\r\nINFO: Detected non-HTTP/2 connection.\r\n"}}
[debug] [2025-02-26T20:04:39.945Z] [work-queue] {"queuedWork":["/functions/projects/speedy-c4155/triggers/us-central1-sendEmail-0-2025-02-26T20:04:39.945Z"],"queueLength":1,"runningWork":["/speedy-c4155/us-central1/submit-2025-02-26T20:04:39.689Z"],"workRunningCount":1}
[debug] [2025-02-26T20:04:39.945Z] [work-queue] {"queuedWork":[],"queueLength":0,"runningWork":["/speedy-c4155/us-central1/submit-2025-02-26T20:04:39.689Z","/functions/projects/speedy-c4155/triggers/us-central1-sendEmail-0-2025-02-26T20:04:39.945Z"],"workRunningCount":2}
[debug] [2025-02-26T20:04:39.945Z] Accepted request POST /functions/projects/speedy-c4155/triggers/us-central1-sendEmail-0 --> us-central1-sendEmail-0
[debug] [2025-02-26T20:04:39.946Z] [functions] Runtime ready! Sending request! {"metadata":{"emulator":{"name":"functions"},"message":"[functions] Runtime ready! Sending request!"}}
[debug] [2025-02-26T20:04:39.946Z] [functions] Got req.url=/functions/projects/speedy-c4155/triggers/us-central1-sendEmail-0, mapping to path=/functions/projects/ {"metadata":{"emulator":{"name":"functions"},"message":"[functions] Got req.url=/functions/projects/speedy-c4155/triggers/us-central1-sendEmail-0, mapping to path=/functions/projects/"}}
[debug] [2025-02-26T20:04:39.951Z] [worker-pool] addWorker(us-central1-sendEmail) {"metadata":{"emulator":{"name":"functions"},"message":"[worker-pool] addWorker(us-central1-sendEmail)"}}
[debug] [2025-02-26T20:04:39.951Z] [worker-pool] Adding worker with key us-central1-sendEmail, total=1 {"metadata":{"emulator":{"name":"functions"},"message":"[worker-pool] Adding worker with key us-central1-sendEmail, total=1"}}
[debug] [2025-02-26T20:04:39.952Z] Finishing up request with event=pause {"metadata":{"emulator":{"name":"functions"},"function":{"name":"us-central1-submit"},"extension":{},"message":"Finishing up request with event=pause"}}
[info] i  functions: Finished "us-central1-submit" in 260.2019ms {"metadata":{"emulator":{"name":"functions"},"function":{"name":"us-central1-submit"},"extension":{},"message":"Finished \"us-central1-submit\" in 260.2019ms"}}
[debug] [2025-02-26T20:04:39.953Z] [worker-us-central1-submit-8accd9f0-1104-4e70-95eb-3091f71c2b41]: IDLE {"metadata":{"emulator":{"name":"functions"},"function":{"name":"us-central1-submit"},"extension":{},"message":"[worker-us-central1-submit-8accd9f0-1104-4e70-95eb-3091f71c2b41]: IDLE"}}
[debug] [2025-02-26T20:04:39.953Z] Finishing up request with event=finish {"metadata":{"emulator":{"name":"functions"},"function":{"name":"us-central1-submit"},"extension":{},"message":"Finishing up request with event=finish"}}
[debug] [2025-02-26T20:04:39.953Z] Finishing up request with event=close {"metadata":{"emulator":{"name":"functions"},"function":{"name":"us-central1-submit"},"extension":{},"message":"Finishing up request with event=close"}}
[debug] [2025-02-26T20:04:39.953Z] [work-queue] {"queuedWork":[],"queueLength":0,"runningWork":["/functions/projects/speedy-c4155/triggers/us-central1-sendEmail-0-2025-02-26T20:04:39.945Z"],"workRunningCount":1}
[debug] [2025-02-26T20:04:40.773Z] [runtime-status] [15264] Resolved module firebase-admin {"declared":true,"installed":true,"version":"12.7.0","resolution":"C:\\Users\\night\\Documents\\GitHub\\speedy\\my-app\\functions\\node_modules\\firebase-admin\\lib\\index.js"} {"metadata":{"emulator":{"name":"functions"},"function":{"name":"us-central1-sendEmail"},"extension":{},"message":"[runtime-status] [15264] Resolved module firebase-admin {\"declared\":true,\"installed\":true,\"version\":\"12.7.0\",\"resolution\":\"C:\\\\Users\\\\night\\\\Documents\\\\GitHub\\\\speedy\\\\my-app\\\\functions\\\\node_modules\\\\firebase-admin\\\\lib\\\\index.js\"}"}}
[debug] [2025-02-26T20:04:40.773Z] [runtime-status] [15264] Resolved module firebase-functions {"declared":true,"installed":true,"version":"6.3.2","resolution":"C:\\Users\\night\\Documents\\GitHub\\speedy\\my-app\\functions\\node_modules\\firebase-functions\\lib\\v2\\index.js"} {"metadata":{"emulator":{"name":"functions"},"function":{"name":"us-central1-sendEmail"},"extension":{},"message":"[runtime-status] [15264] Resolved module firebase-functions {\"declared\":true,\"installed\":true,\"version\":\"6.3.2\",\"resolution\":\"C:\\\\Users\\\\night\\\\Documents\\\\GitHub\\\\speedy\\\\my-app\\\\functions\\\\node_modules\\\\firebase-functions\\\\lib\\\\v2\\\\index.js\"}"}}
[debug] [2025-02-26T20:04:40.774Z] [runtime-status] [15264] Outgoing network have been stubbed. [{"name":"http","status":"mocked"},{"name":"http","status":"mocked"},{"name":"https","status":"mocked"},{"name":"https","status":"mocked"},{"name":"net","status":"mocked"}] {"metadata":{"emulator":{"name":"functions"},"function":{"name":"us-central1-sendEmail"},"extension":{},"message":"[runtime-status] [15264] Outgoing network have been stubbed. [{\"name\":\"http\",\"status\":\"mocked\"},{\"name\":\"http\",\"status\":\"mocked\"},{\"name\":\"https\",\"status\":\"mocked\"},{\"name\":\"https\",\"status\":\"mocked\"},{\"name\":\"net\",\"status\":\"mocked\"}]"}}
[debug] [2025-02-26T20:04:40.774Z] [runtime-status] [15264] Resolved module firebase-functions {"declared":true,"installed":true,"version":"6.3.2","resolution":"C:\\Users\\night\\Documents\\GitHub\\speedy\\my-app\\functions\\node_modules\\firebase-functions\\lib\\v2\\index.js"} {"metadata":{"emulator":{"name":"functions"},"function":{"name":"us-central1-sendEmail"},"extension":{},"message":"[runtime-status] [15264] Resolved module firebase-functions {\"declared\":true,\"installed\":true,\"version\":\"6.3.2\",\"resolution\":\"C:\\\\Users\\\\night\\\\Documents\\\\GitHub\\\\speedy\\\\my-app\\\\functions\\\\node_modules\\\\firebase-functions\\\\lib\\\\v2\\\\index.js\"}"}}
[debug] [2025-02-26T20:04:40.945Z] [runtime-status] [15264] Checked functions.config() {"config":{}} {"metadata":{"emulator":{"name":"functions"},"function":{"name":"us-central1-sendEmail"},"extension":{},"message":"[runtime-status] [15264] Checked functions.config() {\"config\":{}}"}}
[debug] [2025-02-26T20:04:40.946Z] [runtime-status] [15264] firebase-functions has been stubbed. {"functionsResolution":{"declared":true,"installed":true,"version":"6.3.2","resolution":"C:\\Users\\night\\Documents\\GitHub\\speedy\\my-app\\functions\\node_modules\\firebase-functions\\lib\\v2\\index.js"}} {"metadata":{"emulator":{"name":"functions"},"function":{"name":"us-central1-sendEmail"},"extension":{},"message":"[runtime-status] [15264] firebase-functions has been stubbed. {\"functionsResolution\":{\"declared\":true,\"installed\":true,\"version\":\"6.3.2\",\"resolution\":\"C:\\\\Users\\\\night\\\\Documents\\\\GitHub\\\\speedy\\\\my-app\\\\functions\\\\node_modules\\\\firebase-functions\\\\lib\\\\v2\\\\index.js\"}}"}}
[debug] [2025-02-26T20:04:40.946Z] [runtime-status] [15264] Resolved module firebase-functions {"declared":true,"installed":true,"version":"6.3.2","resolution":"C:\\Users\\night\\Documents\\GitHub\\speedy\\my-app\\functions\\node_modules\\firebase-functions\\lib\\v2\\index.js"} {"metadata":{"emulator":{"name":"functions"},"function":{"name":"us-central1-sendEmail"},"extension":{},"message":"[runtime-status] [15264] Resolved module firebase-functions {\"declared\":true,\"installed\":true,\"version\":\"6.3.2\",\"resolution\":\"C:\\\\Users\\\\night\\\\Documents\\\\GitHub\\\\speedy\\\\my-app\\\\functions\\\\node_modules\\\\firebase-functions\\\\lib\\\\v2\\\\index.js\"}"}}
[debug] [2025-02-26T20:04:40.949Z] [runtime-status] [15264] Resolved module firebase-admin {"declared":true,"installed":true,"version":"12.7.0","resolution":"C:\\Users\\night\\Documents\\GitHub\\speedy\\my-app\\functions\\node_modules\\firebase-admin\\lib\\index.js"} {"metadata":{"emulator":{"name":"functions"},"function":{"name":"us-central1-sendEmail"},"extension":{},"message":"[runtime-status] [15264] Resolved module firebase-admin {\"declared\":true,\"installed\":true,\"version\":\"12.7.0\",\"resolution\":\"C:\\\\Users\\\\night\\\\Documents\\\\GitHub\\\\speedy\\\\my-app\\\\functions\\\\node_modules\\\\firebase-admin\\\\lib\\\\index.js\"}"}}
[debug] [2025-02-26T20:04:40.950Z] [runtime-status] [15264] Resolved module firebase-functions {"declared":true,"installed":true,"version":"6.3.2","resolution":"C:\\Users\\night\\Documents\\GitHub\\speedy\\my-app\\functions\\node_modules\\firebase-functions\\lib\\v2\\index.js"} {"metadata":{"emulator":{"name":"functions"},"function":{"name":"us-central1-sendEmail"},"extension":{},"message":"[runtime-status] [15264] Resolved module firebase-functions {\"declared\":true,\"installed\":true,\"version\":\"6.3.2\",\"resolution\":\"C:\\\\Users\\\\night\\\\Documents\\\\GitHub\\\\speedy\\\\my-app\\\\functions\\\\node_modules\\\\firebase-functions\\\\lib\\\\v2\\\\index.js\"}"}}
[debug] [2025-02-26T20:04:40.950Z] [runtime-status] [15264] firebase-admin has been stubbed. {"adminResolution":{"declared":true,"installed":true,"version":"12.7.0","resolution":"C:\\Users\\night\\Documents\\GitHub\\speedy\\my-app\\functions\\node_modules\\firebase-admin\\lib\\index.js"}} {"metadata":{"emulator":{"name":"functions"},"function":{"name":"us-central1-sendEmail"},"extension":{},"message":"[runtime-status] [15264] firebase-admin has been stubbed. {\"adminResolution\":{\"declared\":true,\"installed\":true,\"version\":\"12.7.0\",\"resolution\":\"C:\\\\Users\\\\night\\\\Documents\\\\GitHub\\\\speedy\\\\my-app\\\\functions\\\\node_modules\\\\firebase-admin\\\\lib\\\\index.js\"}}"}}
[info] >  API key does not start with "SG.". {"user":"API key does not start with \"SG.\".","metadata":{"emulator":{"name":"functions"},"function":{"name":"us-central1-sendEmail"},"extension":{},"message":"\u001b[90m> \u001b[39m API key does not start with \"SG.\"."}}
[debug] [2025-02-26T20:04:41.002Z] [runtime-status] [15264] Functions runtime initialized. {"cwd":"C:\\Users\\night\\Documents\\GitHub\\speedy\\my-app\\functions","node_version":"20.8.0"} {"metadata":{"emulator":{"name":"functions"},"function":{"name":"us-central1-sendEmail"},"extension":{},"message":"[runtime-status] [15264] Functions runtime initialized. {\"cwd\":\"C:\\\\Users\\\\night\\\\Documents\\\\GitHub\\\\speedy\\\\my-app\\\\functions\",\"node_version\":\"20.8.0\"}"}}
[debug] [2025-02-26T20:04:41.002Z] [runtime-status] [15264] Listening to port: \\?\pipe\fire_emu_c400bbf458e32c4c {"metadata":{"emulator":{"name":"functions"},"function":{"name":"us-central1-sendEmail"},"extension":{},"message":"[runtime-status] [15264] Listening to port: \\\\?\\pipe\\fire_emu_c400bbf458e32c4c"}}
[debug] [2025-02-26T20:04:41.042Z] [worker-us-central1-sendEmail-5b589824-b4ce-4297-8c90-85722bcc49c2]: IDLE {"metadata":{"emulator":{"name":"functions"},"function":{"name":"us-central1-sendEmail"},"extension":{},"message":"[worker-us-central1-sendEmail-5b589824-b4ce-4297-8c90-85722bcc49c2]: IDLE"}}
[debug] [2025-02-26T20:04:41.042Z] [worker-pool] submitRequest(triggerId=us-central1-sendEmail) {"metadata":{"emulator":{"name":"functions"},"message":"[worker-pool] submitRequest(triggerId=us-central1-sendEmail)"}}
[info] i  functions: Beginning execution of "us-central1-sendEmail" {"metadata":{"emulator":{"name":"functions"},"function":{"name":"us-central1-sendEmail"},"extension":{},"message":"Beginning execution of \"us-central1-sendEmail\""}}
[debug] [2025-02-26T20:04:41.043Z] [worker-us-central1-sendEmail-5b589824-b4ce-4297-8c90-85722bcc49c2]: BUSY {"metadata":{"emulator":{"name":"functions"},"function":{"name":"us-central1-sendEmail"},"extension":{},"message":"[worker-us-central1-sendEmail-5b589824-b4ce-4297-8c90-85722bcc49c2]: BUSY"}}
[debug] [2025-02-26T20:04:41.046Z] [runtime-status] [15264] RunCloudEvent {"specversion":"1.0","type":"google.cloud.firestore.document.v1.created","source":"//firestore.googleapis.com/projects/projects/speedy-c4155/databases/(default)","id":"7b03e2ea-b69c-45b2-9cff-1af5b3f06967","subject":"documents/Appointments/I9IijZDGF39Mkdoc9Dld","time":"2025-02-26T20:04:39Z","datacontenttype":"application/protobuf","dataschema":"https://github.com/googleapis/google-cloudevents/blob/main/proto/google/events/cloud/firestore/v1/data.proto","location":"us-central1","project":"speedy-c4155","database":"(default)","namespace":"(default)","document":"Appointments/I9IijZDGF39Mkdoc9Dld","data":{"type":"Buffer","data":[10,223,2,10,85,112,114,111,106,101,99,116,115,47,115,112,101,101,100,121,45,99,52,49,53,53,47,100,97,116,97,98,97,115,101,115,47,40,100,101,102,97,117,108,116,41,47,100,111,99,117,109,101,110,116,115,47,65,112,112,111,105,110,116,109,101,110,116,115,47,73,57,73,105,106,90,68,71,70,51,57,77,107,100,111,99,57,68,108,100,18,233,1,10,8,111,114,105,103,105,110,97,108,18,220,1,50,217,1,10,25,10,9,102,105,114,115,116,78,97,109,101,18,12,138,1,9,83,104,97,114,106,97,110,97,110,10,25,10,8,108,97,115,116,78,97,109,101,18,13,138,1,10,83,116,97,110,105,99,117,108,97,115,10,35,10,5,101,109,97,105,108,18,26,138,1,23,115,104,97,114,106,97,110,97,110,53,53,64,104,111,116,109,97,105,108,46,99,111,109,10,23,10,5,112,104,111,110,101,18,14,138,1,11,49,53,49,52,57,50,52,57,49,53,52,10,20,10,13,115,101,114,118,105,99,101,78,101,101,100,101,100,18,3,138,1,0,10,14,10,7,99,97,114,84,121,112,101,18,3,138,1,0,10,14,10,7,99,97,114,89,101,97,114,18,3,138,1,0,10,19,10,4,99,105,116,121,18,11,138,1,8,77,79,78,84,82,69,65,76,10,24,10,10,112,111,115,116,97,108,67,111,100,101,18,10,138,1,7,72,49,90,32,52,67,54,26,12,8,215,231,253,189,6,16,208,155,170,187,3,34,12,8,215,231,253,189,6,16,208,155,170,187,3,26,0]}} {"metadata":{"emulator":{"name":"functions"},"function":{"name":"us-central1-sendEmail"},"extension":{},"message":"[runtime-status] [15264] RunCloudEvent {\"specversion\":\"1.0\",\"type\":\"google.cloud.firestore.document.v1.created\",\"source\":\"//firestore.googleapis.com/projects/projects/speedy-c4155/databases/(default)\",\"id\":\"7b03e2ea-b69c-45b2-9cff-1af5b3f06967\",\"subject\":\"documents/Appointments/I9IijZDGF39Mkdoc9Dld\",\"time\":\"2025-02-26T20:04:39Z\",\"datacontenttype\":\"application/protobuf\",\"dataschema\":\"https://github.com/googleapis/google-cloudevents/blob/main/proto/google/events/cloud/firestore/v1/data.proto\",\"location\":\"us-central1\",\"project\":\"speedy-c4155\",\"database\":\"(default)\",\"namespace\":\"(default)\",\"document\":\"Appointments/I9IijZDGF39Mkdoc9Dld\",\"data\":{\"type\":\"Buffer\",\"data\":[10,223,2,10,85,112,114,111,106,101,99,116,115,47,115,112,101,101,100,121,45,99,52,49,53,53,47,100,97,116,97,98,97,115,101,115,47,40,100,101,102,97,117,108,116,41,47,100,111,99,117,109,101,110,116,115,47,65,112,112,111,105,110,116,109,101,110,116,115,47,73,57,73,105,106,90,68,71,70,51,57,77,107,100,111,99,57,68,108,100,18,233,1,10,8,111,114,105,103,105,110,97,108,18,220,1,50,217,1,10,25,10,9,102,105,114,115,116,78,97,109,101,18,12,138,1,9,83,104,97,114,106,97,110,97,110,10,25,10,8,108,97,115,116,78,97,109,101,18,13,138,1,10,83,116,97,110,105,99,117,108,97,115,10,35,10,5,101,109,97,105,108,18,26,138,1,23,115,104,97,114,106,97,110,97,110,53,53,64,104,111,116,109,97,105,108,46,99,111,109,10,23,10,5,112,104,111,110,101,18,14,138,1,11,49,53,49,52,57,50,52,57,49,53,52,10,20,10,13,115,101,114,118,105,99,101,78,101,101,100,101,100,18,3,138,1,0,10,14,10,7,99,97,114,84,121,112,101,18,3,138,1,0,10,14,10,7,99,97,114,89,101,97,114,18,3,138,1,0,10,19,10,4,99,105,116,121,18,11,138,1,8,77,79,78,84,82,69,65,76,10,24,10,10,112,111,115,116,97,108,67,111,100,101,18,10,138,1,7,72,49,90,32,52,67,54,26,12,8,215,231,253,189,6,16,208,155,170,187,3,34,12,8,215,231,253,189,6,16,208,155,170,187,3,26,0]}}"}}
[info] >  ⚠️ Error sending email: Error: Provide at least one of to, cc or bcc {"user":"⚠️ Error sending email: Error: Provide at least one of to, cc or bcc","metadata":{"emulator":{"name":"functions"},"function":{"name":"us-central1-sendEmail"},"extension":{},"message":"\u001b[90m> \u001b[39m ⚠️ Error sending email: Error: Provide at least one of to, cc or bcc"}}
[info] >      at Mail.addTo (C:\Users\night\Documents\GitHub\speedy\my-app\node_modules\@sendgrid\helpers\classes\mail.js:254:13) {"user":"    at Mail.addTo (C:\\Users\\night\\Documents\\GitHub\\speedy\\my-app\\node_modules\\@sendgrid\\helpers\\classes\\mail.js:254:13)","metadata":{"emulator":{"name":"functions"},"function":{"name":"us-central1-sendEmail"},"extension":{},"message":"\u001b[90m> \u001b[39m     at Mail.addTo (C:\\Users\\night\\Documents\\GitHub\\speedy\\my-app\\node_modules\\@sendgrid\\helpers\\classes\\mail.js:254:13)"}}
[info] >      at Mail.fromData (C:\Users\night\Documents\GitHub\speedy\my-app\node_modules\@sendgrid\helpers\classes\mail.js:114:12) {"user":"    at Mail.fromData (C:\\Users\\night\\Documents\\GitHub\\speedy\\my-app\\node_modules\\@sendgrid\\helpers\\classes\\mail.js:114:12)","metadata":{"emulator":{"name":"functions"},"function":{"name":"us-central1-sendEmail"},"extension":{},"message":"\u001b[90m> \u001b[39m     at Mail.fromData (C:\\Users\\night\\Documents\\GitHub\\speedy\\my-app\\node_modules\\@sendgrid\\helpers\\classes\\mail.js:114:12)"}}
[info] >      at new Mail (C:\Users\night\Documents\GitHub\speedy\my-app\node_modules\@sendgrid\helpers\classes\mail.js:46:12) {"user":"    at new Mail (C:\\Users\\night\\Documents\\GitHub\\speedy\\my-app\\node_modules\\@sendgrid\\helpers\\classes\\mail.js:46:12)","metadata":{"emulator":{"name":"functions"},"function":{"name":"us-central1-sendEmail"},"extension":{},"message":"\u001b[90m> \u001b[39m     at new Mail (C:\\Users\\night\\Documents\\GitHub\\speedy\\my-app\\node_modules\\@sendgrid\\helpers\\classes\\mail.js:46:12)"}}
[info] >      at Mail.create (C:\Users\night\Documents\GitHub\speedy\my-app\node_modules\@sendgrid\helpers\classes\mail.js:594:12) {"user":"    at Mail.create (C:\\Users\\night\\Documents\\GitHub\\speedy\\my-app\\node_modules\\@sendgrid\\helpers\\classes\\mail.js:594:12)","metadata":{"emulator":{"name":"functions"},"function":{"name":"us-central1-sendEmail"},"extension":{},"message":"\u001b[90m> \u001b[39m     at Mail.create (C:\\Users\\night\\Documents\\GitHub\\speedy\\my-app\\node_modules\\@sendgrid\\helpers\\classes\\mail.js:594:12)"}}
[info] >      at MailService.send (C:\Users\night\Documents\GitHub\speedy\my-app\node_modules\@sendgrid\mail\src\classes\mail-service.js:194:25) {"user":"    at MailService.send (C:\\Users\\night\\Documents\\GitHub\\speedy\\my-app\\node_modules\\@sendgrid\\mail\\src\\classes\\mail-service.js:194:25)","metadata":{"emulator":{"name":"functions"},"function":{"name":"us-central1-sendEmail"},"extension":{},"message":"\u001b[90m> \u001b[39m     at MailService.send (C:\\Users\\night\\Documents\\GitHub\\speedy\\my-app\\node_modules\\@sendgrid\\mail\\src\\classes\\mail-service.js:194:25)"}}
[info] >      at C:\Users\night\Documents\GitHub\speedy\my-app\functions\index.js:73:18 {"user":"    at C:\\Users\\night\\Documents\\GitHub\\speedy\\my-app\\functions\\index.js:73:18","metadata":{"emulator":{"name":"functions"},"function":{"name":"us-central1-sendEmail"},"extension":{},"message":"\u001b[90m> \u001b[39m     at C:\\Users\\night\\Documents\\GitHub\\speedy\\my-app\\functions\\index.js:73:18"}}
[info] >      at C:\Users\night\Documents\GitHub\speedy\my-app\functions\node_modules\firebase-functions\lib\common\onInit.js:33:16 {"user":"    at C:\\Users\\night\\Documents\\GitHub\\speedy\\my-app\\functions\\node_modules\\firebase-functions\\lib\\common\\onInit.js:33:16","metadata":{"emulator":{"name":"functions"},"function":{"name":"us-central1-sendEmail"},"extension":{},"message":"\u001b[90m> \u001b[39m     at C:\\Users\\night\\Documents\\GitHub\\speedy\\my-app\\functions\\node_modules\\firebase-functions\\lib\\common\\onInit.js:33:16"}}
[info] >      at C:\Users\night\Documents\GitHub\speedy\my-app\functions\node_modules\firebase-functions\lib\v2\trace.js:16:28 {"user":"    at C:\\Users\\night\\Documents\\GitHub\\speedy\\my-app\\functions\\node_modules\\firebase-functions\\lib\\v2\\trace.js:16:28","metadata":{"emulator":{"name":"functions"},"function":{"name":"us-central1-sendEmail"},"extension":{},"message":"\u001b[90m> \u001b[39m     at C:\\Users\\night\\Documents\\GitHub\\speedy\\my-app\\functions\\node_modules\\firebase-functions\\lib\\v2\\trace.js:16:28"}}
[info] >      at func (C:\Users\night\Documents\GitHub\speedy\my-app\functions\node_modules\firebase-functions\lib\v2\providers\firestore.js:301:78) {"user":"    at func (C:\\Users\\night\\Documents\\GitHub\\speedy\\my-app\\functions\\node_modules\\firebase-functions\\lib\\v2\\providers\\firestore.js:301:78)","metadata":{"emulator":{"name":"functions"},"function":{"name":"us-central1-sendEmail"},"extension":{},"message":"\u001b[90m> \u001b[39m     at func (C:\\Users\\night\\Documents\\GitHub\\speedy\\my-app\\functions\\node_modules\\firebase-functions\\lib\\v2\\providers\\firestore.js:301:78)"}}
[info] >      at C:\Users\night\AppData\Roaming\npm\node_modules\firebase-tools\lib\emulator\functionsEmulatorRuntime.js:524:16 {"user":"    at C:\\Users\\night\\AppData\\Roaming\\npm\\node_modules\\firebase-tools\\lib\\emulator\\functionsEmulatorRuntime.js:524:16","metadata":{"emulator":{"name":"functions"},"function":{"name":"us-central1-sendEmail"},"extension":{},"message":"\u001b[90m> \u001b[39m     at C:\\Users\\night\\AppData\\Roaming\\npm\\node_modules\\firebase-tools\\lib\\emulator\\functionsEmulatorRuntime.js:524:16"}}
[debug] [2025-02-26T20:04:41.083Z] Finishing up request with event=pause {"metadata":{"emulator":{"name":"functions"},"function":{"name":"us-central1-sendEmail"},"extension":{},"message":"Finishing up request with event=pause"}}
[info] i  functions: Finished "us-central1-sendEmail" in 40.6876ms {"metadata":{"emulator":{"name":"functions"},"function":{"name":"us-central1-sendEmail"},"extension":{},"message":"Finished \"us-central1-sendEmail\" in 40.6876ms"}}
[debug] [2025-02-26T20:04:41.084Z] [worker-us-central1-sendEmail-5b589824-b4ce-4297-8c90-85722bcc49c2]: IDLE {"metadata":{"emulator":{"name":"functions"},"function":{"name":"us-central1-sendEmail"},"extension":{},"message":"[worker-us-central1-sendEmail-5b589824-b4ce-4297-8c90-85722bcc49c2]: IDLE"}}
[debug] [2025-02-26T20:04:41.084Z] Finishing up request with event=finish {"metadata":{"emulator":{"name":"functions"},"function":{"name":"us-central1-sendEmail"},"extension":{},"message":"Finishing up request with event=finish"}}
[debug] [2025-02-26T20:04:41.084Z] Finishing up request with event=close {"metadata":{"emulator":{"name":"functions"},"function":{"name":"us-central1-sendEmail"},"extension":{},"message":"Finishing up request with event=close"}}
[debug] [2025-02-26T20:04:41.084Z] [work-queue] {"queuedWork":[],"queueLength":0,"runningWork":[],"workRunningCount":0}
[debug] [2025-02-26T20:04:51.224Z] Feb. 26, 2025 3:04:51 P.M. com.google.cloud.datastore.emulator.firestore.websocket.WebSocketChannelHandler channelClosed
INFO: Websocket client disconnected
 {"metadata":{"emulator":{"name":"firestore"},"message":"Feb. 26, 2025 3:04:51 P.M. com.google.cloud.datastore.emulator.firestore.websocket.WebSocketChannelHandler channelClosed\r\nINFO: Websocket client disconnected\r\n"}}
[debug] [2025-02-26T20:04:51.234Z] Feb. 26, 2025 3:04:51 P.M. com.google.cloud.datastore.emulator.firestore.websocket.WebSocketChannelHandler initChannel
INFO: Connected to new websocket client
 {"metadata":{"emulator":{"name":"firestore"},"message":"Feb. 26, 2025 3:04:51 P.M. com.google.cloud.datastore.emulator.firestore.websocket.WebSocketChannelHandler initChannel\r\nINFO: Connected to new websocket client\r\n"}}
[debug] [2025-02-26T20:04:58.661Z] Feb. 26, 2025 3:04:58 P.M. io.gapi.emulators.netty.HttpVersionRoutingHandler channelRead
INFO: Detected non-HTTP/2 connection.
 {"metadata":{"emulator":{"name":"firestore"},"message":"Feb. 26, 2025 3:04:58 P.M. io.gapi.emulators.netty.HttpVersionRoutingHandler channelRead\r\nINFO: Detected non-HTTP/2 connection.\r\n"}}
[debug] [2025-02-26T20:04:58.662Z] Feb. 26, 2025 3:04:58 P.M. io.gapi.emulators.netty.HttpVersionRoutingHandler channelRead
INFO: Detected non-HTTP/2 connection.
 {"metadata":{"emulator":{"name":"firestore"},"message":"Feb. 26, 2025 3:04:58 P.M. io.gapi.emulators.netty.HttpVersionRoutingHandler channelRead\r\nINFO: Detected non-HTTP/2 connection.\r\n"}}
[debug] [2025-02-26T20:04:58.662Z] Feb. 26, 2025 3:04:58 P.M. io.gapi.emulators.netty.HttpVersionRoutingHandler channelRead
INFO: Detected non-HTTP/2 connection.
 {"metadata":{"emulator":{"name":"firestore"},"message":"Feb. 26, 2025 3:04:58 P.M. io.gapi.emulators.netty.HttpVersionRoutingHandler channelRead\r\nINFO: Detected non-HTTP/2 connection.\r\n"}}
[debug] [2025-02-26T20:04:58.676Z] Feb. 26, 2025 3:04:58 P.M. com.google.cloud.datastore.emulator.firestore.websocket.WebSocketChannelHandler channelClosed
INFO: Websocket client disconnected
 {"metadata":{"emulator":{"name":"firestore"},"message":"Feb. 26, 2025 3:04:58 P.M. com.google.cloud.datastore.emulator.firestore.websocket.WebSocketChannelHandler channelClosed\r\nINFO: Websocket client disconnected\r\n"}}
[debug] [2025-02-26T20:04:58.682Z] Feb. 26, 2025 3:04:58 P.M. com.google.cloud.datastore.emulator.firestore.websocket.WebSocketChannelHandler initChannel
INFO: Connected to new websocket client
 {"metadata":{"emulator":{"name":"firestore"},"message":"Feb. 26, 2025 3:04:58 P.M. com.google.cloud.datastore.emulator.firestore.websocket.WebSocketChannelHandler initChannel\r\nINFO: Connected to new websocket client\r\n"}}
[debug] [2025-02-26T20:04:58.696Z] Feb. 26, 2025 3:04:58 P.M. io.gapi.emulators.netty.HttpVersionRoutingHandler channelRead
INFO: Detected non-HTTP/2 connection.
 {"metadata":{"emulator":{"name":"firestore"},"message":"Feb. 26, 2025 3:04:58 P.M. io.gapi.emulators.netty.HttpVersionRoutingHandler channelRead\r\nINFO: Detected non-HTTP/2 connection.\r\n"}}
[debug] [2025-02-26T20:04:58.699Z] Feb. 26, 2025 3:04:58 P.M. com.google.cloud.datastore.emulator.firestore.webchannel.FirestoreV1WebChannelAdapter$FirestoreListenHandler onClose
INFO: channel closed
 {"metadata":{"emulator":{"name":"firestore"},"message":"Feb. 26, 2025 3:04:58 P.M. com.google.cloud.datastore.emulator.firestore.webchannel.FirestoreV1WebChannelAdapter$FirestoreListenHandler onClose\r\nINFO: channel closed\r\n"}}
[debug] [2025-02-26T20:04:58.707Z] Feb. 26, 2025 3:04:58 P.M. io.gapi.emulators.netty.HttpVersionRoutingHandler channelRead
INFO: Detected non-HTTP/2 connection.
 {"metadata":{"emulator":{"name":"firestore"},"message":"Feb. 26, 2025 3:04:58 P.M. io.gapi.emulators.netty.HttpVersionRoutingHandler channelRead\r\nINFO: Detected non-HTTP/2 connection.\r\n"}}
[debug] [2025-02-26T20:04:58.718Z] Feb. 26, 2025 3:04:58 P.M. io.gapi.emulators.netty.HttpVersionRoutingHandler channelRead
INFO: Detected non-HTTP/2 connection.
 {"metadata":{"emulator":{"name":"firestore"},"message":"Feb. 26, 2025 3:04:58 P.M. io.gapi.emulators.netty.HttpVersionRoutingHandler channelRead\r\nINFO: Detected non-HTTP/2 connection.\r\n"}}
[debug] [2025-02-26T20:04:58.728Z] Feb. 26, 2025 3:04:58 P.M. io.gapi.emulators.netty.HttpVersionRoutingHandler channelRead
INFO: Detected non-HTTP/2 connection.
 {"metadata":{"emulator":{"name":"firestore"},"message":"Feb. 26, 2025 3:04:58 P.M. io.gapi.emulators.netty.HttpVersionRoutingHandler channelRead\r\nINFO: Detected non-HTTP/2 connection.\r\n"}}
[debug] [2025-02-26T20:05:01.608Z] Feb. 26, 2025 3:05:01 P.M. io.gapi.emulators.netty.HttpVersionRoutingHandler channelRead
INFO: Detected non-HTTP/2 connection.
 {"metadata":{"emulator":{"name":"firestore"},"message":"Feb. 26, 2025 3:05:01 P.M. io.gapi.emulators.netty.HttpVersionRoutingHandler channelRead\r\nINFO: Detected non-HTTP/2 connection.\r\n"}}
[debug] [2025-02-26T20:05:01.706Z] Feb. 26, 2025 3:05:01 P.M. io.gapi.emulators.netty.HttpVersionRoutingHandler channelRead
INFO: Detected non-HTTP/2 connection.
 {"metadata":{"emulator":{"name":"firestore"},"message":"Feb. 26, 2025 3:05:01 P.M. io.gapi.emulators.netty.HttpVersionRoutingHandler channelRead\r\nINFO: Detected non-HTTP/2 connection.\r\n"}}
[debug] [2025-02-26T20:05:02.532Z] Feb. 26, 2025 3:05:02 P.M. io.gapi.emulators.netty.HttpVersionRoutingHandler channelRead
INFO: Detected non-HTTP/2 connection.
 {"metadata":{"emulator":{"name":"firestore"},"message":"Feb. 26, 2025 3:05:02 P.M. io.gapi.emulators.netty.HttpVersionRoutingHandler channelRead\r\nINFO: Detected non-HTTP/2 connection.\r\n"}}
[debug] [2025-02-26T20:05:03.804Z] Feb. 26, 2025 3:05:03 P.M. io.gapi.emulators.netty.HttpVersionRoutingHandler channelRead
INFO: Detected non-HTTP/2 connection.
 {"metadata":{"emulator":{"name":"firestore"},"message":"Feb. 26, 2025 3:05:03 P.M. io.gapi.emulators.netty.HttpVersionRoutingHandler channelRead\r\nINFO: Detected non-HTTP/2 connection.\r\n"}}
[debug] [2025-02-26T20:05:13.534Z] Feb. 26, 2025 3:05:13 P.M. com.google.cloud.datastore.emulator.firestore.websocket.WebSocketChannelHandler channelClosed
INFO: Websocket client disconnected
 {"metadata":{"emulator":{"name":"firestore"},"message":"Feb. 26, 2025 3:05:13 P.M. com.google.cloud.datastore.emulator.firestore.websocket.WebSocketChannelHandler channelClosed\r\nINFO: Websocket client disconnected\r\n"}}
[debug] [2025-02-26T20:05:13.960Z] Feb. 26, 2025 3:05:13 P.M. com.google.cloud.datastore.emulator.firestore.websocket.WebSocketChannelHandler initChannel
INFO: Connected to new websocket client
 {"metadata":{"emulator":{"name":"firestore"},"message":"Feb. 26, 2025 3:05:13 P.M. com.google.cloud.datastore.emulator.firestore.websocket.WebSocketChannelHandler initChannel\r\nINFO: Connected to new websocket client\r\n"}}
[debug] [2025-02-26T20:06:03.830Z] Feb. 26, 2025 3:06:03 P.M. io.gapi.emulators.netty.HttpVersionRoutingHandler channelRead
INFO: Detected non-HTTP/2 connection.
 {"metadata":{"emulator":{"name":"firestore"},"message":"Feb. 26, 2025 3:06:03 P.M. io.gapi.emulators.netty.HttpVersionRoutingHandler channelRead\r\nINFO: Detected non-HTTP/2 connection.\r\n"}}
[debug] [2025-02-26T20:07:03.874Z] Feb. 26, 2025 3:07:03 P.M. io.gapi.emulators.netty.HttpVersionRoutingHandler channelRead
INFO: Detected non-HTTP/2 connection.
 {"metadata":{"emulator":{"name":"firestore"},"message":"Feb. 26, 2025 3:07:03 P.M. io.gapi.emulators.netty.HttpVersionRoutingHandler channelRead\r\nINFO: Detected non-HTTP/2 connection.\r\n"}}
[debug] [2025-02-26T20:07:09.610Z] File C:\Users\night\Documents\GitHub\speedy\my-app\functions\index.js changed, reloading triggers {"metadata":{"emulator":{"name":"functions"},"message":"File C:\\Users\\night\\Documents\\GitHub\\speedy\\my-app\\functions\\index.js changed, reloading triggers"}}
[debug] [2025-02-26T20:07:10.618Z] Validating nodejs source
[debug] [2025-02-26T20:07:11.715Z] > [functions] package.json contents: {
  "name": "functions",
  "description": "Cloud Functions for Firebase",
  "scripts": {
    "serve": "firebase emulators:start --only functions",
    "shell": "firebase functions:shell",
    "start": "npm run shell",
    "deploy": "firebase deploy --only functions",
    "logs": "firebase functions:log"
  },
  "engines": {
    "node": "22"
  },
  "main": "index.js",
  "dependencies": {
    "firebase-admin": "^12.6.0",
    "firebase-functions": "^6.0.1"
  },
  "devDependencies": {
    "firebase-functions-test": "^3.1.0"
  },
  "private": true
}
[debug] [2025-02-26T20:07:11.716Z] Building nodejs source
[debug] [2025-02-26T20:07:11.716Z] Failed to find version of module node: reached end of search path C:\Users\night\Documents\GitHub\speedy\my-app\functions\node_modules
[warn] !  functions: Your requested "node" version "22" doesn't match your global version "20". Using node@20 from host. 
[debug] [2025-02-26T20:07:11.717Z] Could not find functions.yaml. Must use http discovery
[debug] [2025-02-26T20:07:11.721Z] Found firebase-functions binary at 'C:\Users\night\Documents\GitHub\speedy\my-app\functions\node_modules\.bin\firebase-functions'
[info] Serving at port 8597

[error] API key does not start with "SG.".

[debug] [2025-02-26T20:07:12.160Z] Got response from /__/functions.yaml {"endpoints":{"submit":{"availableMemoryMb":null,"timeoutSeconds":null,"minInstances":null,"maxInstances":null,"ingressSettings":null,"concurrency":null,"serviceAccountEmail":null,"vpc":null,"platform":"gcfv2","labels":{},"httpsTrigger":{},"entryPoint":"submit"},"sendEmail":{"availableMemoryMb":null,"timeoutSeconds":null,"minInstances":null,"maxInstances":null,"ingressSettings":null,"concurrency":null,"serviceAccountEmail":null,"vpc":null,"platform":"gcfv2","labels":{},"eventTrigger":{"eventType":"google.cloud.firestore.document.v1.created","eventFilters":{"database":"(default)","namespace":"(default)"},"eventFilterPathPatterns":{"document":"Appointments/{documentId}"},"retry":false},"entryPoint":"sendEmail"}},"specVersion":"v1alpha1","requiredAPIs":[],"extensions":{}}
[debug] [2025-02-26T20:07:17.185Z] defaultcredentials: writing to file C:\Users\night\AppData\Roaming\firebase\sharjananstaniculas_gmail_com_application_default_credentials.json
[debug] [2025-02-26T20:07:17.186Z] Setting GAC to C:\Users\night\AppData\Roaming\firebase\sharjananstaniculas_gmail_com_application_default_credentials.json {"metadata":{"emulator":{"name":"functions"},"message":"Setting GAC to C:\\Users\\night\\AppData\\Roaming\\firebase\\sharjananstaniculas_gmail_com_application_default_credentials.json"}}
[info] +  functions: Loaded functions definitions from source: submit, sendEmail. {"metadata":{"emulator":{"name":"functions"},"message":"Loaded functions definitions from source: submit, sendEmail."}}
[debug] [2025-02-26T20:07:17.187Z] [worker-pool] Shutting down IDLE worker (us-central1-submit) {"metadata":{"emulator":{"name":"functions"},"message":"[worker-pool] Shutting down IDLE worker (us-central1-submit)"}}
[debug] [2025-02-26T20:07:17.187Z] [worker-us-central1-submit-8accd9f0-1104-4e70-95eb-3091f71c2b41]: FINISHING {"metadata":{"emulator":{"name":"functions"},"function":{"name":"us-central1-submit"},"extension":{},"message":"[worker-us-central1-submit-8accd9f0-1104-4e70-95eb-3091f71c2b41]: FINISHING"}}
[debug] [2025-02-26T20:07:17.188Z] [worker-pool] Shutting down IDLE worker (us-central1-sendEmail) {"metadata":{"emulator":{"name":"functions"},"message":"[worker-pool] Shutting down IDLE worker (us-central1-sendEmail)"}}
[debug] [2025-02-26T20:07:17.188Z] [worker-us-central1-sendEmail-5b589824-b4ce-4297-8c90-85722bcc49c2]: FINISHING {"metadata":{"emulator":{"name":"functions"},"function":{"name":"us-central1-sendEmail"},"extension":{},"message":"[worker-us-central1-sendEmail-5b589824-b4ce-4297-8c90-85722bcc49c2]: FINISHING"}}
[debug] [2025-02-26T20:07:17.197Z] [worker-us-central1-sendEmail-5b589824-b4ce-4297-8c90-85722bcc49c2]: exited {"metadata":{"emulator":{"name":"functions"},"function":{"name":"us-central1-sendEmail"},"extension":{},"message":"[worker-us-central1-sendEmail-5b589824-b4ce-4297-8c90-85722bcc49c2]: exited"}}
[debug] [2025-02-26T20:07:17.197Z] [worker-us-central1-sendEmail-5b589824-b4ce-4297-8c90-85722bcc49c2]: FINISHED {"metadata":{"emulator":{"name":"functions"},"function":{"name":"us-central1-sendEmail"},"extension":{},"message":"[worker-us-central1-sendEmail-5b589824-b4ce-4297-8c90-85722bcc49c2]: FINISHED"}}
[debug] [2025-02-26T20:07:17.216Z] Feb. 26, 2025 3:07:17 P.M. io.netty.channel.DefaultChannelPipeline onUnhandledInboundException
WARNING: An exceptionCaught() event was fired, and it reached at the tail of the pipeline. It usually means the last handler in the pipeline did not handle the exception.
java.net.SocketException: Connection reset
	at java.base/sun.nio.ch.SocketChannelImpl.throwConnectionReset(SocketChannelImpl.java:394)
	at java.base/sun.nio.ch.SocketChannelImpl.read(SocketChannelImpl.java:426)
	at io.netty.buffer.PooledByteBuf.setBytes(PooledByteBuf.java:255)
	at io.netty.buffer.AbstractByteBuf.writeBytes(AbstractByteBuf.java:1132)
	at io.netty.channel.socket.nio.NioSocketChannel.doReadBytes(NioSocketChannel.java:356)
	at io.netty.channel.nio.AbstractNioByteChannel$NioByteUnsafe.read(AbstractNioByteChannel.java:151)
	at io.netty.channel.nio.NioEventLoop.processSelectedKey(NioEventLoop.java:788)
	at io.netty.channel.nio.NioEventLoop.processSelectedKeysOptimized(NioEventLoop.java:724)
	at io.netty.channel.nio.NioEventLoop.processSelectedKeys(NioEventLoop.java:650)
	at io.netty.channel.nio.NioEventLoop.run(NioEventLoop.java:562)
	at io.netty.util.concurrent.SingleThreadEventExecutor$4.run(SingleThreadEventExecutor.java:994)
	at io.netty.util.internal.ThreadExecutorMap$2.run(ThreadExecutorMap.java:74)
	at io.netty.util.concurrent.FastThreadLocalRunnable.run(FastThreadLocalRunnable.java:30)
	at java.base/java.lang.Thread.run(Thread.java:842)

 {"metadata":{"emulator":{"name":"firestore"},"message":"Feb. 26, 2025 3:07:17 P.M. io.netty.channel.DefaultChannelPipeline onUnhandledInboundException\r\nWARNING: An exceptionCaught() event was fired, and it reached at the tail of the pipeline. It usually means the last handler in the pipeline did not handle the exception.\r\njava.net.SocketException: Connection reset\r\n\tat java.base/sun.nio.ch.SocketChannelImpl.throwConnectionReset(SocketChannelImpl.java:394)\r\n\tat java.base/sun.nio.ch.SocketChannelImpl.read(SocketChannelImpl.java:426)\r\n\tat io.netty.buffer.PooledByteBuf.setBytes(PooledByteBuf.java:255)\r\n\tat io.netty.buffer.AbstractByteBuf.writeBytes(AbstractByteBuf.java:1132)\r\n\tat io.netty.channel.socket.nio.NioSocketChannel.doReadBytes(NioSocketChannel.java:356)\r\n\tat io.netty.channel.nio.AbstractNioByteChannel$NioByteUnsafe.read(AbstractNioByteChannel.java:151)\r\n\tat io.netty.channel.nio.NioEventLoop.processSelectedKey(NioEventLoop.java:788)\r\n\tat io.netty.channel.nio.NioEventLoop.processSelectedKeysOptimized(NioEventLoop.java:724)\r\n\tat io.netty.channel.nio.NioEventLoop.processSelectedKeys(NioEventLoop.java:650)\r\n\tat io.netty.channel.nio.NioEventLoop.run(NioEventLoop.java:562)\r\n\tat io.netty.util.concurrent.SingleThreadEventExecutor$4.run(SingleThreadEventExecutor.java:994)\r\n\tat io.netty.util.internal.ThreadExecutorMap$2.run(ThreadExecutorMap.java:74)\r\n\tat io.netty.util.concurrent.FastThreadLocalRunnable.run(FastThreadLocalRunnable.java:30)\r\n\tat java.base/java.lang.Thread.run(Thread.java:842)\r\n\r\n"}}
[debug] [2025-02-26T20:07:17.226Z] [worker-us-central1-submit-8accd9f0-1104-4e70-95eb-3091f71c2b41]: exited {"metadata":{"emulator":{"name":"functions"},"function":{"name":"us-central1-submit"},"extension":{},"message":"[worker-us-central1-submit-8accd9f0-1104-4e70-95eb-3091f71c2b41]: exited"}}
[debug] [2025-02-26T20:07:17.226Z] [worker-us-central1-submit-8accd9f0-1104-4e70-95eb-3091f71c2b41]: FINISHED {"metadata":{"emulator":{"name":"functions"},"function":{"name":"us-central1-submit"},"extension":{},"message":"[worker-us-central1-submit-8accd9f0-1104-4e70-95eb-3091f71c2b41]: FINISHED"}}
[debug] [2025-02-26T20:08:03.894Z] Feb. 26, 2025 3:08:03 P.M. io.gapi.emulators.netty.HttpVersionRoutingHandler channelRead
INFO: Detected non-HTTP/2 connection.
 {"metadata":{"emulator":{"name":"firestore"},"message":"Feb. 26, 2025 3:08:03 P.M. io.gapi.emulators.netty.HttpVersionRoutingHandler channelRead\r\nINFO: Detected non-HTTP/2 connection.\r\n"}}
[debug] [2025-02-26T20:08:05.185Z] ----------------------------------------------------------------------
[debug] [2025-02-26T20:08:05.187Z] Command:       C:\Program Files\nodejs\node.exe C:\Users\night\AppData\Roaming\npm\node_modules\firebase-tools\lib\bin\firebase.js functions:config:get
[debug] [2025-02-26T20:08:05.188Z] CLI Version:   13.31.2
[debug] [2025-02-26T20:08:05.188Z] Platform:      win32
[debug] [2025-02-26T20:08:05.188Z] Node Version:  v20.8.0
[debug] [2025-02-26T20:08:05.188Z] Time:          Wed Feb 26 2025 15:08:05 GMT-0500 (Eastern Standard Time)
[debug] [2025-02-26T20:08:05.188Z] ----------------------------------------------------------------------
[debug] 
[debug] [2025-02-26T20:08:05.365Z] > command requires scopes: ["email","openid","https://www.googleapis.com/auth/cloudplatformprojects.readonly","https://www.googleapis.com/auth/firebase","https://www.googleapis.com/auth/cloud-platform"]
[debug] [2025-02-26T20:08:05.366Z] > authorizing via signed-in user (sharjananstaniculas@gmail.com)
[debug] [2025-02-26T20:08:05.366Z] [iam] checking project speedy-c4155 for permissions ["firebase.projects.get","runtimeconfig.configs.get","runtimeconfig.configs.list","runtimeconfig.variables.get","runtimeconfig.variables.list"]
[debug] [2025-02-26T20:08:05.367Z] Checked if tokens are valid: false, expires at: 1740595725319
[debug] [2025-02-26T20:08:05.367Z] Checked if tokens are valid: false, expires at: 1740595725319
[debug] [2025-02-26T20:08:05.367Z] > refreshing access token with scopes: []
[debug] [2025-02-26T20:08:05.368Z] >>> [apiv2][query] POST https://www.googleapis.com/oauth2/v3/token [none]
[debug] [2025-02-26T20:08:05.368Z] >>> [apiv2][body] POST https://www.googleapis.com/oauth2/v3/token [omitted]
[debug] [2025-02-26T20:08:05.558Z] <<< [apiv2][status] POST https://www.googleapis.com/oauth2/v3/token 200
[debug] [2025-02-26T20:08:05.558Z] <<< [apiv2][body] POST https://www.googleapis.com/oauth2/v3/token [omitted]
[debug] [2025-02-26T20:08:05.565Z] >>> [apiv2][query] POST https://cloudresourcemanager.googleapis.com/v1/projects/speedy-c4155:testIamPermissions [none]
[debug] [2025-02-26T20:08:05.565Z] >>> [apiv2][(partial)header] POST https://cloudresourcemanager.googleapis.com/v1/projects/speedy-c4155:testIamPermissions x-goog-quota-user=projects/speedy-c4155
[debug] [2025-02-26T20:08:05.565Z] >>> [apiv2][body] POST https://cloudresourcemanager.googleapis.com/v1/projects/speedy-c4155:testIamPermissions {"permissions":["firebase.projects.get","runtimeconfig.configs.get","runtimeconfig.configs.list","runtimeconfig.variables.get","runtimeconfig.variables.list"]}
[debug] [2025-02-26T20:08:05.805Z] <<< [apiv2][status] POST https://cloudresourcemanager.googleapis.com/v1/projects/speedy-c4155:testIamPermissions 200
[debug] [2025-02-26T20:08:05.805Z] <<< [apiv2][body] POST https://cloudresourcemanager.googleapis.com/v1/projects/speedy-c4155:testIamPermissions {"permissions":["firebase.projects.get","runtimeconfig.configs.get","runtimeconfig.configs.list","runtimeconfig.variables.get","runtimeconfig.variables.list"]}
[debug] [2025-02-26T20:08:05.805Z] Checked if tokens are valid: true, expires at: 1740604084558
[debug] [2025-02-26T20:08:05.805Z] Checked if tokens are valid: true, expires at: 1740604084558
[debug] [2025-02-26T20:08:05.805Z] >>> [apiv2][query] GET https://serviceusage.googleapis.com/v1/projects/speedy-c4155/services/runtimeconfig.googleapis.com [none]
[debug] [2025-02-26T20:08:05.805Z] >>> [apiv2][(partial)header] GET https://serviceusage.googleapis.com/v1/projects/speedy-c4155/services/runtimeconfig.googleapis.com x-goog-quota-user=projects/speedy-c4155
[debug] [2025-02-26T20:08:06.198Z] <<< [apiv2][status] GET https://serviceusage.googleapis.com/v1/projects/speedy-c4155/services/runtimeconfig.googleapis.com 200
[debug] [2025-02-26T20:08:06.199Z] <<< [apiv2][body] GET https://serviceusage.googleapis.com/v1/projects/speedy-c4155/services/runtimeconfig.googleapis.com [omitted]
[debug] [2025-02-26T20:08:06.199Z] Checked if tokens are valid: true, expires at: 1740604084558
[debug] [2025-02-26T20:08:06.199Z] Checked if tokens are valid: true, expires at: 1740604084558
[debug] [2025-02-26T20:08:06.199Z] >>> [apiv2][query] GET https://runtimeconfig.googleapis.com/v1beta1/projects/speedy-c4155/configs [none]
[debug] [2025-02-26T20:08:06.452Z] <<< [apiv2][status] GET https://runtimeconfig.googleapis.com/v1beta1/projects/speedy-c4155/configs 200
[debug] [2025-02-26T20:08:06.453Z] <<< [apiv2][body] GET https://runtimeconfig.googleapis.com/v1beta1/projects/speedy-c4155/configs {}
[info] {}
[debug] [2025-02-26T20:08:21.326Z] Feb. 26, 2025 3:08:21 P.M. io.gapi.emulators.netty.HttpVersionRoutingHandler channelRead
INFO: Detected non-HTTP/2 connection.
 {"metadata":{"emulator":{"name":"firestore"},"message":"Feb. 26, 2025 3:08:21 P.M. io.gapi.emulators.netty.HttpVersionRoutingHandler channelRead\r\nINFO: Detected non-HTTP/2 connection.\r\n"}}
[debug] [2025-02-26T20:08:21.329Z] Feb. 26, 2025 3:08:21 P.M. io.gapi.emulators.netty.HttpVersionRoutingHandler channelRead
INFO: Detected non-HTTP/2 connection.
 {"metadata":{"emulator":{"name":"firestore"},"message":"Feb. 26, 2025 3:08:21 P.M. io.gapi.emulators.netty.HttpVersionRoutingHandler channelRead\r\nINFO: Detected non-HTTP/2 connection.\r\n"}}
[debug] [2025-02-26T20:08:21.335Z] Feb. 26, 2025 3:08:21 P.M. io.gapi.emulators.netty.HttpVersionRoutingHandler channelRead
INFO: Detected non-HTTP/2 connection.
 {"metadata":{"emulator":{"name":"firestore"},"message":"Feb. 26, 2025 3:08:21 P.M. io.gapi.emulators.netty.HttpVersionRoutingHandler channelRead\r\nINFO: Detected non-HTTP/2 connection.\r\n"}}
[debug] [2025-02-26T20:08:34.511Z] Feb. 26, 2025 3:08:34 P.M. io.gapi.emulators.netty.HttpVersionRoutingHandler channelRead
INFO: Detected non-HTTP/2 connection.
 {"metadata":{"emulator":{"name":"firestore"},"message":"Feb. 26, 2025 3:08:34 P.M. io.gapi.emulators.netty.HttpVersionRoutingHandler channelRead\r\nINFO: Detected non-HTTP/2 connection.\r\n"}}
[debug] [2025-02-26T20:08:40.666Z] Feb. 26, 2025 3:08:40 P.M. io.gapi.emulators.netty.HttpVersionRoutingHandler channelRead
INFO: Detected non-HTTP/2 connection.
 {"metadata":{"emulator":{"name":"firestore"},"message":"Feb. 26, 2025 3:08:40 P.M. io.gapi.emulators.netty.HttpVersionRoutingHandler channelRead\r\nINFO: Detected non-HTTP/2 connection.\r\n"}}
[debug] [2025-02-26T20:08:40.673Z] Feb. 26, 2025 3:08:40 P.M. io.gapi.emulators.netty.HttpVersionRoutingHandler channelRead
INFO: Detected non-HTTP/2 connection.
 {"metadata":{"emulator":{"name":"firestore"},"message":"Feb. 26, 2025 3:08:40 P.M. io.gapi.emulators.netty.HttpVersionRoutingHandler channelRead\r\nINFO: Detected non-HTTP/2 connection.\r\n"}}
[debug] [2025-02-26T20:08:40.677Z] Feb. 26, 2025 3:08:40 P.M. io.gapi.emulators.netty.HttpVersionRoutingHandler channelRead
INFO: Detected non-HTTP/2 connection.
 {"metadata":{"emulator":{"name":"firestore"},"message":"Feb. 26, 2025 3:08:40 P.M. io.gapi.emulators.netty.HttpVersionRoutingHandler channelRead\r\nINFO: Detected non-HTTP/2 connection.\r\n"}}
[debug] [2025-02-26T20:09:25.705Z] Feb. 26, 2025 3:09:25 P.M. io.gapi.emulators.netty.HttpVersionRoutingHandler channelRead
INFO: Detected non-HTTP/2 connection.
 {"metadata":{"emulator":{"name":"firestore"},"message":"Feb. 26, 2025 3:09:25 P.M. io.gapi.emulators.netty.HttpVersionRoutingHandler channelRead\r\nINFO: Detected non-HTTP/2 connection.\r\n"}}
[debug] [2025-02-26T20:09:40.705Z] Feb. 26, 2025 3:09:40 P.M. io.gapi.emulators.netty.HttpVersionRoutingHandler channelRead
INFO: Detected non-HTTP/2 connection.
 {"metadata":{"emulator":{"name":"firestore"},"message":"Feb. 26, 2025 3:09:40 P.M. io.gapi.emulators.netty.HttpVersionRoutingHandler channelRead\r\nINFO: Detected non-HTTP/2 connection.\r\n"}}
[debug] [2025-02-26T20:09:41.252Z] Feb. 26, 2025 3:09:41 P.M. io.gapi.emulators.netty.HttpVersionRoutingHandler channelRead
INFO: Detected non-HTTP/2 connection.
 {"metadata":{"emulator":{"name":"firestore"},"message":"Feb. 26, 2025 3:09:41 P.M. io.gapi.emulators.netty.HttpVersionRoutingHandler channelRead\r\nINFO: Detected non-HTTP/2 connection.\r\n"}}
[debug] [2025-02-26T20:09:41.254Z] Feb. 26, 2025 3:09:41 P.M. com.google.cloud.datastore.emulator.firestore.webchannel.FirestoreV1WebChannelAdapter$FirestoreWriteHandler onClose
INFO: channel closed
 {"metadata":{"emulator":{"name":"firestore"},"message":"Feb. 26, 2025 3:09:41 P.M. com.google.cloud.datastore.emulator.firestore.webchannel.FirestoreV1WebChannelAdapter$FirestoreWriteHandler onClose\r\nINFO: channel closed\r\n"}}
[debug] [2025-02-26T20:10:25.717Z] Feb. 26, 2025 3:10:25 P.M. io.gapi.emulators.netty.HttpVersionRoutingHandler channelRead
INFO: Detected non-HTTP/2 connection.
 {"metadata":{"emulator":{"name":"firestore"},"message":"Feb. 26, 2025 3:10:25 P.M. io.gapi.emulators.netty.HttpVersionRoutingHandler channelRead\r\nINFO: Detected non-HTTP/2 connection.\r\n"}}
[debug] [2025-02-26T20:11:25.724Z] Feb. 26, 2025 3:11:25 P.M. io.gapi.emulators.netty.HttpVersionRoutingHandler channelRead
INFO: Detected non-HTTP/2 connection.
 {"metadata":{"emulator":{"name":"firestore"},"message":"Feb. 26, 2025 3:11:25 P.M. io.gapi.emulators.netty.HttpVersionRoutingHandler channelRead\r\nINFO: Detected non-HTTP/2 connection.\r\n"}}
[debug] [2025-02-26T20:11:53.640Z] [work-queue] {"queuedWork":["/speedy-c4155/us-central1/submit-2025-02-26T20:11:53.640Z"],"queueLength":1,"runningWork":[],"workRunningCount":0}
[debug] [2025-02-26T20:11:53.640Z] [work-queue] {"queuedWork":[],"queueLength":0,"runningWork":["/speedy-c4155/us-central1/submit-2025-02-26T20:11:53.640Z"],"workRunningCount":1}
[debug] [2025-02-26T20:11:53.640Z] Accepted request OPTIONS /speedy-c4155/us-central1/submit --> us-central1-submit
[debug] [2025-02-26T20:11:53.642Z] [functions] Runtime ready! Sending request! {"metadata":{"emulator":{"name":"functions"},"message":"[functions] Runtime ready! Sending request!"}}
[debug] [2025-02-26T20:11:53.642Z] [functions] Got req.url=/speedy-c4155/us-central1/submit, mapping to path=/ {"metadata":{"emulator":{"name":"functions"},"message":"[functions] Got req.url=/speedy-c4155/us-central1/submit, mapping to path=/"}}
[debug] [2025-02-26T20:11:53.642Z] [worker-pool] Cleaned up workers for us-central1-submit: 1 --> 0 {"metadata":{"emulator":{"name":"functions"},"message":"[worker-pool] Cleaned up workers for us-central1-submit: 1 --> 0"}}
[debug] [2025-02-26T20:11:53.642Z] [worker-pool] Cleaned up workers for us-central1-sendEmail: 1 --> 0 {"metadata":{"emulator":{"name":"functions"},"message":"[worker-pool] Cleaned up workers for us-central1-sendEmail: 1 --> 0"}}
[info] i  functions: Loaded environment variables from .env. 
[debug] [2025-02-26T20:11:53.648Z] [worker-pool] addWorker(us-central1-submit) {"metadata":{"emulator":{"name":"functions"},"message":"[worker-pool] addWorker(us-central1-submit)"}}
[debug] [2025-02-26T20:11:53.649Z] [worker-pool] Adding worker with key us-central1-submit, total=1 {"metadata":{"emulator":{"name":"functions"},"message":"[worker-pool] Adding worker with key us-central1-submit, total=1"}}
[debug] [2025-02-26T20:11:54.486Z] [runtime-status] [19012] Resolved module firebase-admin {"declared":true,"installed":true,"version":"12.7.0","resolution":"C:\\Users\\night\\Documents\\GitHub\\speedy\\my-app\\functions\\node_modules\\firebase-admin\\lib\\index.js"} {"metadata":{"emulator":{"name":"functions"},"function":{"name":"us-central1-submit"},"extension":{},"message":"[runtime-status] [19012] Resolved module firebase-admin {\"declared\":true,\"installed\":true,\"version\":\"12.7.0\",\"resolution\":\"C:\\\\Users\\\\night\\\\Documents\\\\GitHub\\\\speedy\\\\my-app\\\\functions\\\\node_modules\\\\firebase-admin\\\\lib\\\\index.js\"}"}}
[debug] [2025-02-26T20:11:54.487Z] [runtime-status] [19012] Resolved module firebase-functions {"declared":true,"installed":true,"version":"6.3.2","resolution":"C:\\Users\\night\\Documents\\GitHub\\speedy\\my-app\\functions\\node_modules\\firebase-functions\\lib\\v2\\index.js"} {"metadata":{"emulator":{"name":"functions"},"function":{"name":"us-central1-submit"},"extension":{},"message":"[runtime-status] [19012] Resolved module firebase-functions {\"declared\":true,\"installed\":true,\"version\":\"6.3.2\",\"resolution\":\"C:\\\\Users\\\\night\\\\Documents\\\\GitHub\\\\speedy\\\\my-app\\\\functions\\\\node_modules\\\\firebase-functions\\\\lib\\\\v2\\\\index.js\"}"}}
[debug] [2025-02-26T20:11:54.487Z] [runtime-status] [19012] Outgoing network have been stubbed. [{"name":"http","status":"mocked"},{"name":"http","status":"mocked"},{"name":"https","status":"mocked"},{"name":"https","status":"mocked"},{"name":"net","status":"mocked"}] {"metadata":{"emulator":{"name":"functions"},"function":{"name":"us-central1-submit"},"extension":{},"message":"[runtime-status] [19012] Outgoing network have been stubbed. [{\"name\":\"http\",\"status\":\"mocked\"},{\"name\":\"http\",\"status\":\"mocked\"},{\"name\":\"https\",\"status\":\"mocked\"},{\"name\":\"https\",\"status\":\"mocked\"},{\"name\":\"net\",\"status\":\"mocked\"}]"}}
[debug] [2025-02-26T20:11:54.488Z] [runtime-status] [19012] Resolved module firebase-functions {"declared":true,"installed":true,"version":"6.3.2","resolution":"C:\\Users\\night\\Documents\\GitHub\\speedy\\my-app\\functions\\node_modules\\firebase-functions\\lib\\v2\\index.js"} {"metadata":{"emulator":{"name":"functions"},"function":{"name":"us-central1-submit"},"extension":{},"message":"[runtime-status] [19012] Resolved module firebase-functions {\"declared\":true,\"installed\":true,\"version\":\"6.3.2\",\"resolution\":\"C:\\\\Users\\\\night\\\\Documents\\\\GitHub\\\\speedy\\\\my-app\\\\functions\\\\node_modules\\\\firebase-functions\\\\lib\\\\v2\\\\index.js\"}"}}
[debug] [2025-02-26T20:11:54.658Z] [runtime-status] [19012] Checked functions.config() {"config":{}} {"metadata":{"emulator":{"name":"functions"},"function":{"name":"us-central1-submit"},"extension":{},"message":"[runtime-status] [19012] Checked functions.config() {\"config\":{}}"}}
[debug] [2025-02-26T20:11:54.658Z] [runtime-status] [19012] firebase-functions has been stubbed. {"functionsResolution":{"declared":true,"installed":true,"version":"6.3.2","resolution":"C:\\Users\\night\\Documents\\GitHub\\speedy\\my-app\\functions\\node_modules\\firebase-functions\\lib\\v2\\index.js"}} {"metadata":{"emulator":{"name":"functions"},"function":{"name":"us-central1-submit"},"extension":{},"message":"[runtime-status] [19012] firebase-functions has been stubbed. {\"functionsResolution\":{\"declared\":true,\"installed\":true,\"version\":\"6.3.2\",\"resolution\":\"C:\\\\Users\\\\night\\\\Documents\\\\GitHub\\\\speedy\\\\my-app\\\\functions\\\\node_modules\\\\firebase-functions\\\\lib\\\\v2\\\\index.js\"}}"}}
[debug] [2025-02-26T20:11:54.658Z] [runtime-status] [19012] Resolved module firebase-functions {"declared":true,"installed":true,"version":"6.3.2","resolution":"C:\\Users\\night\\Documents\\GitHub\\speedy\\my-app\\functions\\node_modules\\firebase-functions\\lib\\v2\\index.js"} {"metadata":{"emulator":{"name":"functions"},"function":{"name":"us-central1-submit"},"extension":{},"message":"[runtime-status] [19012] Resolved module firebase-functions {\"declared\":true,\"installed\":true,\"version\":\"6.3.2\",\"resolution\":\"C:\\\\Users\\\\night\\\\Documents\\\\GitHub\\\\speedy\\\\my-app\\\\functions\\\\node_modules\\\\firebase-functions\\\\lib\\\\v2\\\\index.js\"}"}}
[debug] [2025-02-26T20:11:54.662Z] [runtime-status] [19012] Resolved module firebase-admin {"declared":true,"installed":true,"version":"12.7.0","resolution":"C:\\Users\\night\\Documents\\GitHub\\speedy\\my-app\\functions\\node_modules\\firebase-admin\\lib\\index.js"} {"metadata":{"emulator":{"name":"functions"},"function":{"name":"us-central1-submit"},"extension":{},"message":"[runtime-status] [19012] Resolved module firebase-admin {\"declared\":true,\"installed\":true,\"version\":\"12.7.0\",\"resolution\":\"C:\\\\Users\\\\night\\\\Documents\\\\GitHub\\\\speedy\\\\my-app\\\\functions\\\\node_modules\\\\firebase-admin\\\\lib\\\\index.js\"}"}}
[debug] [2025-02-26T20:11:54.662Z] [runtime-status] [19012] Resolved module firebase-functions {"declared":true,"installed":true,"version":"6.3.2","resolution":"C:\\Users\\night\\Documents\\GitHub\\speedy\\my-app\\functions\\node_modules\\firebase-functions\\lib\\v2\\index.js"} {"metadata":{"emulator":{"name":"functions"},"function":{"name":"us-central1-submit"},"extension":{},"message":"[runtime-status] [19012] Resolved module firebase-functions {\"declared\":true,\"installed\":true,\"version\":\"6.3.2\",\"resolution\":\"C:\\\\Users\\\\night\\\\Documents\\\\GitHub\\\\speedy\\\\my-app\\\\functions\\\\node_modules\\\\firebase-functions\\\\lib\\\\v2\\\\index.js\"}"}}
[debug] [2025-02-26T20:11:54.663Z] [runtime-status] [19012] firebase-admin has been stubbed. {"adminResolution":{"declared":true,"installed":true,"version":"12.7.0","resolution":"C:\\Users\\night\\Documents\\GitHub\\speedy\\my-app\\functions\\node_modules\\firebase-admin\\lib\\index.js"}} {"metadata":{"emulator":{"name":"functions"},"function":{"name":"us-central1-submit"},"extension":{},"message":"[runtime-status] [19012] firebase-admin has been stubbed. {\"adminResolution\":{\"declared\":true,\"installed\":true,\"version\":\"12.7.0\",\"resolution\":\"C:\\\\Users\\\\night\\\\Documents\\\\GitHub\\\\speedy\\\\my-app\\\\functions\\\\node_modules\\\\firebase-admin\\\\lib\\\\index.js\"}}"}}
[debug] [2025-02-26T20:11:54.720Z] [runtime-status] [19012] Functions runtime initialized. {"cwd":"C:\\Users\\night\\Documents\\GitHub\\speedy\\my-app\\functions","node_version":"20.8.0"} {"metadata":{"emulator":{"name":"functions"},"function":{"name":"us-central1-submit"},"extension":{},"message":"[runtime-status] [19012] Functions runtime initialized. {\"cwd\":\"C:\\\\Users\\\\night\\\\Documents\\\\GitHub\\\\speedy\\\\my-app\\\\functions\",\"node_version\":\"20.8.0\"}"}}
[debug] [2025-02-26T20:11:54.721Z] [runtime-status] [19012] Listening to port: \\?\pipe\fire_emu_741868a684d18be1 {"metadata":{"emulator":{"name":"functions"},"function":{"name":"us-central1-submit"},"extension":{},"message":"[runtime-status] [19012] Listening to port: \\\\?\\pipe\\fire_emu_741868a684d18be1"}}
[debug] [2025-02-26T20:11:54.743Z] [worker-us-central1-submit-56c5934f-668d-4b79-b499-000a520be095]: IDLE {"metadata":{"emulator":{"name":"functions"},"function":{"name":"us-central1-submit"},"extension":{},"message":"[worker-us-central1-submit-56c5934f-668d-4b79-b499-000a520be095]: IDLE"}}
[debug] [2025-02-26T20:11:54.744Z] [worker-pool] submitRequest(triggerId=us-central1-submit) {"metadata":{"emulator":{"name":"functions"},"message":"[worker-pool] submitRequest(triggerId=us-central1-submit)"}}
[info] i  functions: Beginning execution of "us-central1-submit" {"metadata":{"emulator":{"name":"functions"},"function":{"name":"us-central1-submit"},"extension":{},"message":"Beginning execution of \"us-central1-submit\""}}
[debug] [2025-02-26T20:11:54.744Z] [worker-us-central1-submit-56c5934f-668d-4b79-b499-000a520be095]: BUSY {"metadata":{"emulator":{"name":"functions"},"function":{"name":"us-central1-submit"},"extension":{},"message":"[worker-us-central1-submit-56c5934f-668d-4b79-b499-000a520be095]: BUSY"}}
[debug] [2025-02-26T20:11:54.746Z] Finishing up request with event=pause {"metadata":{"emulator":{"name":"functions"},"function":{"name":"us-central1-submit"},"extension":{},"message":"Finishing up request with event=pause"}}
[info] i  functions: Finished "us-central1-submit" in 2.3517ms {"metadata":{"emulator":{"name":"functions"},"function":{"name":"us-central1-submit"},"extension":{},"message":"Finished \"us-central1-submit\" in 2.3517ms"}}
[debug] [2025-02-26T20:11:54.747Z] [worker-us-central1-submit-56c5934f-668d-4b79-b499-000a520be095]: IDLE {"metadata":{"emulator":{"name":"functions"},"function":{"name":"us-central1-submit"},"extension":{},"message":"[worker-us-central1-submit-56c5934f-668d-4b79-b499-000a520be095]: IDLE"}}
[debug] [2025-02-26T20:11:54.747Z] Finishing up request with event=finish {"metadata":{"emulator":{"name":"functions"},"function":{"name":"us-central1-submit"},"extension":{},"message":"Finishing up request with event=finish"}}
[debug] [2025-02-26T20:11:54.747Z] Finishing up request with event=close {"metadata":{"emulator":{"name":"functions"},"function":{"name":"us-central1-submit"},"extension":{},"message":"Finishing up request with event=close"}}
[debug] [2025-02-26T20:11:54.747Z] [work-queue] {"queuedWork":[],"queueLength":0,"runningWork":[],"workRunningCount":0}
[debug] [2025-02-26T20:11:54.748Z] [work-queue] {"queuedWork":["/speedy-c4155/us-central1/submit-2025-02-26T20:11:54.748Z"],"queueLength":1,"runningWork":[],"workRunningCount":0}
[debug] [2025-02-26T20:11:54.748Z] [work-queue] {"queuedWork":[],"queueLength":0,"runningWork":["/speedy-c4155/us-central1/submit-2025-02-26T20:11:54.748Z"],"workRunningCount":1}
[debug] [2025-02-26T20:11:54.748Z] Accepted request POST /speedy-c4155/us-central1/submit --> us-central1-submit
[debug] [2025-02-26T20:11:54.749Z] [functions] Runtime ready! Sending request! {"metadata":{"emulator":{"name":"functions"},"message":"[functions] Runtime ready! Sending request!"}}
[debug] [2025-02-26T20:11:54.749Z] [functions] Got req.url=/speedy-c4155/us-central1/submit, mapping to path=/ {"metadata":{"emulator":{"name":"functions"},"message":"[functions] Got req.url=/speedy-c4155/us-central1/submit, mapping to path=/"}}
[debug] [2025-02-26T20:11:54.749Z] [worker-pool] submitRequest(triggerId=us-central1-submit) {"metadata":{"emulator":{"name":"functions"},"message":"[worker-pool] submitRequest(triggerId=us-central1-submit)"}}
[info] i  functions: Beginning execution of "us-central1-submit" {"metadata":{"emulator":{"name":"functions"},"function":{"name":"us-central1-submit"},"extension":{},"message":"Beginning execution of \"us-central1-submit\""}}
[debug] [2025-02-26T20:11:54.749Z] [worker-us-central1-submit-56c5934f-668d-4b79-b499-000a520be095]: BUSY {"metadata":{"emulator":{"name":"functions"},"function":{"name":"us-central1-submit"},"extension":{},"message":"[worker-us-central1-submit-56c5934f-668d-4b79-b499-000a520be095]: BUSY"}}
[debug] [2025-02-26T20:11:54.998Z] Feb. 26, 2025 3:11:54 P.M. io.gapi.emulators.netty.HttpVersionRoutingHandler channelRead
INFO: Detected HTTP/2 connection.
 {"metadata":{"emulator":{"name":"firestore"},"message":"Feb. 26, 2025 3:11:54 P.M. io.gapi.emulators.netty.HttpVersionRoutingHandler channelRead\r\nINFO: Detected HTTP/2 connection.\r\n"}}
[debug] [2025-02-26T20:11:55.018Z] [work-queue] {"queuedWork":["/functions/projects/speedy-c4155/triggers/us-central1-sendEmail-0-2025-02-26T20:11:55.018Z"],"queueLength":1,"runningWork":["/speedy-c4155/us-central1/submit-2025-02-26T20:11:54.748Z"],"workRunningCount":1}
[debug] [2025-02-26T20:11:55.018Z] [work-queue] {"queuedWork":[],"queueLength":0,"runningWork":["/speedy-c4155/us-central1/submit-2025-02-26T20:11:54.748Z","/functions/projects/speedy-c4155/triggers/us-central1-sendEmail-0-2025-02-26T20:11:55.018Z"],"workRunningCount":2}
[debug] [2025-02-26T20:11:55.018Z] Accepted request POST /functions/projects/speedy-c4155/triggers/us-central1-sendEmail-0 --> us-central1-sendEmail-0
[debug] [2025-02-26T20:11:55.020Z] [functions] Runtime ready! Sending request! {"metadata":{"emulator":{"name":"functions"},"message":"[functions] Runtime ready! Sending request!"}}
[debug] [2025-02-26T20:11:55.020Z] [functions] Got req.url=/functions/projects/speedy-c4155/triggers/us-central1-sendEmail-0, mapping to path=/functions/projects/ {"metadata":{"emulator":{"name":"functions"},"message":"[functions] Got req.url=/functions/projects/speedy-c4155/triggers/us-central1-sendEmail-0, mapping to path=/functions/projects/"}}
[info] i  functions: Loaded environment variables from .env. 
[debug] [2025-02-26T20:11:55.031Z] [worker-pool] addWorker(us-central1-sendEmail) {"metadata":{"emulator":{"name":"functions"},"message":"[worker-pool] addWorker(us-central1-sendEmail)"}}
[debug] [2025-02-26T20:11:55.031Z] [worker-pool] Adding worker with key us-central1-sendEmail, total=1 {"metadata":{"emulator":{"name":"functions"},"message":"[worker-pool] Adding worker with key us-central1-sendEmail, total=1"}}
[debug] [2025-02-26T20:11:55.033Z] Finishing up request with event=pause {"metadata":{"emulator":{"name":"functions"},"function":{"name":"us-central1-submit"},"extension":{},"message":"Finishing up request with event=pause"}}
[info] i  functions: Finished "us-central1-submit" in 283.7956ms {"metadata":{"emulator":{"name":"functions"},"function":{"name":"us-central1-submit"},"extension":{},"message":"Finished \"us-central1-submit\" in 283.7956ms"}}
[debug] [2025-02-26T20:11:55.033Z] [worker-us-central1-submit-56c5934f-668d-4b79-b499-000a520be095]: IDLE {"metadata":{"emulator":{"name":"functions"},"function":{"name":"us-central1-submit"},"extension":{},"message":"[worker-us-central1-submit-56c5934f-668d-4b79-b499-000a520be095]: IDLE"}}
[debug] [2025-02-26T20:11:55.034Z] Finishing up request with event=finish {"metadata":{"emulator":{"name":"functions"},"function":{"name":"us-central1-submit"},"extension":{},"message":"Finishing up request with event=finish"}}
[debug] [2025-02-26T20:11:55.034Z] Finishing up request with event=close {"metadata":{"emulator":{"name":"functions"},"function":{"name":"us-central1-submit"},"extension":{},"message":"Finishing up request with event=close"}}
[debug] [2025-02-26T20:11:55.034Z] [work-queue] {"queuedWork":[],"queueLength":0,"runningWork":["/functions/projects/speedy-c4155/triggers/us-central1-sendEmail-0-2025-02-26T20:11:55.018Z"],"workRunningCount":1}
[debug] [2025-02-26T20:11:55.879Z] [runtime-status] [20996] Resolved module firebase-admin {"declared":true,"installed":true,"version":"12.7.0","resolution":"C:\\Users\\night\\Documents\\GitHub\\speedy\\my-app\\functions\\node_modules\\firebase-admin\\lib\\index.js"} {"metadata":{"emulator":{"name":"functions"},"function":{"name":"us-central1-sendEmail"},"extension":{},"message":"[runtime-status] [20996] Resolved module firebase-admin {\"declared\":true,\"installed\":true,\"version\":\"12.7.0\",\"resolution\":\"C:\\\\Users\\\\night\\\\Documents\\\\GitHub\\\\speedy\\\\my-app\\\\functions\\\\node_modules\\\\firebase-admin\\\\lib\\\\index.js\"}"}}
[debug] [2025-02-26T20:11:55.880Z] [runtime-status] [20996] Resolved module firebase-functions {"declared":true,"installed":true,"version":"6.3.2","resolution":"C:\\Users\\night\\Documents\\GitHub\\speedy\\my-app\\functions\\node_modules\\firebase-functions\\lib\\v2\\index.js"} {"metadata":{"emulator":{"name":"functions"},"function":{"name":"us-central1-sendEmail"},"extension":{},"message":"[runtime-status] [20996] Resolved module firebase-functions {\"declared\":true,\"installed\":true,\"version\":\"6.3.2\",\"resolution\":\"C:\\\\Users\\\\night\\\\Documents\\\\GitHub\\\\speedy\\\\my-app\\\\functions\\\\node_modules\\\\firebase-functions\\\\lib\\\\v2\\\\index.js\"}"}}
[debug] [2025-02-26T20:11:55.880Z] [runtime-status] [20996] Outgoing network have been stubbed. [{"name":"http","status":"mocked"},{"name":"http","status":"mocked"},{"name":"https","status":"mocked"},{"name":"https","status":"mocked"},{"name":"net","status":"mocked"}] {"metadata":{"emulator":{"name":"functions"},"function":{"name":"us-central1-sendEmail"},"extension":{},"message":"[runtime-status] [20996] Outgoing network have been stubbed. [{\"name\":\"http\",\"status\":\"mocked\"},{\"name\":\"http\",\"status\":\"mocked\"},{\"name\":\"https\",\"status\":\"mocked\"},{\"name\":\"https\",\"status\":\"mocked\"},{\"name\":\"net\",\"status\":\"mocked\"}]"}}
[debug] [2025-02-26T20:11:55.881Z] [runtime-status] [20996] Resolved module firebase-functions {"declared":true,"installed":true,"version":"6.3.2","resolution":"C:\\Users\\night\\Documents\\GitHub\\speedy\\my-app\\functions\\node_modules\\firebase-functions\\lib\\v2\\index.js"} {"metadata":{"emulator":{"name":"functions"},"function":{"name":"us-central1-sendEmail"},"extension":{},"message":"[runtime-status] [20996] Resolved module firebase-functions {\"declared\":true,\"installed\":true,\"version\":\"6.3.2\",\"resolution\":\"C:\\\\Users\\\\night\\\\Documents\\\\GitHub\\\\speedy\\\\my-app\\\\functions\\\\node_modules\\\\firebase-functions\\\\lib\\\\v2\\\\index.js\"}"}}
[debug] [2025-02-26T20:11:56.058Z] [runtime-status] [20996] Checked functions.config() {"config":{}} {"metadata":{"emulator":{"name":"functions"},"function":{"name":"us-central1-sendEmail"},"extension":{},"message":"[runtime-status] [20996] Checked functions.config() {\"config\":{}}"}}
[debug] [2025-02-26T20:11:56.058Z] [runtime-status] [20996] firebase-functions has been stubbed. {"functionsResolution":{"declared":true,"installed":true,"version":"6.3.2","resolution":"C:\\Users\\night\\Documents\\GitHub\\speedy\\my-app\\functions\\node_modules\\firebase-functions\\lib\\v2\\index.js"}} {"metadata":{"emulator":{"name":"functions"},"function":{"name":"us-central1-sendEmail"},"extension":{},"message":"[runtime-status] [20996] firebase-functions has been stubbed. {\"functionsResolution\":{\"declared\":true,\"installed\":true,\"version\":\"6.3.2\",\"resolution\":\"C:\\\\Users\\\\night\\\\Documents\\\\GitHub\\\\speedy\\\\my-app\\\\functions\\\\node_modules\\\\firebase-functions\\\\lib\\\\v2\\\\index.js\"}}"}}
[debug] [2025-02-26T20:11:56.058Z] [runtime-status] [20996] Resolved module firebase-functions {"declared":true,"installed":true,"version":"6.3.2","resolution":"C:\\Users\\night\\Documents\\GitHub\\speedy\\my-app\\functions\\node_modules\\firebase-functions\\lib\\v2\\index.js"} {"metadata":{"emulator":{"name":"functions"},"function":{"name":"us-central1-sendEmail"},"extension":{},"message":"[runtime-status] [20996] Resolved module firebase-functions {\"declared\":true,\"installed\":true,\"version\":\"6.3.2\",\"resolution\":\"C:\\\\Users\\\\night\\\\Documents\\\\GitHub\\\\speedy\\\\my-app\\\\functions\\\\node_modules\\\\firebase-functions\\\\lib\\\\v2\\\\index.js\"}"}}
[debug] [2025-02-26T20:11:56.061Z] [runtime-status] [20996] Resolved module firebase-admin {"declared":true,"installed":true,"version":"12.7.0","resolution":"C:\\Users\\night\\Documents\\GitHub\\speedy\\my-app\\functions\\node_modules\\firebase-admin\\lib\\index.js"} {"metadata":{"emulator":{"name":"functions"},"function":{"name":"us-central1-sendEmail"},"extension":{},"message":"[runtime-status] [20996] Resolved module firebase-admin {\"declared\":true,\"installed\":true,\"version\":\"12.7.0\",\"resolution\":\"C:\\\\Users\\\\night\\\\Documents\\\\GitHub\\\\speedy\\\\my-app\\\\functions\\\\node_modules\\\\firebase-admin\\\\lib\\\\index.js\"}"}}
[debug] [2025-02-26T20:11:56.062Z] [runtime-status] [20996] Resolved module firebase-functions {"declared":true,"installed":true,"version":"6.3.2","resolution":"C:\\Users\\night\\Documents\\GitHub\\speedy\\my-app\\functions\\node_modules\\firebase-functions\\lib\\v2\\index.js"} {"metadata":{"emulator":{"name":"functions"},"function":{"name":"us-central1-sendEmail"},"extension":{},"message":"[runtime-status] [20996] Resolved module firebase-functions {\"declared\":true,\"installed\":true,\"version\":\"6.3.2\",\"resolution\":\"C:\\\\Users\\\\night\\\\Documents\\\\GitHub\\\\speedy\\\\my-app\\\\functions\\\\node_modules\\\\firebase-functions\\\\lib\\\\v2\\\\index.js\"}"}}
[debug] [2025-02-26T20:11:56.063Z] [runtime-status] [20996] firebase-admin has been stubbed. {"adminResolution":{"declared":true,"installed":true,"version":"12.7.0","resolution":"C:\\Users\\night\\Documents\\GitHub\\speedy\\my-app\\functions\\node_modules\\firebase-admin\\lib\\index.js"}} {"metadata":{"emulator":{"name":"functions"},"function":{"name":"us-central1-sendEmail"},"extension":{},"message":"[runtime-status] [20996] firebase-admin has been stubbed. {\"adminResolution\":{\"declared\":true,\"installed\":true,\"version\":\"12.7.0\",\"resolution\":\"C:\\\\Users\\\\night\\\\Documents\\\\GitHub\\\\speedy\\\\my-app\\\\functions\\\\node_modules\\\\firebase-admin\\\\lib\\\\index.js\"}}"}}
[debug] [2025-02-26T20:11:56.115Z] [runtime-status] [20996] Functions runtime initialized. {"cwd":"C:\\Users\\night\\Documents\\GitHub\\speedy\\my-app\\functions","node_version":"20.8.0"} {"metadata":{"emulator":{"name":"functions"},"function":{"name":"us-central1-sendEmail"},"extension":{},"message":"[runtime-status] [20996] Functions runtime initialized. {\"cwd\":\"C:\\\\Users\\\\night\\\\Documents\\\\GitHub\\\\speedy\\\\my-app\\\\functions\",\"node_version\":\"20.8.0\"}"}}
[debug] [2025-02-26T20:11:56.115Z] [runtime-status] [20996] Listening to port: \\?\pipe\fire_emu_9e3cdf2ba4d4309b {"metadata":{"emulator":{"name":"functions"},"function":{"name":"us-central1-sendEmail"},"extension":{},"message":"[runtime-status] [20996] Listening to port: \\\\?\\pipe\\fire_emu_9e3cdf2ba4d4309b"}}
[debug] [2025-02-26T20:11:56.121Z] [worker-us-central1-sendEmail-a34980c3-337a-4659-94f3-e9fbcf1cc85c]: IDLE {"metadata":{"emulator":{"name":"functions"},"function":{"name":"us-central1-sendEmail"},"extension":{},"message":"[worker-us-central1-sendEmail-a34980c3-337a-4659-94f3-e9fbcf1cc85c]: IDLE"}}
[debug] [2025-02-26T20:11:56.121Z] [worker-pool] submitRequest(triggerId=us-central1-sendEmail) {"metadata":{"emulator":{"name":"functions"},"message":"[worker-pool] submitRequest(triggerId=us-central1-sendEmail)"}}
[info] i  functions: Beginning execution of "us-central1-sendEmail" {"metadata":{"emulator":{"name":"functions"},"function":{"name":"us-central1-sendEmail"},"extension":{},"message":"Beginning execution of \"us-central1-sendEmail\""}}
[debug] [2025-02-26T20:11:56.122Z] [worker-us-central1-sendEmail-a34980c3-337a-4659-94f3-e9fbcf1cc85c]: BUSY {"metadata":{"emulator":{"name":"functions"},"function":{"name":"us-central1-sendEmail"},"extension":{},"message":"[worker-us-central1-sendEmail-a34980c3-337a-4659-94f3-e9fbcf1cc85c]: BUSY"}}
[debug] [2025-02-26T20:11:56.126Z] [runtime-status] [20996] RunCloudEvent {"specversion":"1.0","type":"google.cloud.firestore.document.v1.created","source":"//firestore.googleapis.com/projects/projects/speedy-c4155/databases/(default)","id":"a6d79bb8-13e4-4a90-b29f-9d793dc93543","subject":"documents/Appointments/vzKSSaq3w3vicV5dan6K","time":"2025-02-26T20:11:55Z","datacontenttype":"application/protobuf","dataschema":"https://github.com/googleapis/google-cloudevents/blob/main/proto/google/events/cloud/firestore/v1/data.proto","location":"us-central1","project":"speedy-c4155","database":"(default)","namespace":"(default)","document":"Appointments/vzKSSaq3w3vicV5dan6K","data":{"type":"Buffer","data":[10,221,2,10,85,112,114,111,106,101,99,116,115,47,115,112,101,101,100,121,45,99,52,49,53,53,47,100,97,116,97,98,97,115,101,115,47,40,100,101,102,97,117,108,116,41,47,100,111,99,117,109,101,110,116,115,47,65,112,112,111,105,110,116,109,101,110,116,115,47,118,122,75,83,83,97,113,51,119,51,118,105,99,86,53,100,97,110,54,75,18,233,1,10,8,111,114,105,103,105,110,97,108,18,220,1,50,217,1,10,25,10,9,102,105,114,115,116,78,97,109,101,18,12,138,1,9,83,104,97,114,106,97,110,97,110,10,25,10,8,108,97,115,116,78,97,109,101,18,13,138,1,10,83,116,97,110,105,99,117,108,97,115,10,35,10,5,101,109,97,105,108,18,26,138,1,23,115,104,97,114,106,97,110,97,110,53,53,64,104,111,116,109,97,105,108,46,99,111,109,10,23,10,5,112,104,111,110,101,18,14,138,1,11,49,53,49,52,57,50,52,57,49,53,52,10,20,10,13,115,101,114,118,105,99,101,78,101,101,100,101,100,18,3,138,1,0,10,14,10,7,99,97,114,84,121,112,101,18,3,138,1,0,10,14,10,7,99,97,114,89,101,97,114,18,3,138,1,0,10,19,10,4,99,105,116,121,18,11,138,1,8,77,79,78,84,82,69,65,76,10,24,10,10,112,111,115,116,97,108,67,111,100,101,18,10,138,1,7,72,49,90,32,52,67,54,26,11,8,139,235,253,189,6,16,248,225,246,1,34,11,8,139,235,253,189,6,16,248,225,246,1,26,0]}} {"metadata":{"emulator":{"name":"functions"},"function":{"name":"us-central1-sendEmail"},"extension":{},"message":"[runtime-status] [20996] RunCloudEvent {\"specversion\":\"1.0\",\"type\":\"google.cloud.firestore.document.v1.created\",\"source\":\"//firestore.googleapis.com/projects/projects/speedy-c4155/databases/(default)\",\"id\":\"a6d79bb8-13e4-4a90-b29f-9d793dc93543\",\"subject\":\"documents/Appointments/vzKSSaq3w3vicV5dan6K\",\"time\":\"2025-02-26T20:11:55Z\",\"datacontenttype\":\"application/protobuf\",\"dataschema\":\"https://github.com/googleapis/google-cloudevents/blob/main/proto/google/events/cloud/firestore/v1/data.proto\",\"location\":\"us-central1\",\"project\":\"speedy-c4155\",\"database\":\"(default)\",\"namespace\":\"(default)\",\"document\":\"Appointments/vzKSSaq3w3vicV5dan6K\",\"data\":{\"type\":\"Buffer\",\"data\":[10,221,2,10,85,112,114,111,106,101,99,116,115,47,115,112,101,101,100,121,45,99,52,49,53,53,47,100,97,116,97,98,97,115,101,115,47,40,100,101,102,97,117,108,116,41,47,100,111,99,117,109,101,110,116,115,47,65,112,112,111,105,110,116,109,101,110,116,115,47,118,122,75,83,83,97,113,51,119,51,118,105,99,86,53,100,97,110,54,75,18,233,1,10,8,111,114,105,103,105,110,97,108,18,220,1,50,217,1,10,25,10,9,102,105,114,115,116,78,97,109,101,18,12,138,1,9,83,104,97,114,106,97,110,97,110,10,25,10,8,108,97,115,116,78,97,109,101,18,13,138,1,10,83,116,97,110,105,99,117,108,97,115,10,35,10,5,101,109,97,105,108,18,26,138,1,23,115,104,97,114,106,97,110,97,110,53,53,64,104,111,116,109,97,105,108,46,99,111,109,10,23,10,5,112,104,111,110,101,18,14,138,1,11,49,53,49,52,57,50,52,57,49,53,52,10,20,10,13,115,101,114,118,105,99,101,78,101,101,100,101,100,18,3,138,1,0,10,14,10,7,99,97,114,84,121,112,101,18,3,138,1,0,10,14,10,7,99,97,114,89,101,97,114,18,3,138,1,0,10,19,10,4,99,105,116,121,18,11,138,1,8,77,79,78,84,82,69,65,76,10,24,10,10,112,111,115,116,97,108,67,111,100,101,18,10,138,1,7,72,49,90,32,52,67,54,26,11,8,139,235,253,189,6,16,248,225,246,1,34,11,8,139,235,253,189,6,16,248,225,246,1,26,0]}}"}}
[info] >  📩 Email sent successfully to mechanic! {"user":"📩 Email sent successfully to mechanic!","metadata":{"emulator":{"name":"functions"},"function":{"name":"us-central1-sendEmail"},"extension":{},"message":"\u001b[90m> \u001b[39m 📩 Email sent successfully to mechanic!"}}
[debug] [2025-02-26T20:11:56.436Z] Finishing up request with event=pause {"metadata":{"emulator":{"name":"functions"},"function":{"name":"us-central1-sendEmail"},"extension":{},"message":"Finishing up request with event=pause"}}
[info] i  functions: Finished "us-central1-sendEmail" in 314.8363ms {"metadata":{"emulator":{"name":"functions"},"function":{"name":"us-central1-sendEmail"},"extension":{},"message":"Finished \"us-central1-sendEmail\" in 314.8363ms"}}
[debug] [2025-02-26T20:11:56.437Z] [worker-us-central1-sendEmail-a34980c3-337a-4659-94f3-e9fbcf1cc85c]: IDLE {"metadata":{"emulator":{"name":"functions"},"function":{"name":"us-central1-sendEmail"},"extension":{},"message":"[worker-us-central1-sendEmail-a34980c3-337a-4659-94f3-e9fbcf1cc85c]: IDLE"}}
[debug] [2025-02-26T20:11:56.437Z] Finishing up request with event=finish {"metadata":{"emulator":{"name":"functions"},"function":{"name":"us-central1-sendEmail"},"extension":{},"message":"Finishing up request with event=finish"}}
[debug] [2025-02-26T20:11:56.437Z] Finishing up request with event=close {"metadata":{"emulator":{"name":"functions"},"function":{"name":"us-central1-sendEmail"},"extension":{},"message":"Finishing up request with event=close"}}
[debug] [2025-02-26T20:11:56.437Z] [work-queue] {"queuedWork":[],"queueLength":0,"runningWork":[],"workRunningCount":0}
[debug] [2025-02-26T20:12:25.031Z] Feb. 26, 2025 3:12:25 P.M. io.gapi.emulators.netty.HttpVersionRoutingHandler channelRead
INFO: Detected non-HTTP/2 connection.
 {"metadata":{"emulator":{"name":"firestore"},"message":"Feb. 26, 2025 3:12:25 P.M. io.gapi.emulators.netty.HttpVersionRoutingHandler channelRead\r\nINFO: Detected non-HTTP/2 connection.\r\n"}}
[debug] [2025-02-26T20:13:02.091Z] [work-queue] {"queuedWork":["/speedy-c4155/us-central1/addmessage-2025-02-26T20:13:02.091Z"],"queueLength":1,"runningWork":[],"workRunningCount":0}
[debug] [2025-02-26T20:13:02.091Z] [work-queue] {"queuedWork":[],"queueLength":0,"runningWork":["/speedy-c4155/us-central1/addmessage-2025-02-26T20:13:02.091Z"],"workRunningCount":1}
[debug] [2025-02-26T20:13:02.091Z] Accepted request GET /speedy-c4155/us-central1/addmessage?text=world --> us-central1-addmessage
[debug] [2025-02-26T20:13:02.093Z] [functions] Runtime ready! Sending request! {"metadata":{"emulator":{"name":"functions"},"message":"[functions] Runtime ready! Sending request!"}}
[debug] [2025-02-26T20:13:02.093Z] [functions] Got req.url=/speedy-c4155/us-central1/addmessage?text=world, mapping to path=/?text=world {"metadata":{"emulator":{"name":"functions"},"message":"[functions] Got req.url=/speedy-c4155/us-central1/addmessage?text=world, mapping to path=/?text=world"}}
[info] i  functions: Loaded environment variables from .env. 
[debug] [2025-02-26T20:13:02.098Z] [worker-pool] addWorker(us-central1-addmessage) {"metadata":{"emulator":{"name":"functions"},"message":"[worker-pool] addWorker(us-central1-addmessage)"}}
[debug] [2025-02-26T20:13:02.099Z] [worker-pool] Adding worker with key us-central1-addmessage, total=1 {"metadata":{"emulator":{"name":"functions"},"message":"[worker-pool] Adding worker with key us-central1-addmessage, total=1"}}
[debug] [2025-02-26T20:13:02.927Z] [runtime-status] [24736] Resolved module firebase-admin {"declared":true,"installed":true,"version":"12.7.0","resolution":"C:\\Users\\night\\Documents\\GitHub\\speedy\\my-app\\functions\\node_modules\\firebase-admin\\lib\\index.js"} {"metadata":{"emulator":{"name":"functions"},"function":{"name":"us-central1-addmessage"},"extension":{},"message":"[runtime-status] [24736] Resolved module firebase-admin {\"declared\":true,\"installed\":true,\"version\":\"12.7.0\",\"resolution\":\"C:\\\\Users\\\\night\\\\Documents\\\\GitHub\\\\speedy\\\\my-app\\\\functions\\\\node_modules\\\\firebase-admin\\\\lib\\\\index.js\"}"}}
[debug] [2025-02-26T20:13:02.928Z] [runtime-status] [24736] Resolved module firebase-functions {"declared":true,"installed":true,"version":"6.3.2","resolution":"C:\\Users\\night\\Documents\\GitHub\\speedy\\my-app\\functions\\node_modules\\firebase-functions\\lib\\v2\\index.js"} {"metadata":{"emulator":{"name":"functions"},"function":{"name":"us-central1-addmessage"},"extension":{},"message":"[runtime-status] [24736] Resolved module firebase-functions {\"declared\":true,\"installed\":true,\"version\":\"6.3.2\",\"resolution\":\"C:\\\\Users\\\\night\\\\Documents\\\\GitHub\\\\speedy\\\\my-app\\\\functions\\\\node_modules\\\\firebase-functions\\\\lib\\\\v2\\\\index.js\"}"}}
[debug] [2025-02-26T20:13:02.928Z] [runtime-status] [24736] Outgoing network have been stubbed. [{"name":"http","status":"mocked"},{"name":"http","status":"mocked"},{"name":"https","status":"mocked"},{"name":"https","status":"mocked"},{"name":"net","status":"mocked"}] {"metadata":{"emulator":{"name":"functions"},"function":{"name":"us-central1-addmessage"},"extension":{},"message":"[runtime-status] [24736] Outgoing network have been stubbed. [{\"name\":\"http\",\"status\":\"mocked\"},{\"name\":\"http\",\"status\":\"mocked\"},{\"name\":\"https\",\"status\":\"mocked\"},{\"name\":\"https\",\"status\":\"mocked\"},{\"name\":\"net\",\"status\":\"mocked\"}]"}}
[debug] [2025-02-26T20:13:02.929Z] [runtime-status] [24736] Resolved module firebase-functions {"declared":true,"installed":true,"version":"6.3.2","resolution":"C:\\Users\\night\\Documents\\GitHub\\speedy\\my-app\\functions\\node_modules\\firebase-functions\\lib\\v2\\index.js"} {"metadata":{"emulator":{"name":"functions"},"function":{"name":"us-central1-addmessage"},"extension":{},"message":"[runtime-status] [24736] Resolved module firebase-functions {\"declared\":true,\"installed\":true,\"version\":\"6.3.2\",\"resolution\":\"C:\\\\Users\\\\night\\\\Documents\\\\GitHub\\\\speedy\\\\my-app\\\\functions\\\\node_modules\\\\firebase-functions\\\\lib\\\\v2\\\\index.js\"}"}}
[debug] [2025-02-26T20:13:03.105Z] [runtime-status] [24736] Checked functions.config() {"config":{}} {"metadata":{"emulator":{"name":"functions"},"function":{"name":"us-central1-addmessage"},"extension":{},"message":"[runtime-status] [24736] Checked functions.config() {\"config\":{}}"}}
[debug] [2025-02-26T20:13:03.105Z] [runtime-status] [24736] firebase-functions has been stubbed. {"functionsResolution":{"declared":true,"installed":true,"version":"6.3.2","resolution":"C:\\Users\\night\\Documents\\GitHub\\speedy\\my-app\\functions\\node_modules\\firebase-functions\\lib\\v2\\index.js"}} {"metadata":{"emulator":{"name":"functions"},"function":{"name":"us-central1-addmessage"},"extension":{},"message":"[runtime-status] [24736] firebase-functions has been stubbed. {\"functionsResolution\":{\"declared\":true,\"installed\":true,\"version\":\"6.3.2\",\"resolution\":\"C:\\\\Users\\\\night\\\\Documents\\\\GitHub\\\\speedy\\\\my-app\\\\functions\\\\node_modules\\\\firebase-functions\\\\lib\\\\v2\\\\index.js\"}}"}}
[debug] [2025-02-26T20:13:03.105Z] [runtime-status] [24736] Resolved module firebase-functions {"declared":true,"installed":true,"version":"6.3.2","resolution":"C:\\Users\\night\\Documents\\GitHub\\speedy\\my-app\\functions\\node_modules\\firebase-functions\\lib\\v2\\index.js"} {"metadata":{"emulator":{"name":"functions"},"function":{"name":"us-central1-addmessage"},"extension":{},"message":"[runtime-status] [24736] Resolved module firebase-functions {\"declared\":true,\"installed\":true,\"version\":\"6.3.2\",\"resolution\":\"C:\\\\Users\\\\night\\\\Documents\\\\GitHub\\\\speedy\\\\my-app\\\\functions\\\\node_modules\\\\firebase-functions\\\\lib\\\\v2\\\\index.js\"}"}}
[debug] [2025-02-26T20:13:03.111Z] [runtime-status] [24736] Resolved module firebase-admin {"declared":true,"installed":true,"version":"12.7.0","resolution":"C:\\Users\\night\\Documents\\GitHub\\speedy\\my-app\\functions\\node_modules\\firebase-admin\\lib\\index.js"} {"metadata":{"emulator":{"name":"functions"},"function":{"name":"us-central1-addmessage"},"extension":{},"message":"[runtime-status] [24736] Resolved module firebase-admin {\"declared\":true,\"installed\":true,\"version\":\"12.7.0\",\"resolution\":\"C:\\\\Users\\\\night\\\\Documents\\\\GitHub\\\\speedy\\\\my-app\\\\functions\\\\node_modules\\\\firebase-admin\\\\lib\\\\index.js\"}"}}
[debug] [2025-02-26T20:13:03.113Z] [runtime-status] [24736] Resolved module firebase-functions {"declared":true,"installed":true,"version":"6.3.2","resolution":"C:\\Users\\night\\Documents\\GitHub\\speedy\\my-app\\functions\\node_modules\\firebase-functions\\lib\\v2\\index.js"} {"metadata":{"emulator":{"name":"functions"},"function":{"name":"us-central1-addmessage"},"extension":{},"message":"[runtime-status] [24736] Resolved module firebase-functions {\"declared\":true,\"installed\":true,\"version\":\"6.3.2\",\"resolution\":\"C:\\\\Users\\\\night\\\\Documents\\\\GitHub\\\\speedy\\\\my-app\\\\functions\\\\node_modules\\\\firebase-functions\\\\lib\\\\v2\\\\index.js\"}"}}
[debug] [2025-02-26T20:13:03.113Z] [runtime-status] [24736] firebase-admin has been stubbed. {"adminResolution":{"declared":true,"installed":true,"version":"12.7.0","resolution":"C:\\Users\\night\\Documents\\GitHub\\speedy\\my-app\\functions\\node_modules\\firebase-admin\\lib\\index.js"}} {"metadata":{"emulator":{"name":"functions"},"function":{"name":"us-central1-addmessage"},"extension":{},"message":"[runtime-status] [24736] firebase-admin has been stubbed. {\"adminResolution\":{\"declared\":true,\"installed\":true,\"version\":\"12.7.0\",\"resolution\":\"C:\\\\Users\\\\night\\\\Documents\\\\GitHub\\\\speedy\\\\my-app\\\\functions\\\\node_modules\\\\firebase-admin\\\\lib\\\\index.js\"}}"}}
[debug] [2025-02-26T20:13:03.167Z] [runtime-status] [24736] Functions runtime initialized. {"cwd":"C:\\Users\\night\\Documents\\GitHub\\speedy\\my-app\\functions","node_version":"20.8.0"} {"metadata":{"emulator":{"name":"functions"},"function":{"name":"us-central1-addmessage"},"extension":{},"message":"[runtime-status] [24736] Functions runtime initialized. {\"cwd\":\"C:\\\\Users\\\\night\\\\Documents\\\\GitHub\\\\speedy\\\\my-app\\\\functions\",\"node_version\":\"20.8.0\"}"}}
[debug] [2025-02-26T20:13:03.168Z] [runtime-status] [24736] Listening to port: \\?\pipe\fire_emu_771d5cf6cb2fd4a0 {"metadata":{"emulator":{"name":"functions"},"function":{"name":"us-central1-addmessage"},"extension":{},"message":"[runtime-status] [24736] Listening to port: \\\\?\\pipe\\fire_emu_771d5cf6cb2fd4a0"}}
[debug] [2025-02-26T20:13:03.188Z] [worker-us-central1-addmessage-85d37fd9-1e93-4512-8efa-d29bbb6c62f6]: IDLE {"metadata":{"emulator":{"name":"functions"},"function":{"name":"us-central1-addmessage"},"extension":{},"message":"[worker-us-central1-addmessage-85d37fd9-1e93-4512-8efa-d29bbb6c62f6]: IDLE"}}
[debug] [2025-02-26T20:13:03.188Z] [worker-pool] submitRequest(triggerId=us-central1-addmessage) {"metadata":{"emulator":{"name":"functions"},"message":"[worker-pool] submitRequest(triggerId=us-central1-addmessage)"}}
[info] i  functions: Beginning execution of "us-central1-addmessage" {"metadata":{"emulator":{"name":"functions"},"function":{"name":"us-central1-addmessage"},"extension":{},"message":"Beginning execution of \"us-central1-addmessage\""}}
[debug] [2025-02-26T20:13:03.189Z] [worker-us-central1-addmessage-85d37fd9-1e93-4512-8efa-d29bbb6c62f6]: BUSY {"metadata":{"emulator":{"name":"functions"},"function":{"name":"us-central1-addmessage"},"extension":{},"message":"[worker-us-central1-addmessage-85d37fd9-1e93-4512-8efa-d29bbb6c62f6]: BUSY"}}
[warn] !  functions: Error: Failed to find function addmessage in the loaded module
    at C:\Users\night\AppData\Roaming\npm\node_modules\firebase-tools\lib\emulator\functionsEmulatorRuntime.js:676:23
    at Layer.handle [as handle_request] (C:\Users\night\AppData\Roaming\npm\node_modules\firebase-tools\node_modules\express\lib\router\layer.js:95:5)
    at next (C:\Users\night\AppData\Roaming\npm\node_modules\firebase-tools\node_modules\express\lib\router\route.js:149:13)
    at next (C:\Users\night\AppData\Roaming\npm\node_modules\firebase-tools\node_modules\express\lib\router\route.js:145:7)
    at next (C:\Users\night\AppData\Roaming\npm\node_modules\firebase-tools\node_modules\express\lib\router\route.js:145:7)
    at next (C:\Users\night\AppData\Roaming\npm\node_modules\firebase-tools\node_modules\express\lib\router\route.js:145:7)
    at next (C:\Users\night\AppData\Roaming\npm\node_modules\firebase-tools\node_modules\express\lib\router\route.js:145:7)
    at next (C:\Users\night\AppData\Roaming\npm\node_modules\firebase-tools\node_modules\express\lib\router\route.js:145:7)
    at next (C:\Users\night\AppData\Roaming\npm\node_modules\firebase-tools\node_modules\express\lib\router\route.js:145:7)
    at Route.dispatch (C:\Users\night\AppData\Roaming\npm\node_modules\firebase-tools\node_modules\express\lib\router\route.js:119:3) {"metadata":{"emulator":{"name":"functions"},"function":{"name":"us-central1-addmessage"},"extension":{},"message":"Error: Failed to find function addmessage in the loaded module\n    at C:\\Users\\night\\AppData\\Roaming\\npm\\node_modules\\firebase-tools\\lib\\emulator\\functionsEmulatorRuntime.js:676:23\n    at Layer.handle [as handle_request] (C:\\Users\\night\\AppData\\Roaming\\npm\\node_modules\\firebase-tools\\node_modules\\express\\lib\\router\\layer.js:95:5)\n    at next (C:\\Users\\night\\AppData\\Roaming\\npm\\node_modules\\firebase-tools\\node_modules\\express\\lib\\router\\route.js:149:13)\n    at next (C:\\Users\\night\\AppData\\Roaming\\npm\\node_modules\\firebase-tools\\node_modules\\express\\lib\\router\\route.js:145:7)\n    at next (C:\\Users\\night\\AppData\\Roaming\\npm\\node_modules\\firebase-tools\\node_modules\\express\\lib\\router\\route.js:145:7)\n    at next (C:\\Users\\night\\AppData\\Roaming\\npm\\node_modules\\firebase-tools\\node_modules\\express\\lib\\router\\route.js:145:7)\n    at next (C:\\Users\\night\\AppData\\Roaming\\npm\\node_modules\\firebase-tools\\node_modules\\express\\lib\\router\\route.js:145:7)\n    at next (C:\\Users\\night\\AppData\\Roaming\\npm\\node_modules\\firebase-tools\\node_modules\\express\\lib\\router\\route.js:145:7)\n    at next (C:\\Users\\night\\AppData\\Roaming\\npm\\node_modules\\firebase-tools\\node_modules\\express\\lib\\router\\route.js:145:7)\n    at Route.dispatch (C:\\Users\\night\\AppData\\Roaming\\npm\\node_modules\\firebase-tools\\node_modules\\express\\lib\\router\\route.js:119:3)"}}
[warn] !  Your function was killed because it raised an unhandled error. {"metadata":{"emulator":{"name":"functions"},"function":{"name":"us-central1-addmessage"},"extension":{},"message":"Your function was killed because it raised an unhandled error."}}
[debug] [2025-02-26T20:13:03.194Z] Finishing up request with event=pause {"metadata":{"emulator":{"name":"functions"},"function":{"name":"us-central1-addmessage"},"extension":{},"message":"Finishing up request with event=pause"}}
[info] i  functions: Finished "us-central1-addmessage" in 4.7822ms {"metadata":{"emulator":{"name":"functions"},"function":{"name":"us-central1-addmessage"},"extension":{},"message":"Finished \"us-central1-addmessage\" in 4.7822ms"}}
[debug] [2025-02-26T20:13:03.195Z] [worker-us-central1-addmessage-85d37fd9-1e93-4512-8efa-d29bbb6c62f6]: IDLE {"metadata":{"emulator":{"name":"functions"},"function":{"name":"us-central1-addmessage"},"extension":{},"message":"[worker-us-central1-addmessage-85d37fd9-1e93-4512-8efa-d29bbb6c62f6]: IDLE"}}
[debug] [2025-02-26T20:13:03.195Z] Finishing up request with event=finish {"metadata":{"emulator":{"name":"functions"},"function":{"name":"us-central1-addmessage"},"extension":{},"message":"Finishing up request with event=finish"}}
[debug] [2025-02-26T20:13:03.195Z] Finishing up request with event=close {"metadata":{"emulator":{"name":"functions"},"function":{"name":"us-central1-addmessage"},"extension":{},"message":"Finishing up request with event=close"}}
[debug] [2025-02-26T20:13:03.195Z] [work-queue] {"queuedWork":[],"queueLength":0,"runningWork":[],"workRunningCount":0}
[debug] [2025-02-26T20:13:03.213Z] [worker-us-central1-addmessage-85d37fd9-1e93-4512-8efa-d29bbb6c62f6]: exited {"metadata":{"emulator":{"name":"functions"},"function":{"name":"us-central1-addmessage"},"extension":{},"message":"[worker-us-central1-addmessage-85d37fd9-1e93-4512-8efa-d29bbb6c62f6]: exited"}}
[debug] [2025-02-26T20:13:03.213Z] [worker-us-central1-addmessage-85d37fd9-1e93-4512-8efa-d29bbb6c62f6]: FINISHED {"metadata":{"emulator":{"name":"functions"},"function":{"name":"us-central1-addmessage"},"extension":{},"message":"[worker-us-central1-addmessage-85d37fd9-1e93-4512-8efa-d29bbb6c62f6]: FINISHED"}}
[debug] [2025-02-26T20:13:25.056Z] Feb. 26, 2025 3:13:25 P.M. io.gapi.emulators.netty.HttpVersionRoutingHandler channelRead
INFO: Detected non-HTTP/2 connection.
 {"metadata":{"emulator":{"name":"firestore"},"message":"Feb. 26, 2025 3:13:25 P.M. io.gapi.emulators.netty.HttpVersionRoutingHandler channelRead\r\nINFO: Detected non-HTTP/2 connection.\r\n"}}
[debug] [2025-02-26T20:14:25.074Z] Feb. 26, 2025 3:14:25 P.M. io.gapi.emulators.netty.HttpVersionRoutingHandler channelRead
INFO: Detected non-HTTP/2 connection.
 {"metadata":{"emulator":{"name":"firestore"},"message":"Feb. 26, 2025 3:14:25 P.M. io.gapi.emulators.netty.HttpVersionRoutingHandler channelRead\r\nINFO: Detected non-HTTP/2 connection.\r\n"}}
[debug] [2025-02-26T20:15:25.099Z] Feb. 26, 2025 3:15:25 P.M. io.gapi.emulators.netty.HttpVersionRoutingHandler channelRead
INFO: Detected non-HTTP/2 connection.
 {"metadata":{"emulator":{"name":"firestore"},"message":"Feb. 26, 2025 3:15:25 P.M. io.gapi.emulators.netty.HttpVersionRoutingHandler channelRead\r\nINFO: Detected non-HTTP/2 connection.\r\n"}}
[debug] [2025-02-26T20:16:25.114Z] Feb. 26, 2025 3:16:25 P.M. io.gapi.emulators.netty.HttpVersionRoutingHandler channelRead
INFO: Detected non-HTTP/2 connection.
 {"metadata":{"emulator":{"name":"firestore"},"message":"Feb. 26, 2025 3:16:25 P.M. io.gapi.emulators.netty.HttpVersionRoutingHandler channelRead\r\nINFO: Detected non-HTTP/2 connection.\r\n"}}
[debug] [2025-02-26T20:17:25.141Z] Feb. 26, 2025 3:17:25 P.M. io.gapi.emulators.netty.HttpVersionRoutingHandler channelRead
INFO: Detected non-HTTP/2 connection.
 {"metadata":{"emulator":{"name":"firestore"},"message":"Feb. 26, 2025 3:17:25 P.M. io.gapi.emulators.netty.HttpVersionRoutingHandler channelRead\r\nINFO: Detected non-HTTP/2 connection.\r\n"}}
[debug] [2025-02-26T20:18:25.169Z] Feb. 26, 2025 3:18:25 P.M. io.gapi.emulators.netty.HttpVersionRoutingHandler channelRead
INFO: Detected non-HTTP/2 connection.
 {"metadata":{"emulator":{"name":"firestore"},"message":"Feb. 26, 2025 3:18:25 P.M. io.gapi.emulators.netty.HttpVersionRoutingHandler channelRead\r\nINFO: Detected non-HTTP/2 connection.\r\n"}}
[debug] [2025-02-26T20:19:25.181Z] Feb. 26, 2025 3:19:25 P.M. io.gapi.emulators.netty.HttpVersionRoutingHandler channelRead
INFO: Detected non-HTTP/2 connection.
 {"metadata":{"emulator":{"name":"firestore"},"message":"Feb. 26, 2025 3:19:25 P.M. io.gapi.emulators.netty.HttpVersionRoutingHandler channelRead\r\nINFO: Detected non-HTTP/2 connection.\r\n"}}
[debug] [2025-02-26T20:20:40.262Z] Feb. 26, 2025 3:20:40 P.M. io.gapi.emulators.netty.HttpVersionRoutingHandler channelRead
INFO: Detected non-HTTP/2 connection.
 {"metadata":{"emulator":{"name":"firestore"},"message":"Feb. 26, 2025 3:20:40 P.M. io.gapi.emulators.netty.HttpVersionRoutingHandler channelRead\r\nINFO: Detected non-HTTP/2 connection.\r\n"}}
[debug] [2025-02-26T20:21:40.284Z] Feb. 26, 2025 3:21:40 P.M. io.gapi.emulators.netty.HttpVersionRoutingHandler channelRead
INFO: Detected non-HTTP/2 connection.
 {"metadata":{"emulator":{"name":"firestore"},"message":"Feb. 26, 2025 3:21:40 P.M. io.gapi.emulators.netty.HttpVersionRoutingHandler channelRead\r\nINFO: Detected non-HTTP/2 connection.\r\n"}}
[debug] [2025-02-26T20:22:40.305Z] Feb. 26, 2025 3:22:40 P.M. io.gapi.emulators.netty.HttpVersionRoutingHandler channelRead
INFO: Detected non-HTTP/2 connection.
 {"metadata":{"emulator":{"name":"firestore"},"message":"Feb. 26, 2025 3:22:40 P.M. io.gapi.emulators.netty.HttpVersionRoutingHandler channelRead\r\nINFO: Detected non-HTTP/2 connection.\r\n"}}
[debug] [2025-02-26T20:23:40.348Z] Feb. 26, 2025 3:23:40 P.M. io.gapi.emulators.netty.HttpVersionRoutingHandler channelRead
INFO: Detected non-HTTP/2 connection.
 {"metadata":{"emulator":{"name":"firestore"},"message":"Feb. 26, 2025 3:23:40 P.M. io.gapi.emulators.netty.HttpVersionRoutingHandler channelRead\r\nINFO: Detected non-HTTP/2 connection.\r\n"}}
[debug] [2025-02-26T20:24:40.381Z] Feb. 26, 2025 3:24:40 P.M. io.gapi.emulators.netty.HttpVersionRoutingHandler channelRead
INFO: Detected non-HTTP/2 connection.
 {"metadata":{"emulator":{"name":"firestore"},"message":"Feb. 26, 2025 3:24:40 P.M. io.gapi.emulators.netty.HttpVersionRoutingHandler channelRead\r\nINFO: Detected non-HTTP/2 connection.\r\n"}}
[debug] [2025-02-26T20:25:40.398Z] Feb. 26, 2025 3:25:40 P.M. io.gapi.emulators.netty.HttpVersionRoutingHandler channelRead
INFO: Detected non-HTTP/2 connection.
 {"metadata":{"emulator":{"name":"firestore"},"message":"Feb. 26, 2025 3:25:40 P.M. io.gapi.emulators.netty.HttpVersionRoutingHandler channelRead\r\nINFO: Detected non-HTTP/2 connection.\r\n"}}
[debug] [2025-02-26T20:26:40.423Z] Feb. 26, 2025 3:26:40 P.M. io.gapi.emulators.netty.HttpVersionRoutingHandler channelRead
INFO: Detected non-HTTP/2 connection.
 {"metadata":{"emulator":{"name":"firestore"},"message":"Feb. 26, 2025 3:26:40 P.M. io.gapi.emulators.netty.HttpVersionRoutingHandler channelRead\r\nINFO: Detected non-HTTP/2 connection.\r\n"}}
[debug] [2025-02-26T20:27:26.253Z] Feb. 26, 2025 3:27:26 P.M. io.gapi.emulators.netty.HttpVersionRoutingHandler channelRead
INFO: Detected non-HTTP/2 connection.
 {"metadata":{"emulator":{"name":"firestore"},"message":"Feb. 26, 2025 3:27:26 P.M. io.gapi.emulators.netty.HttpVersionRoutingHandler channelRead\r\nINFO: Detected non-HTTP/2 connection.\r\n"}}
[debug] [2025-02-26T20:28:26.278Z] Feb. 26, 2025 3:28:26 P.M. io.gapi.emulators.netty.HttpVersionRoutingHandler channelRead
INFO: Detected non-HTTP/2 connection.
 {"metadata":{"emulator":{"name":"firestore"},"message":"Feb. 26, 2025 3:28:26 P.M. io.gapi.emulators.netty.HttpVersionRoutingHandler channelRead\r\nINFO: Detected non-HTTP/2 connection.\r\n"}}
[debug] [2025-02-26T20:29:26.300Z] Feb. 26, 2025 3:29:26 P.M. io.gapi.emulators.netty.HttpVersionRoutingHandler channelRead
INFO: Detected non-HTTP/2 connection.
 {"metadata":{"emulator":{"name":"firestore"},"message":"Feb. 26, 2025 3:29:26 P.M. io.gapi.emulators.netty.HttpVersionRoutingHandler channelRead\r\nINFO: Detected non-HTTP/2 connection.\r\n"}}
[debug] [2025-02-26T20:30:26.320Z] Feb. 26, 2025 3:30:26 P.M. io.gapi.emulators.netty.HttpVersionRoutingHandler channelRead
INFO: Detected non-HTTP/2 connection.
 {"metadata":{"emulator":{"name":"firestore"},"message":"Feb. 26, 2025 3:30:26 P.M. io.gapi.emulators.netty.HttpVersionRoutingHandler channelRead\r\nINFO: Detected non-HTTP/2 connection.\r\n"}}
[debug] [2025-02-26T20:31:26.336Z] Feb. 26, 2025 3:31:26 P.M. io.gapi.emulators.netty.HttpVersionRoutingHandler channelRead
INFO: Detected non-HTTP/2 connection.
 {"metadata":{"emulator":{"name":"firestore"},"message":"Feb. 26, 2025 3:31:26 P.M. io.gapi.emulators.netty.HttpVersionRoutingHandler channelRead\r\nINFO: Detected non-HTTP/2 connection.\r\n"}}
[debug] [2025-02-26T20:32:12.264Z] Feb. 26, 2025 3:32:12 P.M. io.gapi.emulators.netty.HttpVersionRoutingHandler channelRead
INFO: Detected non-HTTP/2 connection.
 {"metadata":{"emulator":{"name":"firestore"},"message":"Feb. 26, 2025 3:32:12 P.M. io.gapi.emulators.netty.HttpVersionRoutingHandler channelRead\r\nINFO: Detected non-HTTP/2 connection.\r\n"}}
[debug] [2025-02-26T20:32:56.063Z] [work-queue] {"queuedWork":["/speedy-c4155/us-central1/submit-2025-02-26T20:32:56.063Z"],"queueLength":1,"runningWork":[],"workRunningCount":0}
[debug] [2025-02-26T20:32:56.063Z] [work-queue] {"queuedWork":[],"queueLength":0,"runningWork":["/speedy-c4155/us-central1/submit-2025-02-26T20:32:56.063Z"],"workRunningCount":1}
[debug] [2025-02-26T20:32:56.063Z] Accepted request OPTIONS /speedy-c4155/us-central1/submit --> us-central1-submit
[debug] [2025-02-26T20:32:56.064Z] [functions] Runtime ready! Sending request! {"metadata":{"emulator":{"name":"functions"},"message":"[functions] Runtime ready! Sending request!"}}
[debug] [2025-02-26T20:32:56.064Z] [functions] Got req.url=/speedy-c4155/us-central1/submit, mapping to path=/ {"metadata":{"emulator":{"name":"functions"},"message":"[functions] Got req.url=/speedy-c4155/us-central1/submit, mapping to path=/"}}
[debug] [2025-02-26T20:32:56.064Z] [worker-pool] Cleaned up workers for us-central1-addmessage: 1 --> 0 {"metadata":{"emulator":{"name":"functions"},"message":"[worker-pool] Cleaned up workers for us-central1-addmessage: 1 --> 0"}}
[debug] [2025-02-26T20:32:56.065Z] [worker-pool] submitRequest(triggerId=us-central1-submit) {"metadata":{"emulator":{"name":"functions"},"message":"[worker-pool] submitRequest(triggerId=us-central1-submit)"}}
[info] i  functions: Beginning execution of "us-central1-submit" {"metadata":{"emulator":{"name":"functions"},"function":{"name":"us-central1-submit"},"extension":{},"message":"Beginning execution of \"us-central1-submit\""}}
[debug] [2025-02-26T20:32:56.066Z] [worker-us-central1-submit-56c5934f-668d-4b79-b499-000a520be095]: BUSY {"metadata":{"emulator":{"name":"functions"},"function":{"name":"us-central1-submit"},"extension":{},"message":"[worker-us-central1-submit-56c5934f-668d-4b79-b499-000a520be095]: BUSY"}}
[debug] [2025-02-26T20:32:56.068Z] Finishing up request with event=pause {"metadata":{"emulator":{"name":"functions"},"function":{"name":"us-central1-submit"},"extension":{},"message":"Finishing up request with event=pause"}}
[info] i  functions: Finished "us-central1-submit" in 2.0158ms {"metadata":{"emulator":{"name":"functions"},"function":{"name":"us-central1-submit"},"extension":{},"message":"Finished \"us-central1-submit\" in 2.0158ms"}}
[debug] [2025-02-26T20:32:56.068Z] [worker-us-central1-submit-56c5934f-668d-4b79-b499-000a520be095]: IDLE {"metadata":{"emulator":{"name":"functions"},"function":{"name":"us-central1-submit"},"extension":{},"message":"[worker-us-central1-submit-56c5934f-668d-4b79-b499-000a520be095]: IDLE"}}
[debug] [2025-02-26T20:32:56.068Z] Finishing up request with event=finish {"metadata":{"emulator":{"name":"functions"},"function":{"name":"us-central1-submit"},"extension":{},"message":"Finishing up request with event=finish"}}
[debug] [2025-02-26T20:32:56.068Z] Finishing up request with event=close {"metadata":{"emulator":{"name":"functions"},"function":{"name":"us-central1-submit"},"extension":{},"message":"Finishing up request with event=close"}}
[debug] [2025-02-26T20:32:56.068Z] [work-queue] {"queuedWork":[],"queueLength":0,"runningWork":[],"workRunningCount":0}
[debug] [2025-02-26T20:32:56.070Z] [work-queue] {"queuedWork":["/speedy-c4155/us-central1/submit-2025-02-26T20:32:56.070Z"],"queueLength":1,"runningWork":[],"workRunningCount":0}
[debug] [2025-02-26T20:32:56.070Z] [work-queue] {"queuedWork":[],"queueLength":0,"runningWork":["/speedy-c4155/us-central1/submit-2025-02-26T20:32:56.070Z"],"workRunningCount":1}
[debug] [2025-02-26T20:32:56.070Z] Accepted request POST /speedy-c4155/us-central1/submit --> us-central1-submit
[debug] [2025-02-26T20:32:56.071Z] [functions] Runtime ready! Sending request! {"metadata":{"emulator":{"name":"functions"},"message":"[functions] Runtime ready! Sending request!"}}
[debug] [2025-02-26T20:32:56.071Z] [functions] Got req.url=/speedy-c4155/us-central1/submit, mapping to path=/ {"metadata":{"emulator":{"name":"functions"},"message":"[functions] Got req.url=/speedy-c4155/us-central1/submit, mapping to path=/"}}
[debug] [2025-02-26T20:32:56.072Z] [worker-pool] submitRequest(triggerId=us-central1-submit) {"metadata":{"emulator":{"name":"functions"},"message":"[worker-pool] submitRequest(triggerId=us-central1-submit)"}}
[info] i  functions: Beginning execution of "us-central1-submit" {"metadata":{"emulator":{"name":"functions"},"function":{"name":"us-central1-submit"},"extension":{},"message":"Beginning execution of \"us-central1-submit\""}}
[debug] [2025-02-26T20:32:56.072Z] [worker-us-central1-submit-56c5934f-668d-4b79-b499-000a520be095]: BUSY {"metadata":{"emulator":{"name":"functions"},"function":{"name":"us-central1-submit"},"extension":{},"message":"[worker-us-central1-submit-56c5934f-668d-4b79-b499-000a520be095]: BUSY"}}
[debug] [2025-02-26T20:32:56.090Z] [work-queue] {"queuedWork":["/functions/projects/speedy-c4155/triggers/us-central1-sendEmail-0-2025-02-26T20:32:56.090Z"],"queueLength":1,"runningWork":["/speedy-c4155/us-central1/submit-2025-02-26T20:32:56.070Z"],"workRunningCount":1}
[debug] [2025-02-26T20:32:56.091Z] [work-queue] {"queuedWork":[],"queueLength":0,"runningWork":["/speedy-c4155/us-central1/submit-2025-02-26T20:32:56.070Z","/functions/projects/speedy-c4155/triggers/us-central1-sendEmail-0-2025-02-26T20:32:56.090Z"],"workRunningCount":2}
[debug] [2025-02-26T20:32:56.091Z] Accepted request POST /functions/projects/speedy-c4155/triggers/us-central1-sendEmail-0 --> us-central1-sendEmail-0
[debug] [2025-02-26T20:32:56.093Z] [functions] Runtime ready! Sending request! {"metadata":{"emulator":{"name":"functions"},"message":"[functions] Runtime ready! Sending request!"}}
[debug] [2025-02-26T20:32:56.093Z] [functions] Got req.url=/functions/projects/speedy-c4155/triggers/us-central1-sendEmail-0, mapping to path=/functions/projects/ {"metadata":{"emulator":{"name":"functions"},"message":"[functions] Got req.url=/functions/projects/speedy-c4155/triggers/us-central1-sendEmail-0, mapping to path=/functions/projects/"}}
[debug] [2025-02-26T20:32:56.093Z] [worker-pool] submitRequest(triggerId=us-central1-sendEmail) {"metadata":{"emulator":{"name":"functions"},"message":"[worker-pool] submitRequest(triggerId=us-central1-sendEmail)"}}
[info] i  functions: Beginning execution of "us-central1-sendEmail" {"metadata":{"emulator":{"name":"functions"},"function":{"name":"us-central1-sendEmail"},"extension":{},"message":"Beginning execution of \"us-central1-sendEmail\""}}
[debug] [2025-02-26T20:32:56.094Z] [worker-us-central1-sendEmail-a34980c3-337a-4659-94f3-e9fbcf1cc85c]: BUSY {"metadata":{"emulator":{"name":"functions"},"function":{"name":"us-central1-sendEmail"},"extension":{},"message":"[worker-us-central1-sendEmail-a34980c3-337a-4659-94f3-e9fbcf1cc85c]: BUSY"}}
[debug] [2025-02-26T20:32:56.096Z] Finishing up request with event=pause {"metadata":{"emulator":{"name":"functions"},"function":{"name":"us-central1-submit"},"extension":{},"message":"Finishing up request with event=pause"}}
[info] i  functions: Finished "us-central1-submit" in 23.7553ms {"metadata":{"emulator":{"name":"functions"},"function":{"name":"us-central1-submit"},"extension":{},"message":"Finished \"us-central1-submit\" in 23.7553ms"}}
[debug] [2025-02-26T20:32:56.097Z] [worker-us-central1-submit-56c5934f-668d-4b79-b499-000a520be095]: IDLE {"metadata":{"emulator":{"name":"functions"},"function":{"name":"us-central1-submit"},"extension":{},"message":"[worker-us-central1-submit-56c5934f-668d-4b79-b499-000a520be095]: IDLE"}}
[debug] [2025-02-26T20:32:56.097Z] Finishing up request with event=finish {"metadata":{"emulator":{"name":"functions"},"function":{"name":"us-central1-submit"},"extension":{},"message":"Finishing up request with event=finish"}}
[debug] [2025-02-26T20:32:56.097Z] Finishing up request with event=close {"metadata":{"emulator":{"name":"functions"},"function":{"name":"us-central1-submit"},"extension":{},"message":"Finishing up request with event=close"}}
[debug] [2025-02-26T20:32:56.097Z] [work-queue] {"queuedWork":[],"queueLength":0,"runningWork":["/functions/projects/speedy-c4155/triggers/us-central1-sendEmail-0-2025-02-26T20:32:56.090Z"],"workRunningCount":1}
[debug] [2025-02-26T20:32:56.097Z] [runtime-status] [20996] RunCloudEvent {"specversion":"1.0","type":"google.cloud.firestore.document.v1.created","source":"//firestore.googleapis.com/projects/projects/speedy-c4155/databases/(default)","id":"fb737b69-671e-4b63-a0b2-6500bd456027","subject":"documents/Appointments/nydQo3EtvMG6mr4zKocG","time":"2025-02-26T20:32:56Z","datacontenttype":"application/protobuf","dataschema":"https://github.com/googleapis/google-cloudevents/blob/main/proto/google/events/cloud/firestore/v1/data.proto","location":"us-central1","project":"speedy-c4155","database":"(default)","namespace":"(default)","document":"Appointments/nydQo3EtvMG6mr4zKocG","data":{"type":"Buffer","data":[10,221,2,10,85,112,114,111,106,101,99,116,115,47,115,112,101,101,100,121,45,99,52,49,53,53,47,100,97,116,97,98,97,115,101,115,47,40,100,101,102,97,117,108,116,41,47,100,111,99,117,109,101,110,116,115,47,65,112,112,111,105,110,116,109,101,110,116,115,47,110,121,100,81,111,51,69,116,118,77,71,54,109,114,52,122,75,111,99,71,18,233,1,10,8,111,114,105,103,105,110,97,108,18,220,1,50,217,1,10,23,10,9,102,105,114,115,116,78,97,109,101,18,10,138,1,7,82,65,78,74,73,78,73,10,21,10,8,108,97,115,116,78,97,109,101,18,9,138,1,6,70,82,65,78,67,89,10,41,10,5,101,109,97,105,108,18,32,138,1,29,115,104,97,114,106,97,110,97,110,115,116,97,110,105,99,117,108,97,115,64,103,109,97,105,108,46,99,111,109,10,22,10,5,112,104,111,110,101,18,13,138,1,10,53,49,52,53,53,52,53,52,49,53,10,20,10,13,115,101,114,118,105,99,101,78,101,101,100,101,100,18,3,138,1,0,10,14,10,7,99,97,114,84,121,112,101,18,3,138,1,0,10,14,10,7,99,97,114,89,101,97,114,18,3,138,1,0,10,20,10,4,99,105,116,121,18,12,138,1,9,77,111,110,116,114,195,169,97,108,10,24,10,10,112,111,115,116,97,108,67,111,100,101,18,10,138,1,7,72,49,90,32,52,67,54,26,11,8,248,244,253,189,6,16,232,164,168,39,34,11,8,248,244,253,189,6,16,232,164,168,39,26,0]}} {"metadata":{"emulator":{"name":"functions"},"function":{"name":"us-central1-sendEmail"},"extension":{},"message":"[runtime-status] [20996] RunCloudEvent {\"specversion\":\"1.0\",\"type\":\"google.cloud.firestore.document.v1.created\",\"source\":\"//firestore.googleapis.com/projects/projects/speedy-c4155/databases/(default)\",\"id\":\"fb737b69-671e-4b63-a0b2-6500bd456027\",\"subject\":\"documents/Appointments/nydQo3EtvMG6mr4zKocG\",\"time\":\"2025-02-26T20:32:56Z\",\"datacontenttype\":\"application/protobuf\",\"dataschema\":\"https://github.com/googleapis/google-cloudevents/blob/main/proto/google/events/cloud/firestore/v1/data.proto\",\"location\":\"us-central1\",\"project\":\"speedy-c4155\",\"database\":\"(default)\",\"namespace\":\"(default)\",\"document\":\"Appointments/nydQo3EtvMG6mr4zKocG\",\"data\":{\"type\":\"Buffer\",\"data\":[10,221,2,10,85,112,114,111,106,101,99,116,115,47,115,112,101,101,100,121,45,99,52,49,53,53,47,100,97,116,97,98,97,115,101,115,47,40,100,101,102,97,117,108,116,41,47,100,111,99,117,109,101,110,116,115,47,65,112,112,111,105,110,116,109,101,110,116,115,47,110,121,100,81,111,51,69,116,118,77,71,54,109,114,52,122,75,111,99,71,18,233,1,10,8,111,114,105,103,105,110,97,108,18,220,1,50,217,1,10,23,10,9,102,105,114,115,116,78,97,109,101,18,10,138,1,7,82,65,78,74,73,78,73,10,21,10,8,108,97,115,116,78,97,109,101,18,9,138,1,6,70,82,65,78,67,89,10,41,10,5,101,109,97,105,108,18,32,138,1,29,115,104,97,114,106,97,110,97,110,115,116,97,110,105,99,117,108,97,115,64,103,109,97,105,108,46,99,111,109,10,22,10,5,112,104,111,110,101,18,13,138,1,10,53,49,52,53,53,52,53,52,49,53,10,20,10,13,115,101,114,118,105,99,101,78,101,101,100,101,100,18,3,138,1,0,10,14,10,7,99,97,114,84,121,112,101,18,3,138,1,0,10,14,10,7,99,97,114,89,101,97,114,18,3,138,1,0,10,20,10,4,99,105,116,121,18,12,138,1,9,77,111,110,116,114,195,169,97,108,10,24,10,10,112,111,115,116,97,108,67,111,100,101,18,10,138,1,7,72,49,90,32,52,67,54,26,11,8,248,244,253,189,6,16,232,164,168,39,34,11,8,248,244,253,189,6,16,232,164,168,39,26,0]}}"}}
[info] >  📩 Email sent successfully to mechanic! {"user":"📩 Email sent successfully to mechanic!","metadata":{"emulator":{"name":"functions"},"function":{"name":"us-central1-sendEmail"},"extension":{},"message":"\u001b[90m> \u001b[39m 📩 Email sent successfully to mechanic!"}}
[debug] [2025-02-26T20:32:56.470Z] Finishing up request with event=pause {"metadata":{"emulator":{"name":"functions"},"function":{"name":"us-central1-sendEmail"},"extension":{},"message":"Finishing up request with event=pause"}}
[info] i  functions: Finished "us-central1-sendEmail" in 376.0852ms {"metadata":{"emulator":{"name":"functions"},"function":{"name":"us-central1-sendEmail"},"extension":{},"message":"Finished \"us-central1-sendEmail\" in 376.0852ms"}}
[debug] [2025-02-26T20:32:56.471Z] [worker-us-central1-sendEmail-a34980c3-337a-4659-94f3-e9fbcf1cc85c]: IDLE {"metadata":{"emulator":{"name":"functions"},"function":{"name":"us-central1-sendEmail"},"extension":{},"message":"[worker-us-central1-sendEmail-a34980c3-337a-4659-94f3-e9fbcf1cc85c]: IDLE"}}
[debug] [2025-02-26T20:32:56.472Z] Finishing up request with event=finish {"metadata":{"emulator":{"name":"functions"},"function":{"name":"us-central1-sendEmail"},"extension":{},"message":"Finishing up request with event=finish"}}
[debug] [2025-02-26T20:32:56.472Z] Finishing up request with event=close {"metadata":{"emulator":{"name":"functions"},"function":{"name":"us-central1-sendEmail"},"extension":{},"message":"Finishing up request with event=close"}}
[debug] [2025-02-26T20:32:56.472Z] [work-queue] {"queuedWork":[],"queueLength":0,"runningWork":[],"workRunningCount":0}
[debug] [2025-02-26T20:33:26.096Z] Feb. 26, 2025 3:33:26 P.M. io.gapi.emulators.netty.HttpVersionRoutingHandler channelRead
INFO: Detected non-HTTP/2 connection.
 {"metadata":{"emulator":{"name":"firestore"},"message":"Feb. 26, 2025 3:33:26 P.M. io.gapi.emulators.netty.HttpVersionRoutingHandler channelRead\r\nINFO: Detected non-HTTP/2 connection.\r\n"}}
[debug] [2025-02-26T20:34:26.116Z] Feb. 26, 2025 3:34:26 P.M. io.gapi.emulators.netty.HttpVersionRoutingHandler channelRead
INFO: Detected non-HTTP/2 connection.
 {"metadata":{"emulator":{"name":"firestore"},"message":"Feb. 26, 2025 3:34:26 P.M. io.gapi.emulators.netty.HttpVersionRoutingHandler channelRead\r\nINFO: Detected non-HTTP/2 connection.\r\n"}}
[debug] [2025-02-26T20:35:41.250Z] Feb. 26, 2025 3:35:41 P.M. io.gapi.emulators.netty.HttpVersionRoutingHandler channelRead
INFO: Detected non-HTTP/2 connection.
 {"metadata":{"emulator":{"name":"firestore"},"message":"Feb. 26, 2025 3:35:41 P.M. io.gapi.emulators.netty.HttpVersionRoutingHandler channelRead\r\nINFO: Detected non-HTTP/2 connection.\r\n"}}
[debug] [2025-02-26T20:36:41.276Z] Feb. 26, 2025 3:36:41 P.M. io.gapi.emulators.netty.HttpVersionRoutingHandler channelRead
INFO: Detected non-HTTP/2 connection.
 {"metadata":{"emulator":{"name":"firestore"},"message":"Feb. 26, 2025 3:36:41 P.M. io.gapi.emulators.netty.HttpVersionRoutingHandler channelRead\r\nINFO: Detected non-HTTP/2 connection.\r\n"}}
[debug] [2025-02-26T20:37:41.321Z] Feb. 26, 2025 3:37:41 P.M. io.gapi.emulators.netty.HttpVersionRoutingHandler channelRead
INFO: Detected non-HTTP/2 connection.
 {"metadata":{"emulator":{"name":"firestore"},"message":"Feb. 26, 2025 3:37:41 P.M. io.gapi.emulators.netty.HttpVersionRoutingHandler channelRead\r\nINFO: Detected non-HTTP/2 connection.\r\n"}}
[debug] [2025-02-26T20:38:41.342Z] Feb. 26, 2025 3:38:41 P.M. io.gapi.emulators.netty.HttpVersionRoutingHandler channelRead
INFO: Detected non-HTTP/2 connection.
 {"metadata":{"emulator":{"name":"firestore"},"message":"Feb. 26, 2025 3:38:41 P.M. io.gapi.emulators.netty.HttpVersionRoutingHandler channelRead\r\nINFO: Detected non-HTTP/2 connection.\r\n"}}
[debug] [2025-02-26T20:39:41.355Z] Feb. 26, 2025 3:39:41 P.M. io.gapi.emulators.netty.HttpVersionRoutingHandler channelRead
INFO: Detected non-HTTP/2 connection.
 {"metadata":{"emulator":{"name":"firestore"},"message":"Feb. 26, 2025 3:39:41 P.M. io.gapi.emulators.netty.HttpVersionRoutingHandler channelRead\r\nINFO: Detected non-HTTP/2 connection.\r\n"}}
[debug] [2025-02-26T20:40:41.373Z] Feb. 26, 2025 3:40:41 P.M. io.gapi.emulators.netty.HttpVersionRoutingHandler channelRead
INFO: Detected non-HTTP/2 connection.
 {"metadata":{"emulator":{"name":"firestore"},"message":"Feb. 26, 2025 3:40:41 P.M. io.gapi.emulators.netty.HttpVersionRoutingHandler channelRead\r\nINFO: Detected non-HTTP/2 connection.\r\n"}}
[debug] [2025-02-26T20:41:05.816Z] Feb. 26, 2025 3:41:05 P.M. com.google.cloud.datastore.emulator.firestore.websocket.WebSocketChannelHandler channelClosed
INFO: Websocket client disconnected
 {"metadata":{"emulator":{"name":"firestore"},"message":"Feb. 26, 2025 3:41:05 P.M. com.google.cloud.datastore.emulator.firestore.websocket.WebSocketChannelHandler channelClosed\r\nINFO: Websocket client disconnected\r\n"}}
[debug] [2025-02-26T20:41:05.824Z] Feb. 26, 2025 3:41:05 P.M. com.google.cloud.datastore.emulator.firestore.websocket.WebSocketChannelHandler initChannel
INFO: Connected to new websocket client
 {"metadata":{"emulator":{"name":"firestore"},"message":"Feb. 26, 2025 3:41:05 P.M. com.google.cloud.datastore.emulator.firestore.websocket.WebSocketChannelHandler initChannel\r\nINFO: Connected to new websocket client\r\n"}}
[debug] [2025-02-26T20:41:08.079Z] Feb. 26, 2025 3:41:08 P.M. io.gapi.emulators.netty.HttpVersionRoutingHandler channelRead
INFO: Detected non-HTTP/2 connection.
 {"metadata":{"emulator":{"name":"firestore"},"message":"Feb. 26, 2025 3:41:08 P.M. io.gapi.emulators.netty.HttpVersionRoutingHandler channelRead\r\nINFO: Detected non-HTTP/2 connection.\r\n"}}
[debug] [2025-02-26T20:41:08.084Z] Feb. 26, 2025 3:41:08 P.M. io.gapi.emulators.netty.HttpVersionRoutingHandler channelRead
INFO: Detected non-HTTP/2 connection.
 {"metadata":{"emulator":{"name":"firestore"},"message":"Feb. 26, 2025 3:41:08 P.M. io.gapi.emulators.netty.HttpVersionRoutingHandler channelRead\r\nINFO: Detected non-HTTP/2 connection.\r\n"}}
[debug] [2025-02-26T20:41:08.084Z] Feb. 26, 2025 3:41:08 P.M. io.gapi.emulators.netty.HttpVersionRoutingHandler channelRead
INFO: Detected non-HTTP/2 connection.
 {"metadata":{"emulator":{"name":"firestore"},"message":"Feb. 26, 2025 3:41:08 P.M. io.gapi.emulators.netty.HttpVersionRoutingHandler channelRead\r\nINFO: Detected non-HTTP/2 connection.\r\n"}}
[debug] [2025-02-26T20:41:08.097Z] Feb. 26, 2025 3:41:08 P.M. io.gapi.emulators.netty.HttpVersionRoutingHandler channelRead
INFO: Detected HTTP/2 connection.
 {"metadata":{"emulator":{"name":"firestore"},"message":"Feb. 26, 2025 3:41:08 P.M. io.gapi.emulators.netty.HttpVersionRoutingHandler channelRead\r\nINFO: Detected HTTP/2 connection.\r\n"}}
[debug] [2025-02-26T20:41:08.102Z] Feb. 26, 2025 3:41:08 P.M. com.google.cloud.datastore.emulator.firestore.websocket.WebSocketChannelHandler channelClosed
INFO: Websocket client disconnected
 {"metadata":{"emulator":{"name":"firestore"},"message":"Feb. 26, 2025 3:41:08 P.M. com.google.cloud.datastore.emulator.firestore.websocket.WebSocketChannelHandler channelClosed\r\nINFO: Websocket client disconnected\r\n"}}
[debug] [2025-02-26T20:41:08.105Z] Feb. 26, 2025 3:41:08 P.M. com.google.cloud.datastore.emulator.firestore.websocket.WebSocketChannelHandler initChannel
INFO: Connected to new websocket client
 {"metadata":{"emulator":{"name":"firestore"},"message":"Feb. 26, 2025 3:41:08 P.M. com.google.cloud.datastore.emulator.firestore.websocket.WebSocketChannelHandler initChannel\r\nINFO: Connected to new websocket client\r\n"}}
[debug] [2025-02-26T20:41:08.112Z] Feb. 26, 2025 3:41:08 P.M. io.gapi.emulators.netty.HttpVersionRoutingHandler channelRead
INFO: Detected non-HTTP/2 connection.
 {"metadata":{"emulator":{"name":"firestore"},"message":"Feb. 26, 2025 3:41:08 P.M. io.gapi.emulators.netty.HttpVersionRoutingHandler channelRead\r\nINFO: Detected non-HTTP/2 connection.\r\n"}}
[debug] [2025-02-26T20:41:08.116Z] Feb. 26, 2025 3:41:08 P.M. com.google.cloud.datastore.emulator.firestore.webchannel.FirestoreV1WebChannelAdapter$FirestoreListenHandler onClose
INFO: channel closed
 {"metadata":{"emulator":{"name":"firestore"},"message":"Feb. 26, 2025 3:41:08 P.M. com.google.cloud.datastore.emulator.firestore.webchannel.FirestoreV1WebChannelAdapter$FirestoreListenHandler onClose\r\nINFO: channel closed\r\n"}}
[debug] [2025-02-26T20:41:08.130Z] Feb. 26, 2025 3:41:08 P.M. io.gapi.emulators.netty.HttpVersionRoutingHandler channelRead
INFO: Detected non-HTTP/2 connection.
 {"metadata":{"emulator":{"name":"firestore"},"message":"Feb. 26, 2025 3:41:08 P.M. io.gapi.emulators.netty.HttpVersionRoutingHandler channelRead\r\nINFO: Detected non-HTTP/2 connection.\r\n"}}
[debug] [2025-02-26T20:41:08.150Z] Feb. 26, 2025 3:41:08 P.M. io.gapi.emulators.netty.HttpVersionRoutingHandler channelRead
INFO: Detected non-HTTP/2 connection.
 {"metadata":{"emulator":{"name":"firestore"},"message":"Feb. 26, 2025 3:41:08 P.M. io.gapi.emulators.netty.HttpVersionRoutingHandler channelRead\r\nINFO: Detected non-HTTP/2 connection.\r\n"}}
[debug] [2025-02-26T20:41:08.158Z] Feb. 26, 2025 3:41:08 P.M. io.gapi.emulators.netty.HttpVersionRoutingHandler channelRead
INFO: Detected non-HTTP/2 connection.
 {"metadata":{"emulator":{"name":"firestore"},"message":"Feb. 26, 2025 3:41:08 P.M. io.gapi.emulators.netty.HttpVersionRoutingHandler channelRead\r\nINFO: Detected non-HTTP/2 connection.\r\n"}}
[debug] [2025-02-26T20:41:09.990Z] Feb. 26, 2025 3:41:09 P.M. io.gapi.emulators.netty.HttpVersionRoutingHandler channelRead
INFO: Detected non-HTTP/2 connection.
 {"metadata":{"emulator":{"name":"firestore"},"message":"Feb. 26, 2025 3:41:09 P.M. io.gapi.emulators.netty.HttpVersionRoutingHandler channelRead\r\nINFO: Detected non-HTTP/2 connection.\r\n"}}
[debug] [2025-02-26T20:41:10.072Z] Feb. 26, 2025 3:41:10 P.M. io.gapi.emulators.netty.HttpVersionRoutingHandler channelRead
INFO: Detected non-HTTP/2 connection.
 {"metadata":{"emulator":{"name":"firestore"},"message":"Feb. 26, 2025 3:41:10 P.M. io.gapi.emulators.netty.HttpVersionRoutingHandler channelRead\r\nINFO: Detected non-HTTP/2 connection.\r\n"}}
[debug] [2025-02-26T20:41:10.956Z] Feb. 26, 2025 3:41:10 P.M. io.gapi.emulators.netty.HttpVersionRoutingHandler channelRead
INFO: Detected non-HTTP/2 connection.
 {"metadata":{"emulator":{"name":"firestore"},"message":"Feb. 26, 2025 3:41:10 P.M. io.gapi.emulators.netty.HttpVersionRoutingHandler channelRead\r\nINFO: Detected non-HTTP/2 connection.\r\n"}}
[debug] [2025-02-26T20:41:11.052Z] Feb. 26, 2025 3:41:11 P.M. io.gapi.emulators.netty.HttpVersionRoutingHandler channelRead
INFO: Detected non-HTTP/2 connection.
 {"metadata":{"emulator":{"name":"firestore"},"message":"Feb. 26, 2025 3:41:11 P.M. io.gapi.emulators.netty.HttpVersionRoutingHandler channelRead\r\nINFO: Detected non-HTTP/2 connection.\r\n"}}
[debug] [2025-02-26T20:41:12.277Z] Feb. 26, 2025 3:41:12 P.M. io.gapi.emulators.netty.HttpVersionRoutingHandler channelRead
INFO: Detected non-HTTP/2 connection.
 {"metadata":{"emulator":{"name":"firestore"},"message":"Feb. 26, 2025 3:41:12 P.M. io.gapi.emulators.netty.HttpVersionRoutingHandler channelRead\r\nINFO: Detected non-HTTP/2 connection.\r\n"}}
[debug] [2025-02-26T20:41:13.380Z] Feb. 26, 2025 3:41:13 P.M. io.gapi.emulators.netty.HttpVersionRoutingHandler channelRead
INFO: Detected non-HTTP/2 connection.
 {"metadata":{"emulator":{"name":"firestore"},"message":"Feb. 26, 2025 3:41:13 P.M. io.gapi.emulators.netty.HttpVersionRoutingHandler channelRead\r\nINFO: Detected non-HTTP/2 connection.\r\n"}}
[debug] [2025-02-26T20:41:13.962Z] Feb. 26, 2025 3:41:13 P.M. io.gapi.emulators.netty.HttpVersionRoutingHandler channelRead
INFO: Detected non-HTTP/2 connection.
 {"metadata":{"emulator":{"name":"firestore"},"message":"Feb. 26, 2025 3:41:13 P.M. io.gapi.emulators.netty.HttpVersionRoutingHandler channelRead\r\nINFO: Detected non-HTTP/2 connection.\r\n"}}
[debug] [2025-02-26T20:41:14.735Z] Feb. 26, 2025 3:41:14 P.M. io.gapi.emulators.netty.HttpVersionRoutingHandler channelRead
INFO: Detected non-HTTP/2 connection.
 {"metadata":{"emulator":{"name":"firestore"},"message":"Feb. 26, 2025 3:41:14 P.M. io.gapi.emulators.netty.HttpVersionRoutingHandler channelRead\r\nINFO: Detected non-HTTP/2 connection.\r\n"}}
[debug] [2025-02-26T20:42:14.751Z] Feb. 26, 2025 3:42:14 P.M. io.gapi.emulators.netty.HttpVersionRoutingHandler channelRead
INFO: Detected non-HTTP/2 connection.
 {"metadata":{"emulator":{"name":"firestore"},"message":"Feb. 26, 2025 3:42:14 P.M. io.gapi.emulators.netty.HttpVersionRoutingHandler channelRead\r\nINFO: Detected non-HTTP/2 connection.\r\n"}}
[debug] [2025-02-26T20:43:14.775Z] Feb. 26, 2025 3:43:14 P.M. io.gapi.emulators.netty.HttpVersionRoutingHandler channelRead
INFO: Detected non-HTTP/2 connection.
 {"metadata":{"emulator":{"name":"firestore"},"message":"Feb. 26, 2025 3:43:14 P.M. io.gapi.emulators.netty.HttpVersionRoutingHandler channelRead\r\nINFO: Detected non-HTTP/2 connection.\r\n"}}
[debug] [2025-02-26T20:44:14.838Z] Feb. 26, 2025 3:44:14 P.M. io.gapi.emulators.netty.HttpVersionRoutingHandler channelRead
INFO: Detected non-HTTP/2 connection.
 {"metadata":{"emulator":{"name":"firestore"},"message":"Feb. 26, 2025 3:44:14 P.M. io.gapi.emulators.netty.HttpVersionRoutingHandler channelRead\r\nINFO: Detected non-HTTP/2 connection.\r\n"}}
[debug] [2025-02-26T20:45:00.264Z] Feb. 26, 2025 3:45:00 P.M. io.gapi.emulators.netty.HttpVersionRoutingHandler channelRead
INFO: Detected non-HTTP/2 connection.
 {"metadata":{"emulator":{"name":"firestore"},"message":"Feb. 26, 2025 3:45:00 P.M. io.gapi.emulators.netty.HttpVersionRoutingHandler channelRead\r\nINFO: Detected non-HTTP/2 connection.\r\n"}}
[debug] [2025-02-26T20:45:45.051Z] File C:\Users\night\Documents\GitHub\speedy\my-app\functions\index.js changed, reloading triggers {"metadata":{"emulator":{"name":"functions"},"message":"File C:\\Users\\night\\Documents\\GitHub\\speedy\\my-app\\functions\\index.js changed, reloading triggers"}}
[debug] [2025-02-26T20:45:46.057Z] Validating nodejs source
[debug] [2025-02-26T20:45:47.142Z] > [functions] package.json contents: {
  "name": "functions",
  "description": "Cloud Functions for Firebase",
  "scripts": {
    "serve": "firebase emulators:start --only functions",
    "shell": "firebase functions:shell",
    "start": "npm run shell",
    "deploy": "firebase deploy --only functions",
    "logs": "firebase functions:log"
  },
  "engines": {
    "node": "22"
  },
  "main": "index.js",
  "dependencies": {
    "firebase-admin": "^12.6.0",
    "firebase-functions": "^6.0.1"
  },
  "devDependencies": {
    "firebase-functions-test": "^3.1.0"
  },
  "private": true
}
[debug] [2025-02-26T20:45:47.142Z] Building nodejs source
[debug] [2025-02-26T20:45:47.142Z] Failed to find version of module node: reached end of search path C:\Users\night\Documents\GitHub\speedy\my-app\functions\node_modules
[warn] !  functions: Your requested "node" version "22" doesn't match your global version "20". Using node@20 from host. 
[info] i  functions: Loaded environment variables from .env. 
[debug] [2025-02-26T20:45:47.144Z] Could not find functions.yaml. Must use http discovery
[debug] [2025-02-26T20:45:47.149Z] Found firebase-functions binary at 'C:\Users\night\Documents\GitHub\speedy\my-app\functions\node_modules\.bin\firebase-functions'
[info] Serving at port 8148

[debug] [2025-02-26T20:45:47.668Z] Got response from /__/functions.yaml {"endpoints":{"submit":{"availableMemoryMb":null,"timeoutSeconds":null,"minInstances":null,"maxInstances":null,"ingressSettings":null,"concurrency":null,"serviceAccountEmail":null,"vpc":null,"platform":"gcfv2","labels":{},"httpsTrigger":{},"entryPoint":"submit"},"sendEmail":{"availableMemoryMb":null,"timeoutSeconds":null,"minInstances":null,"maxInstances":null,"ingressSettings":null,"concurrency":null,"serviceAccountEmail":null,"vpc":null,"platform":"gcfv2","labels":{},"eventTrigger":{"eventType":"google.cloud.firestore.document.v1.created","eventFilters":{"database":"(default)","namespace":"(default)"},"eventFilterPathPatterns":{"document":"Appointments/{documentId}"},"retry":false},"entryPoint":"sendEmail"}},"specVersion":"v1alpha1","requiredAPIs":[],"extensions":{}}
[debug] [2025-02-26T20:45:50.792Z] File C:\Users\night\Documents\GitHub\speedy\my-app\functions\index.js changed, reloading triggers {"metadata":{"emulator":{"name":"functions"},"message":"File C:\\Users\\night\\Documents\\GitHub\\speedy\\my-app\\functions\\index.js changed, reloading triggers"}}
[debug] [2025-02-26T20:45:51.807Z] Validating nodejs source
[debug] [2025-02-26T20:45:52.757Z] > [functions] package.json contents: {
  "name": "functions",
  "description": "Cloud Functions for Firebase",
  "scripts": {
    "serve": "firebase emulators:start --only functions",
    "shell": "firebase functions:shell",
    "start": "npm run shell",
    "deploy": "firebase deploy --only functions",
    "logs": "firebase functions:log"
  },
  "engines": {
    "node": "22"
  },
  "main": "index.js",
  "dependencies": {
    "firebase-admin": "^12.6.0",
    "firebase-functions": "^6.0.1"
  },
  "devDependencies": {
    "firebase-functions-test": "^3.1.0"
  },
  "private": true
}
[debug] [2025-02-26T20:45:52.757Z] Building nodejs source
[debug] [2025-02-26T20:45:52.757Z] Failed to find version of module node: reached end of search path C:\Users\night\Documents\GitHub\speedy\my-app\functions\node_modules
[warn] !  functions: Your requested "node" version "22" doesn't match your global version "20". Using node@20 from host. 
[info] i  functions: Loaded environment variables from .env. 
[debug] [2025-02-26T20:45:52.759Z] Could not find functions.yaml. Must use http discovery
[debug] [2025-02-26T20:45:52.762Z] Found firebase-functions binary at 'C:\Users\night\Documents\GitHub\speedy\my-app\functions\node_modules\.bin\firebase-functions'
[debug] [2025-02-26T20:45:52.770Z] defaultcredentials: writing to file C:\Users\night\AppData\Roaming\firebase\sharjananstaniculas_gmail_com_application_default_credentials.json
[debug] [2025-02-26T20:45:52.772Z] Setting GAC to C:\Users\night\AppData\Roaming\firebase\sharjananstaniculas_gmail_com_application_default_credentials.json {"metadata":{"emulator":{"name":"functions"},"message":"Setting GAC to C:\\Users\\night\\AppData\\Roaming\\firebase\\sharjananstaniculas_gmail_com_application_default_credentials.json"}}
[info] +  functions: Loaded functions definitions from source: submit, sendEmail. {"metadata":{"emulator":{"name":"functions"},"message":"Loaded functions definitions from source: submit, sendEmail."}}
[debug] [2025-02-26T20:45:52.772Z] [worker-pool] Shutting down IDLE worker (us-central1-submit) {"metadata":{"emulator":{"name":"functions"},"message":"[worker-pool] Shutting down IDLE worker (us-central1-submit)"}}
[debug] [2025-02-26T20:45:52.772Z] [worker-us-central1-submit-56c5934f-668d-4b79-b499-000a520be095]: FINISHING {"metadata":{"emulator":{"name":"functions"},"function":{"name":"us-central1-submit"},"extension":{},"message":"[worker-us-central1-submit-56c5934f-668d-4b79-b499-000a520be095]: FINISHING"}}
[debug] [2025-02-26T20:45:52.773Z] [worker-pool] Shutting down IDLE worker (us-central1-sendEmail) {"metadata":{"emulator":{"name":"functions"},"message":"[worker-pool] Shutting down IDLE worker (us-central1-sendEmail)"}}
[debug] [2025-02-26T20:45:52.773Z] [worker-us-central1-sendEmail-a34980c3-337a-4659-94f3-e9fbcf1cc85c]: FINISHING {"metadata":{"emulator":{"name":"functions"},"function":{"name":"us-central1-sendEmail"},"extension":{},"message":"[worker-us-central1-sendEmail-a34980c3-337a-4659-94f3-e9fbcf1cc85c]: FINISHING"}}
[debug] [2025-02-26T20:45:52.776Z] Feb. 26, 2025 3:45:52 P.M. io.netty.channel.DefaultChannelPipeline onUnhandledInboundException
WARNING: An exceptionCaught() event was fired, and it reached at the tail of the pipeline. It usually means the last handler in the pipeline did not handle the exception.
java.net.SocketException: Connection reset
	at java.base/sun.nio.ch.SocketChannelImpl.throwConnectionReset(SocketChannelImpl.java:394)
	at java.base/sun.nio.ch.SocketChannelImpl.read(SocketChannelImpl.java:426)
	at io.netty.buffer.PooledByteBuf.setBytes(PooledByteBuf.java:255)
	at io.netty.buffer.AbstractByteBuf.writeBytes(AbstractByteBuf.java:1132)
	at io.netty.channel.socket.nio.NioSocketChannel.doReadBytes(NioSocketChannel.java:356)
	at io.netty.channel.nio.AbstractNioByteChannel$NioByteUnsafe.read(AbstractNioByteChannel.java:151)
	at io.netty.channel.nio.NioEventLoop.processSelectedKey(NioEventLoop.java:788)
	at io.netty.channel.nio.NioEventLoop.processSelectedKeysOptimized(NioEventLoop.java:724)
	at io.netty.channel.nio.NioEventLoop.processSelectedKeys(NioEventLoop.java:650)
	at io.netty.channel.nio.NioEventLoop.run(NioEventLoop.java:562)
	at io.netty.util.concurrent.SingleThreadEventExecutor$4.run(SingleThreadEventExecutor.java:994)
	at io.netty.util.internal.ThreadExecutorMap$2.run(ThreadExecutorMap.java:74)
	at io.netty.util.concurrent.FastThreadLocalRunnable.run(FastThreadLocalRunnable.java:30)
	at java.base/java.lang.Thread.run(Thread.java:842)

 {"metadata":{"emulator":{"name":"firestore"},"message":"Feb. 26, 2025 3:45:52 P.M. io.netty.channel.DefaultChannelPipeline onUnhandledInboundException\r\nWARNING: An exceptionCaught() event was fired, and it reached at the tail of the pipeline. It usually means the last handler in the pipeline did not handle the exception.\r\njava.net.SocketException: Connection reset\r\n\tat java.base/sun.nio.ch.SocketChannelImpl.throwConnectionReset(SocketChannelImpl.java:394)\r\n\tat java.base/sun.nio.ch.SocketChannelImpl.read(SocketChannelImpl.java:426)\r\n\tat io.netty.buffer.PooledByteBuf.setBytes(PooledByteBuf.java:255)\r\n\tat io.netty.buffer.AbstractByteBuf.writeBytes(AbstractByteBuf.java:1132)\r\n\tat io.netty.channel.socket.nio.NioSocketChannel.doReadBytes(NioSocketChannel.java:356)\r\n\tat io.netty.channel.nio.AbstractNioByteChannel$NioByteUnsafe.read(AbstractNioByteChannel.java:151)\r\n\tat io.netty.channel.nio.NioEventLoop.processSelectedKey(NioEventLoop.java:788)\r\n\tat io.netty.channel.nio.NioEventLoop.processSelectedKeysOptimized(NioEventLoop.java:724)\r\n\tat io.netty.channel.nio.NioEventLoop.processSelectedKeys(NioEventLoop.java:650)\r\n\tat io.netty.channel.nio.NioEventLoop.run(NioEventLoop.java:562)\r\n\tat io.netty.util.concurrent.SingleThreadEventExecutor$4.run(SingleThreadEventExecutor.java:994)\r\n\tat io.netty.util.internal.ThreadExecutorMap$2.run(ThreadExecutorMap.java:74)\r\n\tat io.netty.util.concurrent.FastThreadLocalRunnable.run(FastThreadLocalRunnable.java:30)\r\n\tat java.base/java.lang.Thread.run(Thread.java:842)\r\n\r\n"}}
[debug] [2025-02-26T20:45:52.784Z] [worker-us-central1-sendEmail-a34980c3-337a-4659-94f3-e9fbcf1cc85c]: exited {"metadata":{"emulator":{"name":"functions"},"function":{"name":"us-central1-sendEmail"},"extension":{},"message":"[worker-us-central1-sendEmail-a34980c3-337a-4659-94f3-e9fbcf1cc85c]: exited"}}
[debug] [2025-02-26T20:45:52.784Z] [worker-us-central1-sendEmail-a34980c3-337a-4659-94f3-e9fbcf1cc85c]: FINISHED {"metadata":{"emulator":{"name":"functions"},"function":{"name":"us-central1-sendEmail"},"extension":{},"message":"[worker-us-central1-sendEmail-a34980c3-337a-4659-94f3-e9fbcf1cc85c]: FINISHED"}}
[debug] [2025-02-26T20:45:52.787Z] [worker-us-central1-submit-56c5934f-668d-4b79-b499-000a520be095]: exited {"metadata":{"emulator":{"name":"functions"},"function":{"name":"us-central1-submit"},"extension":{},"message":"[worker-us-central1-submit-56c5934f-668d-4b79-b499-000a520be095]: exited"}}
[debug] [2025-02-26T20:45:52.787Z] [worker-us-central1-submit-56c5934f-668d-4b79-b499-000a520be095]: FINISHED {"metadata":{"emulator":{"name":"functions"},"function":{"name":"us-central1-submit"},"extension":{},"message":"[worker-us-central1-submit-56c5934f-668d-4b79-b499-000a520be095]: FINISHED"}}
[info] Serving at port 8722

[debug] [2025-02-26T20:45:53.356Z] Got response from /__/functions.yaml {"endpoints":{"submit":{"availableMemoryMb":null,"timeoutSeconds":null,"minInstances":null,"maxInstances":null,"ingressSettings":null,"concurrency":null,"serviceAccountEmail":null,"vpc":null,"platform":"gcfv2","labels":{},"httpsTrigger":{},"entryPoint":"submit"},"sendEmail":{"availableMemoryMb":null,"timeoutSeconds":null,"minInstances":null,"maxInstances":null,"ingressSettings":null,"concurrency":null,"serviceAccountEmail":null,"vpc":null,"platform":"gcfv2","labels":{},"eventTrigger":{"eventType":"google.cloud.firestore.document.v1.created","eventFilters":{"database":"(default)","namespace":"(default)"},"eventFilterPathPatterns":{"document":"Appointments/{documentId}"},"retry":false},"entryPoint":"sendEmail"}},"specVersion":"v1alpha1","requiredAPIs":[],"extensions":{}}
[debug] [2025-02-26T20:45:58.385Z] defaultcredentials: writing to file C:\Users\night\AppData\Roaming\firebase\sharjananstaniculas_gmail_com_application_default_credentials.json
[debug] [2025-02-26T20:45:58.386Z] Setting GAC to C:\Users\night\AppData\Roaming\firebase\sharjananstaniculas_gmail_com_application_default_credentials.json {"metadata":{"emulator":{"name":"functions"},"message":"Setting GAC to C:\\Users\\night\\AppData\\Roaming\\firebase\\sharjananstaniculas_gmail_com_application_default_credentials.json"}}
[info] +  functions: Loaded functions definitions from source: submit, sendEmail. {"metadata":{"emulator":{"name":"functions"},"message":"Loaded functions definitions from source: submit, sendEmail."}}
[debug] [2025-02-26T20:46:00.288Z] Feb. 26, 2025 3:46:00 P.M. io.gapi.emulators.netty.HttpVersionRoutingHandler channelRead
INFO: Detected non-HTTP/2 connection.
 {"metadata":{"emulator":{"name":"firestore"},"message":"Feb. 26, 2025 3:46:00 P.M. io.gapi.emulators.netty.HttpVersionRoutingHandler channelRead\r\nINFO: Detected non-HTTP/2 connection.\r\n"}}
[debug] [2025-02-26T20:46:17.050Z] [work-queue] {"queuedWork":["/speedy-c4155/us-central1/submit-2025-02-26T20:46:17.050Z"],"queueLength":1,"runningWork":[],"workRunningCount":0}
[debug] [2025-02-26T20:46:17.050Z] [work-queue] {"queuedWork":[],"queueLength":0,"runningWork":["/speedy-c4155/us-central1/submit-2025-02-26T20:46:17.050Z"],"workRunningCount":1}
[debug] [2025-02-26T20:46:17.050Z] Accepted request OPTIONS /speedy-c4155/us-central1/submit --> us-central1-submit
[debug] [2025-02-26T20:46:17.055Z] [functions] Runtime ready! Sending request! {"metadata":{"emulator":{"name":"functions"},"message":"[functions] Runtime ready! Sending request!"}}
[debug] [2025-02-26T20:46:17.056Z] [functions] Got req.url=/speedy-c4155/us-central1/submit, mapping to path=/ {"metadata":{"emulator":{"name":"functions"},"message":"[functions] Got req.url=/speedy-c4155/us-central1/submit, mapping to path=/"}}
[debug] [2025-02-26T20:46:17.056Z] [worker-pool] Cleaned up workers for us-central1-submit: 1 --> 0 {"metadata":{"emulator":{"name":"functions"},"message":"[worker-pool] Cleaned up workers for us-central1-submit: 1 --> 0"}}
[debug] [2025-02-26T20:46:17.056Z] [worker-pool] Cleaned up workers for us-central1-sendEmail: 1 --> 0 {"metadata":{"emulator":{"name":"functions"},"message":"[worker-pool] Cleaned up workers for us-central1-sendEmail: 1 --> 0"}}
[info] i  functions: Loaded environment variables from .env. 
[debug] [2025-02-26T20:46:17.065Z] [worker-pool] addWorker(us-central1-submit) {"metadata":{"emulator":{"name":"functions"},"message":"[worker-pool] addWorker(us-central1-submit)"}}
[debug] [2025-02-26T20:46:17.065Z] [worker-pool] Adding worker with key us-central1-submit, total=1 {"metadata":{"emulator":{"name":"functions"},"message":"[worker-pool] Adding worker with key us-central1-submit, total=1"}}
[debug] [2025-02-26T20:46:17.894Z] [runtime-status] [19960] Resolved module firebase-admin {"declared":true,"installed":true,"version":"12.7.0","resolution":"C:\\Users\\night\\Documents\\GitHub\\speedy\\my-app\\functions\\node_modules\\firebase-admin\\lib\\index.js"} {"metadata":{"emulator":{"name":"functions"},"function":{"name":"us-central1-submit"},"extension":{},"message":"[runtime-status] [19960] Resolved module firebase-admin {\"declared\":true,\"installed\":true,\"version\":\"12.7.0\",\"resolution\":\"C:\\\\Users\\\\night\\\\Documents\\\\GitHub\\\\speedy\\\\my-app\\\\functions\\\\node_modules\\\\firebase-admin\\\\lib\\\\index.js\"}"}}
[debug] [2025-02-26T20:46:17.894Z] [runtime-status] [19960] Resolved module firebase-functions {"declared":true,"installed":true,"version":"6.3.2","resolution":"C:\\Users\\night\\Documents\\GitHub\\speedy\\my-app\\functions\\node_modules\\firebase-functions\\lib\\v2\\index.js"} {"metadata":{"emulator":{"name":"functions"},"function":{"name":"us-central1-submit"},"extension":{},"message":"[runtime-status] [19960] Resolved module firebase-functions {\"declared\":true,\"installed\":true,\"version\":\"6.3.2\",\"resolution\":\"C:\\\\Users\\\\night\\\\Documents\\\\GitHub\\\\speedy\\\\my-app\\\\functions\\\\node_modules\\\\firebase-functions\\\\lib\\\\v2\\\\index.js\"}"}}
[debug] [2025-02-26T20:46:17.895Z] [runtime-status] [19960] Outgoing network have been stubbed. [{"name":"http","status":"mocked"},{"name":"http","status":"mocked"},{"name":"https","status":"mocked"},{"name":"https","status":"mocked"},{"name":"net","status":"mocked"}] {"metadata":{"emulator":{"name":"functions"},"function":{"name":"us-central1-submit"},"extension":{},"message":"[runtime-status] [19960] Outgoing network have been stubbed. [{\"name\":\"http\",\"status\":\"mocked\"},{\"name\":\"http\",\"status\":\"mocked\"},{\"name\":\"https\",\"status\":\"mocked\"},{\"name\":\"https\",\"status\":\"mocked\"},{\"name\":\"net\",\"status\":\"mocked\"}]"}}
[debug] [2025-02-26T20:46:17.895Z] [runtime-status] [19960] Resolved module firebase-functions {"declared":true,"installed":true,"version":"6.3.2","resolution":"C:\\Users\\night\\Documents\\GitHub\\speedy\\my-app\\functions\\node_modules\\firebase-functions\\lib\\v2\\index.js"} {"metadata":{"emulator":{"name":"functions"},"function":{"name":"us-central1-submit"},"extension":{},"message":"[runtime-status] [19960] Resolved module firebase-functions {\"declared\":true,\"installed\":true,\"version\":\"6.3.2\",\"resolution\":\"C:\\\\Users\\\\night\\\\Documents\\\\GitHub\\\\speedy\\\\my-app\\\\functions\\\\node_modules\\\\firebase-functions\\\\lib\\\\v2\\\\index.js\"}"}}
[debug] [2025-02-26T20:46:18.067Z] [runtime-status] [19960] Checked functions.config() {"config":{}} {"metadata":{"emulator":{"name":"functions"},"function":{"name":"us-central1-submit"},"extension":{},"message":"[runtime-status] [19960] Checked functions.config() {\"config\":{}}"}}
[debug] [2025-02-26T20:46:18.068Z] [runtime-status] [19960] firebase-functions has been stubbed. {"functionsResolution":{"declared":true,"installed":true,"version":"6.3.2","resolution":"C:\\Users\\night\\Documents\\GitHub\\speedy\\my-app\\functions\\node_modules\\firebase-functions\\lib\\v2\\index.js"}} {"metadata":{"emulator":{"name":"functions"},"function":{"name":"us-central1-submit"},"extension":{},"message":"[runtime-status] [19960] firebase-functions has been stubbed. {\"functionsResolution\":{\"declared\":true,\"installed\":true,\"version\":\"6.3.2\",\"resolution\":\"C:\\\\Users\\\\night\\\\Documents\\\\GitHub\\\\speedy\\\\my-app\\\\functions\\\\node_modules\\\\firebase-functions\\\\lib\\\\v2\\\\index.js\"}}"}}
[debug] [2025-02-26T20:46:18.068Z] [runtime-status] [19960] Resolved module firebase-functions {"declared":true,"installed":true,"version":"6.3.2","resolution":"C:\\Users\\night\\Documents\\GitHub\\speedy\\my-app\\functions\\node_modules\\firebase-functions\\lib\\v2\\index.js"} {"metadata":{"emulator":{"name":"functions"},"function":{"name":"us-central1-submit"},"extension":{},"message":"[runtime-status] [19960] Resolved module firebase-functions {\"declared\":true,\"installed\":true,\"version\":\"6.3.2\",\"resolution\":\"C:\\\\Users\\\\night\\\\Documents\\\\GitHub\\\\speedy\\\\my-app\\\\functions\\\\node_modules\\\\firebase-functions\\\\lib\\\\v2\\\\index.js\"}"}}
[debug] [2025-02-26T20:46:18.071Z] [runtime-status] [19960] Resolved module firebase-admin {"declared":true,"installed":true,"version":"12.7.0","resolution":"C:\\Users\\night\\Documents\\GitHub\\speedy\\my-app\\functions\\node_modules\\firebase-admin\\lib\\index.js"} {"metadata":{"emulator":{"name":"functions"},"function":{"name":"us-central1-submit"},"extension":{},"message":"[runtime-status] [19960] Resolved module firebase-admin {\"declared\":true,\"installed\":true,\"version\":\"12.7.0\",\"resolution\":\"C:\\\\Users\\\\night\\\\Documents\\\\GitHub\\\\speedy\\\\my-app\\\\functions\\\\node_modules\\\\firebase-admin\\\\lib\\\\index.js\"}"}}
[debug] [2025-02-26T20:46:18.072Z] [runtime-status] [19960] Resolved module firebase-functions {"declared":true,"installed":true,"version":"6.3.2","resolution":"C:\\Users\\night\\Documents\\GitHub\\speedy\\my-app\\functions\\node_modules\\firebase-functions\\lib\\v2\\index.js"} {"metadata":{"emulator":{"name":"functions"},"function":{"name":"us-central1-submit"},"extension":{},"message":"[runtime-status] [19960] Resolved module firebase-functions {\"declared\":true,\"installed\":true,\"version\":\"6.3.2\",\"resolution\":\"C:\\\\Users\\\\night\\\\Documents\\\\GitHub\\\\speedy\\\\my-app\\\\functions\\\\node_modules\\\\firebase-functions\\\\lib\\\\v2\\\\index.js\"}"}}
[debug] [2025-02-26T20:46:18.072Z] [runtime-status] [19960] firebase-admin has been stubbed. {"adminResolution":{"declared":true,"installed":true,"version":"12.7.0","resolution":"C:\\Users\\night\\Documents\\GitHub\\speedy\\my-app\\functions\\node_modules\\firebase-admin\\lib\\index.js"}} {"metadata":{"emulator":{"name":"functions"},"function":{"name":"us-central1-submit"},"extension":{},"message":"[runtime-status] [19960] firebase-admin has been stubbed. {\"adminResolution\":{\"declared\":true,\"installed\":true,\"version\":\"12.7.0\",\"resolution\":\"C:\\\\Users\\\\night\\\\Documents\\\\GitHub\\\\speedy\\\\my-app\\\\functions\\\\node_modules\\\\firebase-admin\\\\lib\\\\index.js\"}}"}}
[debug] [2025-02-26T20:46:18.126Z] [runtime-status] [19960] Functions runtime initialized. {"cwd":"C:\\Users\\night\\Documents\\GitHub\\speedy\\my-app\\functions","node_version":"20.8.0"} {"metadata":{"emulator":{"name":"functions"},"function":{"name":"us-central1-submit"},"extension":{},"message":"[runtime-status] [19960] Functions runtime initialized. {\"cwd\":\"C:\\\\Users\\\\night\\\\Documents\\\\GitHub\\\\speedy\\\\my-app\\\\functions\",\"node_version\":\"20.8.0\"}"}}
[debug] [2025-02-26T20:46:18.126Z] [runtime-status] [19960] Listening to port: \\?\pipe\fire_emu_0b7498e6687c628a {"metadata":{"emulator":{"name":"functions"},"function":{"name":"us-central1-submit"},"extension":{},"message":"[runtime-status] [19960] Listening to port: \\\\?\\pipe\\fire_emu_0b7498e6687c628a"}}
[debug] [2025-02-26T20:46:18.156Z] [worker-us-central1-submit-236f99df-5182-4231-aa72-ca21134a5fe1]: IDLE {"metadata":{"emulator":{"name":"functions"},"function":{"name":"us-central1-submit"},"extension":{},"message":"[worker-us-central1-submit-236f99df-5182-4231-aa72-ca21134a5fe1]: IDLE"}}
[debug] [2025-02-26T20:46:18.156Z] [worker-pool] submitRequest(triggerId=us-central1-submit) {"metadata":{"emulator":{"name":"functions"},"message":"[worker-pool] submitRequest(triggerId=us-central1-submit)"}}
[info] i  functions: Beginning execution of "us-central1-submit" {"metadata":{"emulator":{"name":"functions"},"function":{"name":"us-central1-submit"},"extension":{},"message":"Beginning execution of \"us-central1-submit\""}}
[debug] [2025-02-26T20:46:18.157Z] [worker-us-central1-submit-236f99df-5182-4231-aa72-ca21134a5fe1]: BUSY {"metadata":{"emulator":{"name":"functions"},"function":{"name":"us-central1-submit"},"extension":{},"message":"[worker-us-central1-submit-236f99df-5182-4231-aa72-ca21134a5fe1]: BUSY"}}
[debug] [2025-02-26T20:46:18.159Z] Finishing up request with event=pause {"metadata":{"emulator":{"name":"functions"},"function":{"name":"us-central1-submit"},"extension":{},"message":"Finishing up request with event=pause"}}
[info] i  functions: Finished "us-central1-submit" in 2.4408ms {"metadata":{"emulator":{"name":"functions"},"function":{"name":"us-central1-submit"},"extension":{},"message":"Finished \"us-central1-submit\" in 2.4408ms"}}
[debug] [2025-02-26T20:46:18.160Z] [worker-us-central1-submit-236f99df-5182-4231-aa72-ca21134a5fe1]: IDLE {"metadata":{"emulator":{"name":"functions"},"function":{"name":"us-central1-submit"},"extension":{},"message":"[worker-us-central1-submit-236f99df-5182-4231-aa72-ca21134a5fe1]: IDLE"}}
[debug] [2025-02-26T20:46:18.160Z] Finishing up request with event=finish {"metadata":{"emulator":{"name":"functions"},"function":{"name":"us-central1-submit"},"extension":{},"message":"Finishing up request with event=finish"}}
[debug] [2025-02-26T20:46:18.160Z] Finishing up request with event=close {"metadata":{"emulator":{"name":"functions"},"function":{"name":"us-central1-submit"},"extension":{},"message":"Finishing up request with event=close"}}
[debug] [2025-02-26T20:46:18.160Z] [work-queue] {"queuedWork":[],"queueLength":0,"runningWork":[],"workRunningCount":0}
[debug] [2025-02-26T20:46:18.161Z] [work-queue] {"queuedWork":["/speedy-c4155/us-central1/submit-2025-02-26T20:46:18.161Z"],"queueLength":1,"runningWork":[],"workRunningCount":0}
[debug] [2025-02-26T20:46:18.161Z] [work-queue] {"queuedWork":[],"queueLength":0,"runningWork":["/speedy-c4155/us-central1/submit-2025-02-26T20:46:18.161Z"],"workRunningCount":1}
[debug] [2025-02-26T20:46:18.161Z] Accepted request POST /speedy-c4155/us-central1/submit --> us-central1-submit
[debug] [2025-02-26T20:46:18.161Z] [functions] Runtime ready! Sending request! {"metadata":{"emulator":{"name":"functions"},"message":"[functions] Runtime ready! Sending request!"}}
[debug] [2025-02-26T20:46:18.162Z] [functions] Got req.url=/speedy-c4155/us-central1/submit, mapping to path=/ {"metadata":{"emulator":{"name":"functions"},"message":"[functions] Got req.url=/speedy-c4155/us-central1/submit, mapping to path=/"}}
[debug] [2025-02-26T20:46:18.162Z] [worker-pool] submitRequest(triggerId=us-central1-submit) {"metadata":{"emulator":{"name":"functions"},"message":"[worker-pool] submitRequest(triggerId=us-central1-submit)"}}
[info] i  functions: Beginning execution of "us-central1-submit" {"metadata":{"emulator":{"name":"functions"},"function":{"name":"us-central1-submit"},"extension":{},"message":"Beginning execution of \"us-central1-submit\""}}
[debug] [2025-02-26T20:46:18.162Z] [worker-us-central1-submit-236f99df-5182-4231-aa72-ca21134a5fe1]: BUSY {"metadata":{"emulator":{"name":"functions"},"function":{"name":"us-central1-submit"},"extension":{},"message":"[worker-us-central1-submit-236f99df-5182-4231-aa72-ca21134a5fe1]: BUSY"}}
[debug] [2025-02-26T20:46:18.422Z] Feb. 26, 2025 3:46:18 P.M. io.gapi.emulators.netty.HttpVersionRoutingHandler channelRead
INFO: Detected HTTP/2 connection.
 {"metadata":{"emulator":{"name":"firestore"},"message":"Feb. 26, 2025 3:46:18 P.M. io.gapi.emulators.netty.HttpVersionRoutingHandler channelRead\r\nINFO: Detected HTTP/2 connection.\r\n"}}
[debug] [2025-02-26T20:46:18.434Z] [work-queue] {"queuedWork":["/functions/projects/speedy-c4155/triggers/us-central1-sendEmail-0-2025-02-26T20:46:18.434Z"],"queueLength":1,"runningWork":["/speedy-c4155/us-central1/submit-2025-02-26T20:46:18.161Z"],"workRunningCount":1}
[debug] [2025-02-26T20:46:18.434Z] [work-queue] {"queuedWork":[],"queueLength":0,"runningWork":["/speedy-c4155/us-central1/submit-2025-02-26T20:46:18.161Z","/functions/projects/speedy-c4155/triggers/us-central1-sendEmail-0-2025-02-26T20:46:18.434Z"],"workRunningCount":2}
[debug] [2025-02-26T20:46:18.434Z] Accepted request POST /functions/projects/speedy-c4155/triggers/us-central1-sendEmail-0 --> us-central1-sendEmail-0
[debug] [2025-02-26T20:46:18.435Z] [functions] Runtime ready! Sending request! {"metadata":{"emulator":{"name":"functions"},"message":"[functions] Runtime ready! Sending request!"}}
[debug] [2025-02-26T20:46:18.435Z] [functions] Got req.url=/functions/projects/speedy-c4155/triggers/us-central1-sendEmail-0, mapping to path=/functions/projects/ {"metadata":{"emulator":{"name":"functions"},"message":"[functions] Got req.url=/functions/projects/speedy-c4155/triggers/us-central1-sendEmail-0, mapping to path=/functions/projects/"}}
[info] i  functions: Loaded environment variables from .env. 
[debug] [2025-02-26T20:46:18.442Z] [worker-pool] addWorker(us-central1-sendEmail) {"metadata":{"emulator":{"name":"functions"},"message":"[worker-pool] addWorker(us-central1-sendEmail)"}}
[debug] [2025-02-26T20:46:18.442Z] [worker-pool] Adding worker with key us-central1-sendEmail, total=1 {"metadata":{"emulator":{"name":"functions"},"message":"[worker-pool] Adding worker with key us-central1-sendEmail, total=1"}}
[debug] [2025-02-26T20:46:18.444Z] Finishing up request with event=pause {"metadata":{"emulator":{"name":"functions"},"function":{"name":"us-central1-submit"},"extension":{},"message":"Finishing up request with event=pause"}}
[info] i  functions: Finished "us-central1-submit" in 282.0441ms {"metadata":{"emulator":{"name":"functions"},"function":{"name":"us-central1-submit"},"extension":{},"message":"Finished \"us-central1-submit\" in 282.0441ms"}}
[debug] [2025-02-26T20:46:18.445Z] [worker-us-central1-submit-236f99df-5182-4231-aa72-ca21134a5fe1]: IDLE {"metadata":{"emulator":{"name":"functions"},"function":{"name":"us-central1-submit"},"extension":{},"message":"[worker-us-central1-submit-236f99df-5182-4231-aa72-ca21134a5fe1]: IDLE"}}
[debug] [2025-02-26T20:46:18.445Z] Finishing up request with event=finish {"metadata":{"emulator":{"name":"functions"},"function":{"name":"us-central1-submit"},"extension":{},"message":"Finishing up request with event=finish"}}
[debug] [2025-02-26T20:46:18.446Z] Finishing up request with event=close {"metadata":{"emulator":{"name":"functions"},"function":{"name":"us-central1-submit"},"extension":{},"message":"Finishing up request with event=close"}}
[debug] [2025-02-26T20:46:18.446Z] [work-queue] {"queuedWork":[],"queueLength":0,"runningWork":["/functions/projects/speedy-c4155/triggers/us-central1-sendEmail-0-2025-02-26T20:46:18.434Z"],"workRunningCount":1}
[debug] [2025-02-26T20:46:19.290Z] [runtime-status] [7848] Resolved module firebase-admin {"declared":true,"installed":true,"version":"12.7.0","resolution":"C:\\Users\\night\\Documents\\GitHub\\speedy\\my-app\\functions\\node_modules\\firebase-admin\\lib\\index.js"} {"metadata":{"emulator":{"name":"functions"},"function":{"name":"us-central1-sendEmail"},"extension":{},"message":"[runtime-status] [7848] Resolved module firebase-admin {\"declared\":true,\"installed\":true,\"version\":\"12.7.0\",\"resolution\":\"C:\\\\Users\\\\night\\\\Documents\\\\GitHub\\\\speedy\\\\my-app\\\\functions\\\\node_modules\\\\firebase-admin\\\\lib\\\\index.js\"}"}}
[debug] [2025-02-26T20:46:19.291Z] [runtime-status] [7848] Resolved module firebase-functions {"declared":true,"installed":true,"version":"6.3.2","resolution":"C:\\Users\\night\\Documents\\GitHub\\speedy\\my-app\\functions\\node_modules\\firebase-functions\\lib\\v2\\index.js"} {"metadata":{"emulator":{"name":"functions"},"function":{"name":"us-central1-sendEmail"},"extension":{},"message":"[runtime-status] [7848] Resolved module firebase-functions {\"declared\":true,\"installed\":true,\"version\":\"6.3.2\",\"resolution\":\"C:\\\\Users\\\\night\\\\Documents\\\\GitHub\\\\speedy\\\\my-app\\\\functions\\\\node_modules\\\\firebase-functions\\\\lib\\\\v2\\\\index.js\"}"}}
[debug] [2025-02-26T20:46:19.291Z] [runtime-status] [7848] Outgoing network have been stubbed. [{"name":"http","status":"mocked"},{"name":"http","status":"mocked"},{"name":"https","status":"mocked"},{"name":"https","status":"mocked"},{"name":"net","status":"mocked"}] {"metadata":{"emulator":{"name":"functions"},"function":{"name":"us-central1-sendEmail"},"extension":{},"message":"[runtime-status] [7848] Outgoing network have been stubbed. [{\"name\":\"http\",\"status\":\"mocked\"},{\"name\":\"http\",\"status\":\"mocked\"},{\"name\":\"https\",\"status\":\"mocked\"},{\"name\":\"https\",\"status\":\"mocked\"},{\"name\":\"net\",\"status\":\"mocked\"}]"}}
[debug] [2025-02-26T20:46:19.291Z] [runtime-status] [7848] Resolved module firebase-functions {"declared":true,"installed":true,"version":"6.3.2","resolution":"C:\\Users\\night\\Documents\\GitHub\\speedy\\my-app\\functions\\node_modules\\firebase-functions\\lib\\v2\\index.js"} {"metadata":{"emulator":{"name":"functions"},"function":{"name":"us-central1-sendEmail"},"extension":{},"message":"[runtime-status] [7848] Resolved module firebase-functions {\"declared\":true,\"installed\":true,\"version\":\"6.3.2\",\"resolution\":\"C:\\\\Users\\\\night\\\\Documents\\\\GitHub\\\\speedy\\\\my-app\\\\functions\\\\node_modules\\\\firebase-functions\\\\lib\\\\v2\\\\index.js\"}"}}
[debug] [2025-02-26T20:46:19.472Z] [runtime-status] [7848] Checked functions.config() {"config":{}} {"metadata":{"emulator":{"name":"functions"},"function":{"name":"us-central1-sendEmail"},"extension":{},"message":"[runtime-status] [7848] Checked functions.config() {\"config\":{}}"}}
[debug] [2025-02-26T20:46:19.473Z] [runtime-status] [7848] firebase-functions has been stubbed. {"functionsResolution":{"declared":true,"installed":true,"version":"6.3.2","resolution":"C:\\Users\\night\\Documents\\GitHub\\speedy\\my-app\\functions\\node_modules\\firebase-functions\\lib\\v2\\index.js"}} {"metadata":{"emulator":{"name":"functions"},"function":{"name":"us-central1-sendEmail"},"extension":{},"message":"[runtime-status] [7848] firebase-functions has been stubbed. {\"functionsResolution\":{\"declared\":true,\"installed\":true,\"version\":\"6.3.2\",\"resolution\":\"C:\\\\Users\\\\night\\\\Documents\\\\GitHub\\\\speedy\\\\my-app\\\\functions\\\\node_modules\\\\firebase-functions\\\\lib\\\\v2\\\\index.js\"}}"}}
[debug] [2025-02-26T20:46:19.473Z] [runtime-status] [7848] Resolved module firebase-functions {"declared":true,"installed":true,"version":"6.3.2","resolution":"C:\\Users\\night\\Documents\\GitHub\\speedy\\my-app\\functions\\node_modules\\firebase-functions\\lib\\v2\\index.js"} {"metadata":{"emulator":{"name":"functions"},"function":{"name":"us-central1-sendEmail"},"extension":{},"message":"[runtime-status] [7848] Resolved module firebase-functions {\"declared\":true,\"installed\":true,\"version\":\"6.3.2\",\"resolution\":\"C:\\\\Users\\\\night\\\\Documents\\\\GitHub\\\\speedy\\\\my-app\\\\functions\\\\node_modules\\\\firebase-functions\\\\lib\\\\v2\\\\index.js\"}"}}
[debug] [2025-02-26T20:46:19.476Z] [runtime-status] [7848] Resolved module firebase-admin {"declared":true,"installed":true,"version":"12.7.0","resolution":"C:\\Users\\night\\Documents\\GitHub\\speedy\\my-app\\functions\\node_modules\\firebase-admin\\lib\\index.js"} {"metadata":{"emulator":{"name":"functions"},"function":{"name":"us-central1-sendEmail"},"extension":{},"message":"[runtime-status] [7848] Resolved module firebase-admin {\"declared\":true,\"installed\":true,\"version\":\"12.7.0\",\"resolution\":\"C:\\\\Users\\\\night\\\\Documents\\\\GitHub\\\\speedy\\\\my-app\\\\functions\\\\node_modules\\\\firebase-admin\\\\lib\\\\index.js\"}"}}
[debug] [2025-02-26T20:46:19.477Z] [runtime-status] [7848] Resolved module firebase-functions {"declared":true,"installed":true,"version":"6.3.2","resolution":"C:\\Users\\night\\Documents\\GitHub\\speedy\\my-app\\functions\\node_modules\\firebase-functions\\lib\\v2\\index.js"} {"metadata":{"emulator":{"name":"functions"},"function":{"name":"us-central1-sendEmail"},"extension":{},"message":"[runtime-status] [7848] Resolved module firebase-functions {\"declared\":true,\"installed\":true,\"version\":\"6.3.2\",\"resolution\":\"C:\\\\Users\\\\night\\\\Documents\\\\GitHub\\\\speedy\\\\my-app\\\\functions\\\\node_modules\\\\firebase-functions\\\\lib\\\\v2\\\\index.js\"}"}}
[debug] [2025-02-26T20:46:19.477Z] [runtime-status] [7848] firebase-admin has been stubbed. {"adminResolution":{"declared":true,"installed":true,"version":"12.7.0","resolution":"C:\\Users\\night\\Documents\\GitHub\\speedy\\my-app\\functions\\node_modules\\firebase-admin\\lib\\index.js"}} {"metadata":{"emulator":{"name":"functions"},"function":{"name":"us-central1-sendEmail"},"extension":{},"message":"[runtime-status] [7848] firebase-admin has been stubbed. {\"adminResolution\":{\"declared\":true,\"installed\":true,\"version\":\"12.7.0\",\"resolution\":\"C:\\\\Users\\\\night\\\\Documents\\\\GitHub\\\\speedy\\\\my-app\\\\functions\\\\node_modules\\\\firebase-admin\\\\lib\\\\index.js\"}}"}}
[debug] [2025-02-26T20:46:19.531Z] [runtime-status] [7848] Functions runtime initialized. {"cwd":"C:\\Users\\night\\Documents\\GitHub\\speedy\\my-app\\functions","node_version":"20.8.0"} {"metadata":{"emulator":{"name":"functions"},"function":{"name":"us-central1-sendEmail"},"extension":{},"message":"[runtime-status] [7848] Functions runtime initialized. {\"cwd\":\"C:\\\\Users\\\\night\\\\Documents\\\\GitHub\\\\speedy\\\\my-app\\\\functions\",\"node_version\":\"20.8.0\"}"}}
[debug] [2025-02-26T20:46:19.531Z] [runtime-status] [7848] Listening to port: \\?\pipe\fire_emu_82010c846b0def0e {"metadata":{"emulator":{"name":"functions"},"function":{"name":"us-central1-sendEmail"},"extension":{},"message":"[runtime-status] [7848] Listening to port: \\\\?\\pipe\\fire_emu_82010c846b0def0e"}}
[debug] [2025-02-26T20:46:19.641Z] [worker-us-central1-sendEmail-25d69d02-bc74-46d4-9efb-e80e6860f1c1]: IDLE {"metadata":{"emulator":{"name":"functions"},"function":{"name":"us-central1-sendEmail"},"extension":{},"message":"[worker-us-central1-sendEmail-25d69d02-bc74-46d4-9efb-e80e6860f1c1]: IDLE"}}
[debug] [2025-02-26T20:46:19.642Z] [worker-pool] submitRequest(triggerId=us-central1-sendEmail) {"metadata":{"emulator":{"name":"functions"},"message":"[worker-pool] submitRequest(triggerId=us-central1-sendEmail)"}}
[info] i  functions: Beginning execution of "us-central1-sendEmail" {"metadata":{"emulator":{"name":"functions"},"function":{"name":"us-central1-sendEmail"},"extension":{},"message":"Beginning execution of \"us-central1-sendEmail\""}}
[debug] [2025-02-26T20:46:19.642Z] [worker-us-central1-sendEmail-25d69d02-bc74-46d4-9efb-e80e6860f1c1]: BUSY {"metadata":{"emulator":{"name":"functions"},"function":{"name":"us-central1-sendEmail"},"extension":{},"message":"[worker-us-central1-sendEmail-25d69d02-bc74-46d4-9efb-e80e6860f1c1]: BUSY"}}
[debug] [2025-02-26T20:46:19.645Z] [runtime-status] [7848] RunCloudEvent {"specversion":"1.0","type":"google.cloud.firestore.document.v1.created","source":"//firestore.googleapis.com/projects/projects/speedy-c4155/databases/(default)","id":"b194fdca-9733-4324-ba71-5c4dcc8c3fc4","subject":"documents/Appointments/9EmCvYACmDvjdwaD040h","time":"2025-02-26T20:46:18Z","datacontenttype":"application/protobuf","dataschema":"https://github.com/googleapis/google-cloudevents/blob/main/proto/google/events/cloud/firestore/v1/data.proto","location":"us-central1","project":"speedy-c4155","database":"(default)","namespace":"(default)","document":"Appointments/9EmCvYACmDvjdwaD040h","data":{"type":"Buffer","data":[10,224,2,10,85,112,114,111,106,101,99,116,115,47,115,112,101,101,100,121,45,99,52,49,53,53,47,100,97,116,97,98,97,115,101,115,47,40,100,101,102,97,117,108,116,41,47,100,111,99,117,109,101,110,116,115,47,65,112,112,111,105,110,116,109,101,110,116,115,47,57,69,109,67,118,89,65,67,109,68,118,106,100,119,97,68,48,52,48,104,18,234,1,10,8,111,114,105,103,105,110,97,108,18,221,1,50,218,1,10,23,10,9,102,105,114,115,116,78,97,109,101,18,10,138,1,7,82,65,78,74,73,78,73,10,21,10,8,108,97,115,116,78,97,109,101,18,9,138,1,6,70,82,65,78,67,89,10,41,10,5,101,109,97,105,108,18,32,138,1,29,115,104,97,114,106,97,110,97,110,115,116,97,110,105,99,117,108,97,115,64,103,109,97,105,108,46,99,111,109,10,23,10,5,112,104,111,110,101,18,14,138,1,11,49,53,49,52,57,50,52,57,49,53,52,10,20,10,13,115,101,114,118,105,99,101,78,101,101,100,101,100,18,3,138,1,0,10,14,10,7,99,97,114,84,121,112,101,18,3,138,1,0,10,14,10,7,99,97,114,89,101,97,114,18,3,138,1,0,10,20,10,4,99,105,116,121,18,12,138,1,9,77,111,110,116,114,195,169,97,108,10,24,10,10,112,111,115,116,97,108,67,111,100,101,18,10,138,1,7,72,49,90,32,52,67,54,26,12,8,154,251,253,189,6,16,128,203,128,200,1,34,12,8,154,251,253,189,6,16,128,203,128,200,1,26,0]}} {"metadata":{"emulator":{"name":"functions"},"function":{"name":"us-central1-sendEmail"},"extension":{},"message":"[runtime-status] [7848] RunCloudEvent {\"specversion\":\"1.0\",\"type\":\"google.cloud.firestore.document.v1.created\",\"source\":\"//firestore.googleapis.com/projects/projects/speedy-c4155/databases/(default)\",\"id\":\"b194fdca-9733-4324-ba71-5c4dcc8c3fc4\",\"subject\":\"documents/Appointments/9EmCvYACmDvjdwaD040h\",\"time\":\"2025-02-26T20:46:18Z\",\"datacontenttype\":\"application/protobuf\",\"dataschema\":\"https://github.com/googleapis/google-cloudevents/blob/main/proto/google/events/cloud/firestore/v1/data.proto\",\"location\":\"us-central1\",\"project\":\"speedy-c4155\",\"database\":\"(default)\",\"namespace\":\"(default)\",\"document\":\"Appointments/9EmCvYACmDvjdwaD040h\",\"data\":{\"type\":\"Buffer\",\"data\":[10,224,2,10,85,112,114,111,106,101,99,116,115,47,115,112,101,101,100,121,45,99,52,49,53,53,47,100,97,116,97,98,97,115,101,115,47,40,100,101,102,97,117,108,116,41,47,100,111,99,117,109,101,110,116,115,47,65,112,112,111,105,110,116,109,101,110,116,115,47,57,69,109,67,118,89,65,67,109,68,118,106,100,119,97,68,48,52,48,104,18,234,1,10,8,111,114,105,103,105,110,97,108,18,221,1,50,218,1,10,23,10,9,102,105,114,115,116,78,97,109,101,18,10,138,1,7,82,65,78,74,73,78,73,10,21,10,8,108,97,115,116,78,97,109,101,18,9,138,1,6,70,82,65,78,67,89,10,41,10,5,101,109,97,105,108,18,32,138,1,29,115,104,97,114,106,97,110,97,110,115,116,97,110,105,99,117,108,97,115,64,103,109,97,105,108,46,99,111,109,10,23,10,5,112,104,111,110,101,18,14,138,1,11,49,53,49,52,57,50,52,57,49,53,52,10,20,10,13,115,101,114,118,105,99,101,78,101,101,100,101,100,18,3,138,1,0,10,14,10,7,99,97,114,84,121,112,101,18,3,138,1,0,10,14,10,7,99,97,114,89,101,97,114,18,3,138,1,0,10,20,10,4,99,105,116,121,18,12,138,1,9,77,111,110,116,114,195,169,97,108,10,24,10,10,112,111,115,116,97,108,67,111,100,101,18,10,138,1,7,72,49,90,32,52,67,54,26,12,8,154,251,253,189,6,16,128,203,128,200,1,34,12,8,154,251,253,189,6,16,128,203,128,200,1,26,0]}}"}}
[info] >  📩 Firestore Trigger Activated! {"user":"📩 Firestore Trigger Activated!","metadata":{"emulator":{"name":"functions"},"function":{"name":"us-central1-sendEmail"},"extension":{},"message":"\u001b[90m> \u001b[39m 📩 Firestore Trigger Activated!"}}
[info] >  🔥 Raw Appointment Data from Firestore: { {"user":"🔥 Raw Appointment Data from Firestore: {","metadata":{"emulator":{"name":"functions"},"function":{"name":"us-central1-sendEmail"},"extension":{},"message":"\u001b[90m> \u001b[39m 🔥 Raw Appointment Data from Firestore: {"}}
[info] >    original: { {"user":"  original: {","metadata":{"emulator":{"name":"functions"},"function":{"name":"us-central1-sendEmail"},"extension":{},"message":"\u001b[90m> \u001b[39m   original: {"}}
[info] >      firstName: 'RANJINI', {"user":"    firstName: 'RANJINI',","metadata":{"emulator":{"name":"functions"},"function":{"name":"us-central1-sendEmail"},"extension":{},"message":"\u001b[90m> \u001b[39m     firstName: 'RANJINI',"}}
[info] >      lastName: 'FRANCY', {"user":"    lastName: 'FRANCY',","metadata":{"emulator":{"name":"functions"},"function":{"name":"us-central1-sendEmail"},"extension":{},"message":"\u001b[90m> \u001b[39m     lastName: 'FRANCY',"}}
[info] >      email: 'sharjananstaniculas@gmail.com', {"user":"    email: 'sharjananstaniculas@gmail.com',","metadata":{"emulator":{"name":"functions"},"function":{"name":"us-central1-sendEmail"},"extension":{},"message":"\u001b[90m> \u001b[39m     email: 'sharjananstaniculas@gmail.com',"}}
[info] >      phone: '15149249154', {"user":"    phone: '15149249154',","metadata":{"emulator":{"name":"functions"},"function":{"name":"us-central1-sendEmail"},"extension":{},"message":"\u001b[90m> \u001b[39m     phone: '15149249154',"}}
[info] >      serviceNeeded: '', {"user":"    serviceNeeded: '',","metadata":{"emulator":{"name":"functions"},"function":{"name":"us-central1-sendEmail"},"extension":{},"message":"\u001b[90m> \u001b[39m     serviceNeeded: '',"}}
[info] >      carType: '', {"user":"    carType: '',","metadata":{"emulator":{"name":"functions"},"function":{"name":"us-central1-sendEmail"},"extension":{},"message":"\u001b[90m> \u001b[39m     carType: '',"}}
[info] >      carYear: '', {"user":"    carYear: '',","metadata":{"emulator":{"name":"functions"},"function":{"name":"us-central1-sendEmail"},"extension":{},"message":"\u001b[90m> \u001b[39m     carYear: '',"}}
[info] >      city: 'Montréal', {"user":"    city: 'Montréal',","metadata":{"emulator":{"name":"functions"},"function":{"name":"us-central1-sendEmail"},"extension":{},"message":"\u001b[90m> \u001b[39m     city: 'Montréal',"}}
[info] >      postalCode: 'H1Z 4C6' {"user":"    postalCode: 'H1Z 4C6'","metadata":{"emulator":{"name":"functions"},"function":{"name":"us-central1-sendEmail"},"extension":{},"message":"\u001b[90m> \u001b[39m     postalCode: 'H1Z 4C6'"}}
[info] >    } {"user":"  }","metadata":{"emulator":{"name":"functions"},"function":{"name":"us-central1-sendEmail"},"extension":{},"message":"\u001b[90m> \u001b[39m   }"}}
[info] >  } {"user":"}","metadata":{"emulator":{"name":"functions"},"function":{"name":"us-central1-sendEmail"},"extension":{},"message":"\u001b[90m> \u001b[39m }"}}
[info] >  ✅ Appointment Details: {"user":"✅ Appointment Details:","metadata":{"emulator":{"name":"functions"},"function":{"name":"us-central1-sendEmail"},"extension":{},"message":"\u001b[90m> \u001b[39m ✅ Appointment Details:"}}
[info] >        Name: Unknown Unknown {"user":"      Name: Unknown Unknown","metadata":{"emulator":{"name":"functions"},"function":{"name":"us-central1-sendEmail"},"extension":{},"message":"\u001b[90m> \u001b[39m       Name: Unknown Unknown"}}
[info] >        Phone: Unknown {"user":"      Phone: Unknown","metadata":{"emulator":{"name":"functions"},"function":{"name":"us-central1-sendEmail"},"extension":{},"message":"\u001b[90m> \u001b[39m       Phone: Unknown"}}
[info] >        Email: Unknown {"user":"      Email: Unknown","metadata":{"emulator":{"name":"functions"},"function":{"name":"us-central1-sendEmail"},"extension":{},"message":"\u001b[90m> \u001b[39m       Email: Unknown"}}
[info] >        Service: Unknown Service {"user":"      Service: Unknown Service","metadata":{"emulator":{"name":"functions"},"function":{"name":"us-central1-sendEmail"},"extension":{},"message":"\u001b[90m> \u001b[39m       Service: Unknown Service"}}
[info] >        Car: N/A Unknown {"user":"      Car: N/A Unknown","metadata":{"emulator":{"name":"functions"},"function":{"name":"us-central1-sendEmail"},"extension":{},"message":"\u001b[90m> \u001b[39m       Car: N/A Unknown"}}
[info] >        Location: Unknown, N/A {"user":"      Location: Unknown, N/A","metadata":{"emulator":{"name":"functions"},"function":{"name":"us-central1-sendEmail"},"extension":{},"message":"\u001b[90m> \u001b[39m       Location: Unknown, N/A"}}
[info] >       {"user":"    ","metadata":{"emulator":{"name":"functions"},"function":{"name":"us-central1-sendEmail"},"extension":{},"message":"\u001b[90m> \u001b[39m     "}}
[info] >  📩 Email sent successfully to mechanic! {"user":"📩 Email sent successfully to mechanic!","metadata":{"emulator":{"name":"functions"},"function":{"name":"us-central1-sendEmail"},"extension":{},"message":"\u001b[90m> \u001b[39m 📩 Email sent successfully to mechanic!"}}
[debug] [2025-02-26T20:46:19.979Z] Finishing up request with event=pause {"metadata":{"emulator":{"name":"functions"},"function":{"name":"us-central1-sendEmail"},"extension":{},"message":"Finishing up request with event=pause"}}
[info] i  functions: Finished "us-central1-sendEmail" in 337.1019ms {"metadata":{"emulator":{"name":"functions"},"function":{"name":"us-central1-sendEmail"},"extension":{},"message":"Finished \"us-central1-sendEmail\" in 337.1019ms"}}
[debug] [2025-02-26T20:46:19.980Z] [worker-us-central1-sendEmail-25d69d02-bc74-46d4-9efb-e80e6860f1c1]: IDLE {"metadata":{"emulator":{"name":"functions"},"function":{"name":"us-central1-sendEmail"},"extension":{},"message":"[worker-us-central1-sendEmail-25d69d02-bc74-46d4-9efb-e80e6860f1c1]: IDLE"}}
[debug] [2025-02-26T20:46:19.980Z] Finishing up request with event=finish {"metadata":{"emulator":{"name":"functions"},"function":{"name":"us-central1-sendEmail"},"extension":{},"message":"Finishing up request with event=finish"}}
[debug] [2025-02-26T20:46:19.980Z] Finishing up request with event=close {"metadata":{"emulator":{"name":"functions"},"function":{"name":"us-central1-sendEmail"},"extension":{},"message":"Finishing up request with event=close"}}
[debug] [2025-02-26T20:46:19.980Z] [work-queue] {"queuedWork":[],"queueLength":0,"runningWork":[],"workRunningCount":0}
[debug] [2025-02-26T20:46:48.419Z] Feb. 26, 2025 3:46:48 P.M. io.gapi.emulators.netty.HttpVersionRoutingHandler channelRead
INFO: Detected non-HTTP/2 connection.
 {"metadata":{"emulator":{"name":"firestore"},"message":"Feb. 26, 2025 3:46:48 P.M. io.gapi.emulators.netty.HttpVersionRoutingHandler channelRead\r\nINFO: Detected non-HTTP/2 connection.\r\n"}}
[debug] [2025-02-26T20:47:14.045Z] Feb. 26, 2025 3:47:14 P.M. com.google.cloud.datastore.emulator.firestore.websocket.WebSocketChannelHandler channelClosed
INFO: Websocket client disconnected
 {"metadata":{"emulator":{"name":"firestore"},"message":"Feb. 26, 2025 3:47:14 P.M. com.google.cloud.datastore.emulator.firestore.websocket.WebSocketChannelHandler channelClosed\r\nINFO: Websocket client disconnected\r\n"}}
[debug] [2025-02-26T20:47:14.050Z] Feb. 26, 2025 3:47:14 P.M. com.google.cloud.datastore.emulator.firestore.websocket.WebSocketChannelHandler initChannel
INFO: Connected to new websocket client
 {"metadata":{"emulator":{"name":"firestore"},"message":"Feb. 26, 2025 3:47:14 P.M. com.google.cloud.datastore.emulator.firestore.websocket.WebSocketChannelHandler initChannel\r\nINFO: Connected to new websocket client\r\n"}}
[debug] [2025-02-26T20:47:34.588Z] Feb. 26, 2025 3:47:34 P.M. io.gapi.emulators.netty.HttpVersionRoutingHandler channelRead
INFO: Detected non-HTTP/2 connection.
 {"metadata":{"emulator":{"name":"firestore"},"message":"Feb. 26, 2025 3:47:34 P.M. io.gapi.emulators.netty.HttpVersionRoutingHandler channelRead\r\nINFO: Detected non-HTTP/2 connection.\r\n"}}
[debug] [2025-02-26T20:47:34.592Z] Feb. 26, 2025 3:47:34 P.M. io.gapi.emulators.netty.HttpVersionRoutingHandler channelRead
INFO: Detected non-HTTP/2 connection.
 {"metadata":{"emulator":{"name":"firestore"},"message":"Feb. 26, 2025 3:47:34 P.M. io.gapi.emulators.netty.HttpVersionRoutingHandler channelRead\r\nINFO: Detected non-HTTP/2 connection.\r\n"}}
[debug] [2025-02-26T20:47:34.597Z] Feb. 26, 2025 3:47:34 P.M. io.gapi.emulators.netty.HttpVersionRoutingHandler channelRead
INFO: Detected non-HTTP/2 connection.
 {"metadata":{"emulator":{"name":"firestore"},"message":"Feb. 26, 2025 3:47:34 P.M. io.gapi.emulators.netty.HttpVersionRoutingHandler channelRead\r\nINFO: Detected non-HTTP/2 connection.\r\n"}}
[debug] [2025-02-26T20:47:34.611Z] Feb. 26, 2025 3:47:34 P.M. com.google.cloud.datastore.emulator.firestore.websocket.WebSocketChannelHandler channelClosed
INFO: Websocket client disconnected
 {"metadata":{"emulator":{"name":"firestore"},"message":"Feb. 26, 2025 3:47:34 P.M. com.google.cloud.datastore.emulator.firestore.websocket.WebSocketChannelHandler channelClosed\r\nINFO: Websocket client disconnected\r\n"}}
[debug] [2025-02-26T20:47:34.613Z] Feb. 26, 2025 3:47:34 P.M. com.google.cloud.datastore.emulator.firestore.websocket.WebSocketChannelHandler initChannel
INFO: Connected to new websocket client
 {"metadata":{"emulator":{"name":"firestore"},"message":"Feb. 26, 2025 3:47:34 P.M. com.google.cloud.datastore.emulator.firestore.websocket.WebSocketChannelHandler initChannel\r\nINFO: Connected to new websocket client\r\n"}}
[debug] [2025-02-26T20:47:34.635Z] Feb. 26, 2025 3:47:34 P.M. io.gapi.emulators.netty.HttpVersionRoutingHandler channelRead
INFO: Detected non-HTTP/2 connection.
 {"metadata":{"emulator":{"name":"firestore"},"message":"Feb. 26, 2025 3:47:34 P.M. io.gapi.emulators.netty.HttpVersionRoutingHandler channelRead\r\nINFO: Detected non-HTTP/2 connection.\r\n"}}
[debug] [2025-02-26T20:47:34.646Z] Feb. 26, 2025 3:47:34 P.M. com.google.cloud.datastore.emulator.firestore.webchannel.FirestoreV1WebChannelAdapter$FirestoreListenHandler onClose
INFO: channel closed
 {"metadata":{"emulator":{"name":"firestore"},"message":"Feb. 26, 2025 3:47:34 P.M. com.google.cloud.datastore.emulator.firestore.webchannel.FirestoreV1WebChannelAdapter$FirestoreListenHandler onClose\r\nINFO: channel closed\r\n"}}
[debug] [2025-02-26T20:47:34.664Z] Feb. 26, 2025 3:47:34 P.M. io.gapi.emulators.netty.HttpVersionRoutingHandler channelRead
INFO: Detected non-HTTP/2 connection.
 {"metadata":{"emulator":{"name":"firestore"},"message":"Feb. 26, 2025 3:47:34 P.M. io.gapi.emulators.netty.HttpVersionRoutingHandler channelRead\r\nINFO: Detected non-HTTP/2 connection.\r\n"}}
[debug] [2025-02-26T20:47:34.674Z] Feb. 26, 2025 3:47:34 P.M. io.gapi.emulators.netty.HttpVersionRoutingHandler channelRead
INFO: Detected non-HTTP/2 connection.
 {"metadata":{"emulator":{"name":"firestore"},"message":"Feb. 26, 2025 3:47:34 P.M. io.gapi.emulators.netty.HttpVersionRoutingHandler channelRead\r\nINFO: Detected non-HTTP/2 connection.\r\n"}}
[debug] [2025-02-26T20:47:34.685Z] Feb. 26, 2025 3:47:34 P.M. io.gapi.emulators.netty.HttpVersionRoutingHandler channelRead
INFO: Detected non-HTTP/2 connection.
 {"metadata":{"emulator":{"name":"firestore"},"message":"Feb. 26, 2025 3:47:34 P.M. io.gapi.emulators.netty.HttpVersionRoutingHandler channelRead\r\nINFO: Detected non-HTTP/2 connection.\r\n"}}
[debug] [2025-02-26T20:47:39.288Z] Feb. 26, 2025 3:47:39 P.M. io.gapi.emulators.netty.HttpVersionRoutingHandler channelRead
INFO: Detected non-HTTP/2 connection.
 {"metadata":{"emulator":{"name":"firestore"},"message":"Feb. 26, 2025 3:47:39 P.M. io.gapi.emulators.netty.HttpVersionRoutingHandler channelRead\r\nINFO: Detected non-HTTP/2 connection.\r\n"}}
[debug] [2025-02-26T20:48:39.314Z] Feb. 26, 2025 3:48:39 P.M. io.gapi.emulators.netty.HttpVersionRoutingHandler channelRead
INFO: Detected non-HTTP/2 connection.
 {"metadata":{"emulator":{"name":"firestore"},"message":"Feb. 26, 2025 3:48:39 P.M. io.gapi.emulators.netty.HttpVersionRoutingHandler channelRead\r\nINFO: Detected non-HTTP/2 connection.\r\n"}}
[debug] [2025-02-26T20:49:21.076Z] File C:\Users\night\Documents\GitHub\speedy\my-app\functions\index.js changed, reloading triggers {"metadata":{"emulator":{"name":"functions"},"message":"File C:\\Users\\night\\Documents\\GitHub\\speedy\\my-app\\functions\\index.js changed, reloading triggers"}}
[debug] [2025-02-26T20:49:22.088Z] Validating nodejs source
[debug] [2025-02-26T20:49:23.051Z] > [functions] package.json contents: {
  "name": "functions",
  "description": "Cloud Functions for Firebase",
  "scripts": {
    "serve": "firebase emulators:start --only functions",
    "shell": "firebase functions:shell",
    "start": "npm run shell",
    "deploy": "firebase deploy --only functions",
    "logs": "firebase functions:log"
  },
  "engines": {
    "node": "22"
  },
  "main": "index.js",
  "dependencies": {
    "firebase-admin": "^12.6.0",
    "firebase-functions": "^6.0.1"
  },
  "devDependencies": {
    "firebase-functions-test": "^3.1.0"
  },
  "private": true
}
[debug] [2025-02-26T20:49:23.051Z] Building nodejs source
[debug] [2025-02-26T20:49:23.051Z] Failed to find version of module node: reached end of search path C:\Users\night\Documents\GitHub\speedy\my-app\functions\node_modules
[warn] !  functions: Your requested "node" version "22" doesn't match your global version "20". Using node@20 from host. 
[info] i  functions: Loaded environment variables from .env. 
[debug] [2025-02-26T20:49:23.052Z] Could not find functions.yaml. Must use http discovery
[debug] [2025-02-26T20:49:23.056Z] Found firebase-functions binary at 'C:\Users\night\Documents\GitHub\speedy\my-app\functions\node_modules\.bin\firebase-functions'
[info] Serving at port 8180

[debug] [2025-02-26T20:49:23.466Z] Got response from /__/functions.yaml {"endpoints":{"submit":{"availableMemoryMb":null,"timeoutSeconds":null,"minInstances":null,"maxInstances":null,"ingressSettings":null,"concurrency":null,"serviceAccountEmail":null,"vpc":null,"platform":"gcfv2","labels":{},"httpsTrigger":{},"entryPoint":"submit"},"sendEmail":{"availableMemoryMb":null,"timeoutSeconds":null,"minInstances":null,"maxInstances":null,"ingressSettings":null,"concurrency":null,"serviceAccountEmail":null,"vpc":null,"platform":"gcfv2","labels":{},"eventTrigger":{"eventType":"google.cloud.firestore.document.v1.created","eventFilters":{"database":"(default)","namespace":"(default)"},"eventFilterPathPatterns":{"document":"Appointments/{documentId}"},"retry":false},"entryPoint":"sendEmail"}},"specVersion":"v1alpha1","requiredAPIs":[],"extensions":{}}
[debug] [2025-02-26T20:49:28.482Z] defaultcredentials: writing to file C:\Users\night\AppData\Roaming\firebase\sharjananstaniculas_gmail_com_application_default_credentials.json
[debug] [2025-02-26T20:49:28.483Z] Setting GAC to C:\Users\night\AppData\Roaming\firebase\sharjananstaniculas_gmail_com_application_default_credentials.json {"metadata":{"emulator":{"name":"functions"},"message":"Setting GAC to C:\\Users\\night\\AppData\\Roaming\\firebase\\sharjananstaniculas_gmail_com_application_default_credentials.json"}}
[info] +  functions: Loaded functions definitions from source: submit, sendEmail. {"metadata":{"emulator":{"name":"functions"},"message":"Loaded functions definitions from source: submit, sendEmail."}}
[debug] [2025-02-26T20:49:28.484Z] [worker-pool] Shutting down IDLE worker (us-central1-submit) {"metadata":{"emulator":{"name":"functions"},"message":"[worker-pool] Shutting down IDLE worker (us-central1-submit)"}}
[debug] [2025-02-26T20:49:28.484Z] [worker-us-central1-submit-236f99df-5182-4231-aa72-ca21134a5fe1]: FINISHING {"metadata":{"emulator":{"name":"functions"},"function":{"name":"us-central1-submit"},"extension":{},"message":"[worker-us-central1-submit-236f99df-5182-4231-aa72-ca21134a5fe1]: FINISHING"}}
[debug] [2025-02-26T20:49:28.484Z] [worker-pool] Shutting down IDLE worker (us-central1-sendEmail) {"metadata":{"emulator":{"name":"functions"},"message":"[worker-pool] Shutting down IDLE worker (us-central1-sendEmail)"}}
[debug] [2025-02-26T20:49:28.484Z] [worker-us-central1-sendEmail-25d69d02-bc74-46d4-9efb-e80e6860f1c1]: FINISHING {"metadata":{"emulator":{"name":"functions"},"function":{"name":"us-central1-sendEmail"},"extension":{},"message":"[worker-us-central1-sendEmail-25d69d02-bc74-46d4-9efb-e80e6860f1c1]: FINISHING"}}
[debug] [2025-02-26T20:49:28.488Z] Feb. 26, 2025 3:49:28 P.M. io.netty.channel.DefaultChannelPipeline onUnhandledInboundException
WARNING: An exceptionCaught() event was fired, and it reached at the tail of the pipeline. It usually means the last handler in the pipeline did not handle the exception.
java.net.SocketException: Connection reset
	at java.base/sun.nio.ch.SocketChannelImpl.throwConnectionReset(SocketChannelImpl.java:394)
	at java.base/sun.nio.ch.SocketChannelImpl.read(SocketChannelImpl.java:426)
	at io.netty.buffer.PooledByteBuf.setBytes(PooledByteBuf.java:255)
	at io.netty.buffer.AbstractByteBuf.writeBytes(AbstractByteBuf.java:1132)
	at io.netty.channel.socket.nio.NioSocketChannel.doReadBytes(NioSocketChannel.java:356)
	at io.netty.channel.nio.AbstractNioByteChannel$NioByteUnsafe.read(AbstractNioByteChannel.java:151)
	at io.netty.channel.nio.NioEventLoop.processSelectedKey(NioEventLoop.java:788)
	at io.netty.channel.nio.NioEventLoop.processSelectedKeysOptimized(NioEventLoop.java:724)
	at io.netty.channel.nio.NioEventLoop.processSelectedKeys(NioEventLoop.java:650)
	at io.netty.channel.nio.NioEventLoop.run(NioEventLoop.java:562)
	at io.netty.util.concurrent.SingleThreadEventExecutor$4.run(SingleThreadEventExecutor.java:994)
	at io.netty.util.internal.ThreadExecutorMap$2.run(ThreadExecutorMap.java:74)
	at io.netty.util.concurrent.FastThreadLocalRunnable.run(FastThreadLocalRunnable.java:30)
	at java.base/java.lang.Thread.run(Thread.java:842)

 {"metadata":{"emulator":{"name":"firestore"},"message":"Feb. 26, 2025 3:49:28 P.M. io.netty.channel.DefaultChannelPipeline onUnhandledInboundException\r\nWARNING: An exceptionCaught() event was fired, and it reached at the tail of the pipeline. It usually means the last handler in the pipeline did not handle the exception.\r\njava.net.SocketException: Connection reset\r\n\tat java.base/sun.nio.ch.SocketChannelImpl.throwConnectionReset(SocketChannelImpl.java:394)\r\n\tat java.base/sun.nio.ch.SocketChannelImpl.read(SocketChannelImpl.java:426)\r\n\tat io.netty.buffer.PooledByteBuf.setBytes(PooledByteBuf.java:255)\r\n\tat io.netty.buffer.AbstractByteBuf.writeBytes(AbstractByteBuf.java:1132)\r\n\tat io.netty.channel.socket.nio.NioSocketChannel.doReadBytes(NioSocketChannel.java:356)\r\n\tat io.netty.channel.nio.AbstractNioByteChannel$NioByteUnsafe.read(AbstractNioByteChannel.java:151)\r\n\tat io.netty.channel.nio.NioEventLoop.processSelectedKey(NioEventLoop.java:788)\r\n\tat io.netty.channel.nio.NioEventLoop.processSelectedKeysOptimized(NioEventLoop.java:724)\r\n\tat io.netty.channel.nio.NioEventLoop.processSelectedKeys(NioEventLoop.java:650)\r\n\tat io.netty.channel.nio.NioEventLoop.run(NioEventLoop.java:562)\r\n\tat io.netty.util.concurrent.SingleThreadEventExecutor$4.run(SingleThreadEventExecutor.java:994)\r\n\tat io.netty.util.internal.ThreadExecutorMap$2.run(ThreadExecutorMap.java:74)\r\n\tat io.netty.util.concurrent.FastThreadLocalRunnable.run(FastThreadLocalRunnable.java:30)\r\n\tat java.base/java.lang.Thread.run(Thread.java:842)\r\n\r\n"}}
[debug] [2025-02-26T20:49:28.496Z] [worker-us-central1-sendEmail-25d69d02-bc74-46d4-9efb-e80e6860f1c1]: exited {"metadata":{"emulator":{"name":"functions"},"function":{"name":"us-central1-sendEmail"},"extension":{},"message":"[worker-us-central1-sendEmail-25d69d02-bc74-46d4-9efb-e80e6860f1c1]: exited"}}
[debug] [2025-02-26T20:49:28.496Z] [worker-us-central1-sendEmail-25d69d02-bc74-46d4-9efb-e80e6860f1c1]: FINISHED {"metadata":{"emulator":{"name":"functions"},"function":{"name":"us-central1-sendEmail"},"extension":{},"message":"[worker-us-central1-sendEmail-25d69d02-bc74-46d4-9efb-e80e6860f1c1]: FINISHED"}}
[debug] [2025-02-26T20:49:28.496Z] [worker-us-central1-submit-236f99df-5182-4231-aa72-ca21134a5fe1]: exited {"metadata":{"emulator":{"name":"functions"},"function":{"name":"us-central1-submit"},"extension":{},"message":"[worker-us-central1-submit-236f99df-5182-4231-aa72-ca21134a5fe1]: exited"}}
[debug] [2025-02-26T20:49:28.496Z] [worker-us-central1-submit-236f99df-5182-4231-aa72-ca21134a5fe1]: FINISHED {"metadata":{"emulator":{"name":"functions"},"function":{"name":"us-central1-submit"},"extension":{},"message":"[worker-us-central1-submit-236f99df-5182-4231-aa72-ca21134a5fe1]: FINISHED"}}
[debug] [2025-02-26T20:49:38.383Z] [work-queue] {"queuedWork":["/speedy-c4155/us-central1/submit-2025-02-26T20:49:38.383Z"],"queueLength":1,"runningWork":[],"workRunningCount":0}
[debug] [2025-02-26T20:49:38.384Z] [work-queue] {"queuedWork":[],"queueLength":0,"runningWork":["/speedy-c4155/us-central1/submit-2025-02-26T20:49:38.383Z"],"workRunningCount":1}
[debug] [2025-02-26T20:49:38.384Z] Accepted request OPTIONS /speedy-c4155/us-central1/submit --> us-central1-submit
[debug] [2025-02-26T20:49:38.388Z] [functions] Runtime ready! Sending request! {"metadata":{"emulator":{"name":"functions"},"message":"[functions] Runtime ready! Sending request!"}}
[debug] [2025-02-26T20:49:38.388Z] [functions] Got req.url=/speedy-c4155/us-central1/submit, mapping to path=/ {"metadata":{"emulator":{"name":"functions"},"message":"[functions] Got req.url=/speedy-c4155/us-central1/submit, mapping to path=/"}}
[debug] [2025-02-26T20:49:38.388Z] [worker-pool] Cleaned up workers for us-central1-submit: 1 --> 0 {"metadata":{"emulator":{"name":"functions"},"message":"[worker-pool] Cleaned up workers for us-central1-submit: 1 --> 0"}}
[debug] [2025-02-26T20:49:38.388Z] [worker-pool] Cleaned up workers for us-central1-sendEmail: 1 --> 0 {"metadata":{"emulator":{"name":"functions"},"message":"[worker-pool] Cleaned up workers for us-central1-sendEmail: 1 --> 0"}}
[info] i  functions: Loaded environment variables from .env. 
[debug] [2025-02-26T20:49:38.395Z] [worker-pool] addWorker(us-central1-submit) {"metadata":{"emulator":{"name":"functions"},"message":"[worker-pool] addWorker(us-central1-submit)"}}
[debug] [2025-02-26T20:49:38.395Z] [worker-pool] Adding worker with key us-central1-submit, total=1 {"metadata":{"emulator":{"name":"functions"},"message":"[worker-pool] Adding worker with key us-central1-submit, total=1"}}
[debug] [2025-02-26T20:49:39.276Z] [runtime-status] [6288] Resolved module firebase-admin {"declared":true,"installed":true,"version":"12.7.0","resolution":"C:\\Users\\night\\Documents\\GitHub\\speedy\\my-app\\functions\\node_modules\\firebase-admin\\lib\\index.js"} {"metadata":{"emulator":{"name":"functions"},"function":{"name":"us-central1-submit"},"extension":{},"message":"[runtime-status] [6288] Resolved module firebase-admin {\"declared\":true,\"installed\":true,\"version\":\"12.7.0\",\"resolution\":\"C:\\\\Users\\\\night\\\\Documents\\\\GitHub\\\\speedy\\\\my-app\\\\functions\\\\node_modules\\\\firebase-admin\\\\lib\\\\index.js\"}"}}
[debug] [2025-02-26T20:49:39.277Z] [runtime-status] [6288] Resolved module firebase-functions {"declared":true,"installed":true,"version":"6.3.2","resolution":"C:\\Users\\night\\Documents\\GitHub\\speedy\\my-app\\functions\\node_modules\\firebase-functions\\lib\\v2\\index.js"} {"metadata":{"emulator":{"name":"functions"},"function":{"name":"us-central1-submit"},"extension":{},"message":"[runtime-status] [6288] Resolved module firebase-functions {\"declared\":true,\"installed\":true,\"version\":\"6.3.2\",\"resolution\":\"C:\\\\Users\\\\night\\\\Documents\\\\GitHub\\\\speedy\\\\my-app\\\\functions\\\\node_modules\\\\firebase-functions\\\\lib\\\\v2\\\\index.js\"}"}}
[debug] [2025-02-26T20:49:39.277Z] [runtime-status] [6288] Outgoing network have been stubbed. [{"name":"http","status":"mocked"},{"name":"http","status":"mocked"},{"name":"https","status":"mocked"},{"name":"https","status":"mocked"},{"name":"net","status":"mocked"}] {"metadata":{"emulator":{"name":"functions"},"function":{"name":"us-central1-submit"},"extension":{},"message":"[runtime-status] [6288] Outgoing network have been stubbed. [{\"name\":\"http\",\"status\":\"mocked\"},{\"name\":\"http\",\"status\":\"mocked\"},{\"name\":\"https\",\"status\":\"mocked\"},{\"name\":\"https\",\"status\":\"mocked\"},{\"name\":\"net\",\"status\":\"mocked\"}]"}}
[debug] [2025-02-26T20:49:39.278Z] [runtime-status] [6288] Resolved module firebase-functions {"declared":true,"installed":true,"version":"6.3.2","resolution":"C:\\Users\\night\\Documents\\GitHub\\speedy\\my-app\\functions\\node_modules\\firebase-functions\\lib\\v2\\index.js"} {"metadata":{"emulator":{"name":"functions"},"function":{"name":"us-central1-submit"},"extension":{},"message":"[runtime-status] [6288] Resolved module firebase-functions {\"declared\":true,\"installed\":true,\"version\":\"6.3.2\",\"resolution\":\"C:\\\\Users\\\\night\\\\Documents\\\\GitHub\\\\speedy\\\\my-app\\\\functions\\\\node_modules\\\\firebase-functions\\\\lib\\\\v2\\\\index.js\"}"}}
[debug] [2025-02-26T20:49:39.330Z] Feb. 26, 2025 3:49:39 P.M. io.gapi.emulators.netty.HttpVersionRoutingHandler channelRead
INFO: Detected non-HTTP/2 connection.
 {"metadata":{"emulator":{"name":"firestore"},"message":"Feb. 26, 2025 3:49:39 P.M. io.gapi.emulators.netty.HttpVersionRoutingHandler channelRead\r\nINFO: Detected non-HTTP/2 connection.\r\n"}}
[debug] [2025-02-26T20:49:39.456Z] [runtime-status] [6288] Checked functions.config() {"config":{}} {"metadata":{"emulator":{"name":"functions"},"function":{"name":"us-central1-submit"},"extension":{},"message":"[runtime-status] [6288] Checked functions.config() {\"config\":{}}"}}
[debug] [2025-02-26T20:49:39.456Z] [runtime-status] [6288] firebase-functions has been stubbed. {"functionsResolution":{"declared":true,"installed":true,"version":"6.3.2","resolution":"C:\\Users\\night\\Documents\\GitHub\\speedy\\my-app\\functions\\node_modules\\firebase-functions\\lib\\v2\\index.js"}} {"metadata":{"emulator":{"name":"functions"},"function":{"name":"us-central1-submit"},"extension":{},"message":"[runtime-status] [6288] firebase-functions has been stubbed. {\"functionsResolution\":{\"declared\":true,\"installed\":true,\"version\":\"6.3.2\",\"resolution\":\"C:\\\\Users\\\\night\\\\Documents\\\\GitHub\\\\speedy\\\\my-app\\\\functions\\\\node_modules\\\\firebase-functions\\\\lib\\\\v2\\\\index.js\"}}"}}
[debug] [2025-02-26T20:49:39.456Z] [runtime-status] [6288] Resolved module firebase-functions {"declared":true,"installed":true,"version":"6.3.2","resolution":"C:\\Users\\night\\Documents\\GitHub\\speedy\\my-app\\functions\\node_modules\\firebase-functions\\lib\\v2\\index.js"} {"metadata":{"emulator":{"name":"functions"},"function":{"name":"us-central1-submit"},"extension":{},"message":"[runtime-status] [6288] Resolved module firebase-functions {\"declared\":true,\"installed\":true,\"version\":\"6.3.2\",\"resolution\":\"C:\\\\Users\\\\night\\\\Documents\\\\GitHub\\\\speedy\\\\my-app\\\\functions\\\\node_modules\\\\firebase-functions\\\\lib\\\\v2\\\\index.js\"}"}}
[debug] [2025-02-26T20:49:39.459Z] [runtime-status] [6288] Resolved module firebase-admin {"declared":true,"installed":true,"version":"12.7.0","resolution":"C:\\Users\\night\\Documents\\GitHub\\speedy\\my-app\\functions\\node_modules\\firebase-admin\\lib\\index.js"} {"metadata":{"emulator":{"name":"functions"},"function":{"name":"us-central1-submit"},"extension":{},"message":"[runtime-status] [6288] Resolved module firebase-admin {\"declared\":true,\"installed\":true,\"version\":\"12.7.0\",\"resolution\":\"C:\\\\Users\\\\night\\\\Documents\\\\GitHub\\\\speedy\\\\my-app\\\\functions\\\\node_modules\\\\firebase-admin\\\\lib\\\\index.js\"}"}}
[debug] [2025-02-26T20:49:39.461Z] [runtime-status] [6288] Resolved module firebase-functions {"declared":true,"installed":true,"version":"6.3.2","resolution":"C:\\Users\\night\\Documents\\GitHub\\speedy\\my-app\\functions\\node_modules\\firebase-functions\\lib\\v2\\index.js"} {"metadata":{"emulator":{"name":"functions"},"function":{"name":"us-central1-submit"},"extension":{},"message":"[runtime-status] [6288] Resolved module firebase-functions {\"declared\":true,\"installed\":true,\"version\":\"6.3.2\",\"resolution\":\"C:\\\\Users\\\\night\\\\Documents\\\\GitHub\\\\speedy\\\\my-app\\\\functions\\\\node_modules\\\\firebase-functions\\\\lib\\\\v2\\\\index.js\"}"}}
[debug] [2025-02-26T20:49:39.461Z] [runtime-status] [6288] firebase-admin has been stubbed. {"adminResolution":{"declared":true,"installed":true,"version":"12.7.0","resolution":"C:\\Users\\night\\Documents\\GitHub\\speedy\\my-app\\functions\\node_modules\\firebase-admin\\lib\\index.js"}} {"metadata":{"emulator":{"name":"functions"},"function":{"name":"us-central1-submit"},"extension":{},"message":"[runtime-status] [6288] firebase-admin has been stubbed. {\"adminResolution\":{\"declared\":true,\"installed\":true,\"version\":\"12.7.0\",\"resolution\":\"C:\\\\Users\\\\night\\\\Documents\\\\GitHub\\\\speedy\\\\my-app\\\\functions\\\\node_modules\\\\firebase-admin\\\\lib\\\\index.js\"}}"}}
[debug] [2025-02-26T20:49:39.513Z] [runtime-status] [6288] Functions runtime initialized. {"cwd":"C:\\Users\\night\\Documents\\GitHub\\speedy\\my-app\\functions","node_version":"20.8.0"} {"metadata":{"emulator":{"name":"functions"},"function":{"name":"us-central1-submit"},"extension":{},"message":"[runtime-status] [6288] Functions runtime initialized. {\"cwd\":\"C:\\\\Users\\\\night\\\\Documents\\\\GitHub\\\\speedy\\\\my-app\\\\functions\",\"node_version\":\"20.8.0\"}"}}
[debug] [2025-02-26T20:49:39.513Z] [runtime-status] [6288] Listening to port: \\?\pipe\fire_emu_88340234e7074317 {"metadata":{"emulator":{"name":"functions"},"function":{"name":"us-central1-submit"},"extension":{},"message":"[runtime-status] [6288] Listening to port: \\\\?\\pipe\\fire_emu_88340234e7074317"}}
[debug] [2025-02-26T20:49:39.598Z] [worker-us-central1-submit-c6c5ab6d-82d9-47ed-8359-56b1dd72edd3]: IDLE {"metadata":{"emulator":{"name":"functions"},"function":{"name":"us-central1-submit"},"extension":{},"message":"[worker-us-central1-submit-c6c5ab6d-82d9-47ed-8359-56b1dd72edd3]: IDLE"}}
[debug] [2025-02-26T20:49:39.598Z] [worker-pool] submitRequest(triggerId=us-central1-submit) {"metadata":{"emulator":{"name":"functions"},"message":"[worker-pool] submitRequest(triggerId=us-central1-submit)"}}
[info] i  functions: Beginning execution of "us-central1-submit" {"metadata":{"emulator":{"name":"functions"},"function":{"name":"us-central1-submit"},"extension":{},"message":"Beginning execution of \"us-central1-submit\""}}
[debug] [2025-02-26T20:49:39.599Z] [worker-us-central1-submit-c6c5ab6d-82d9-47ed-8359-56b1dd72edd3]: BUSY {"metadata":{"emulator":{"name":"functions"},"function":{"name":"us-central1-submit"},"extension":{},"message":"[worker-us-central1-submit-c6c5ab6d-82d9-47ed-8359-56b1dd72edd3]: BUSY"}}
[debug] [2025-02-26T20:49:39.602Z] Finishing up request with event=pause {"metadata":{"emulator":{"name":"functions"},"function":{"name":"us-central1-submit"},"extension":{},"message":"Finishing up request with event=pause"}}
[info] i  functions: Finished "us-central1-submit" in 2.9047ms {"metadata":{"emulator":{"name":"functions"},"function":{"name":"us-central1-submit"},"extension":{},"message":"Finished \"us-central1-submit\" in 2.9047ms"}}
[debug] [2025-02-26T20:49:39.603Z] [worker-us-central1-submit-c6c5ab6d-82d9-47ed-8359-56b1dd72edd3]: IDLE {"metadata":{"emulator":{"name":"functions"},"function":{"name":"us-central1-submit"},"extension":{},"message":"[worker-us-central1-submit-c6c5ab6d-82d9-47ed-8359-56b1dd72edd3]: IDLE"}}
[debug] [2025-02-26T20:49:39.603Z] Finishing up request with event=finish {"metadata":{"emulator":{"name":"functions"},"function":{"name":"us-central1-submit"},"extension":{},"message":"Finishing up request with event=finish"}}
[debug] [2025-02-26T20:49:39.603Z] Finishing up request with event=close {"metadata":{"emulator":{"name":"functions"},"function":{"name":"us-central1-submit"},"extension":{},"message":"Finishing up request with event=close"}}
[debug] [2025-02-26T20:49:39.603Z] [work-queue] {"queuedWork":[],"queueLength":0,"runningWork":[],"workRunningCount":0}
[debug] [2025-02-26T20:49:39.604Z] [work-queue] {"queuedWork":["/speedy-c4155/us-central1/submit-2025-02-26T20:49:39.604Z"],"queueLength":1,"runningWork":[],"workRunningCount":0}
[debug] [2025-02-26T20:49:39.604Z] [work-queue] {"queuedWork":[],"queueLength":0,"runningWork":["/speedy-c4155/us-central1/submit-2025-02-26T20:49:39.604Z"],"workRunningCount":1}
[debug] [2025-02-26T20:49:39.604Z] Accepted request POST /speedy-c4155/us-central1/submit --> us-central1-submit
[debug] [2025-02-26T20:49:39.604Z] [functions] Runtime ready! Sending request! {"metadata":{"emulator":{"name":"functions"},"message":"[functions] Runtime ready! Sending request!"}}
[debug] [2025-02-26T20:49:39.604Z] [functions] Got req.url=/speedy-c4155/us-central1/submit, mapping to path=/ {"metadata":{"emulator":{"name":"functions"},"message":"[functions] Got req.url=/speedy-c4155/us-central1/submit, mapping to path=/"}}
[debug] [2025-02-26T20:49:39.604Z] [worker-pool] submitRequest(triggerId=us-central1-submit) {"metadata":{"emulator":{"name":"functions"},"message":"[worker-pool] submitRequest(triggerId=us-central1-submit)"}}
[info] i  functions: Beginning execution of "us-central1-submit" {"metadata":{"emulator":{"name":"functions"},"function":{"name":"us-central1-submit"},"extension":{},"message":"Beginning execution of \"us-central1-submit\""}}
[debug] [2025-02-26T20:49:39.605Z] [worker-us-central1-submit-c6c5ab6d-82d9-47ed-8359-56b1dd72edd3]: BUSY {"metadata":{"emulator":{"name":"functions"},"function":{"name":"us-central1-submit"},"extension":{},"message":"[worker-us-central1-submit-c6c5ab6d-82d9-47ed-8359-56b1dd72edd3]: BUSY"}}
[debug] [2025-02-26T20:49:39.849Z] Feb. 26, 2025 3:49:39 P.M. io.gapi.emulators.netty.HttpVersionRoutingHandler channelRead
INFO: Detected HTTP/2 connection.
 {"metadata":{"emulator":{"name":"firestore"},"message":"Feb. 26, 2025 3:49:39 P.M. io.gapi.emulators.netty.HttpVersionRoutingHandler channelRead\r\nINFO: Detected HTTP/2 connection.\r\n"}}
[debug] [2025-02-26T20:49:39.863Z] [work-queue] {"queuedWork":["/functions/projects/speedy-c4155/triggers/us-central1-sendEmail-0-2025-02-26T20:49:39.863Z"],"queueLength":1,"runningWork":["/speedy-c4155/us-central1/submit-2025-02-26T20:49:39.604Z"],"workRunningCount":1}
[debug] [2025-02-26T20:49:39.863Z] [work-queue] {"queuedWork":[],"queueLength":0,"runningWork":["/speedy-c4155/us-central1/submit-2025-02-26T20:49:39.604Z","/functions/projects/speedy-c4155/triggers/us-central1-sendEmail-0-2025-02-26T20:49:39.863Z"],"workRunningCount":2}
[debug] [2025-02-26T20:49:39.863Z] Accepted request POST /functions/projects/speedy-c4155/triggers/us-central1-sendEmail-0 --> us-central1-sendEmail-0
[debug] [2025-02-26T20:49:39.864Z] [functions] Runtime ready! Sending request! {"metadata":{"emulator":{"name":"functions"},"message":"[functions] Runtime ready! Sending request!"}}
[debug] [2025-02-26T20:49:39.864Z] [functions] Got req.url=/functions/projects/speedy-c4155/triggers/us-central1-sendEmail-0, mapping to path=/functions/projects/ {"metadata":{"emulator":{"name":"functions"},"message":"[functions] Got req.url=/functions/projects/speedy-c4155/triggers/us-central1-sendEmail-0, mapping to path=/functions/projects/"}}
[info] i  functions: Loaded environment variables from .env. 
[debug] [2025-02-26T20:49:39.872Z] [worker-pool] addWorker(us-central1-sendEmail) {"metadata":{"emulator":{"name":"functions"},"message":"[worker-pool] addWorker(us-central1-sendEmail)"}}
[debug] [2025-02-26T20:49:39.872Z] [worker-pool] Adding worker with key us-central1-sendEmail, total=1 {"metadata":{"emulator":{"name":"functions"},"message":"[worker-pool] Adding worker with key us-central1-sendEmail, total=1"}}
[debug] [2025-02-26T20:49:39.874Z] Finishing up request with event=pause {"metadata":{"emulator":{"name":"functions"},"function":{"name":"us-central1-submit"},"extension":{},"message":"Finishing up request with event=pause"}}
[info] i  functions: Finished "us-central1-submit" in 269.4152ms {"metadata":{"emulator":{"name":"functions"},"function":{"name":"us-central1-submit"},"extension":{},"message":"Finished \"us-central1-submit\" in 269.4152ms"}}
[debug] [2025-02-26T20:49:39.875Z] [worker-us-central1-submit-c6c5ab6d-82d9-47ed-8359-56b1dd72edd3]: IDLE {"metadata":{"emulator":{"name":"functions"},"function":{"name":"us-central1-submit"},"extension":{},"message":"[worker-us-central1-submit-c6c5ab6d-82d9-47ed-8359-56b1dd72edd3]: IDLE"}}
[debug] [2025-02-26T20:49:39.875Z] Finishing up request with event=finish {"metadata":{"emulator":{"name":"functions"},"function":{"name":"us-central1-submit"},"extension":{},"message":"Finishing up request with event=finish"}}
[debug] [2025-02-26T20:49:39.875Z] Finishing up request with event=close {"metadata":{"emulator":{"name":"functions"},"function":{"name":"us-central1-submit"},"extension":{},"message":"Finishing up request with event=close"}}
[debug] [2025-02-26T20:49:39.875Z] [work-queue] {"queuedWork":[],"queueLength":0,"runningWork":["/functions/projects/speedy-c4155/triggers/us-central1-sendEmail-0-2025-02-26T20:49:39.863Z"],"workRunningCount":1}
[debug] [2025-02-26T20:49:40.731Z] [runtime-status] [5832] Resolved module firebase-admin {"declared":true,"installed":true,"version":"12.7.0","resolution":"C:\\Users\\night\\Documents\\GitHub\\speedy\\my-app\\functions\\node_modules\\firebase-admin\\lib\\index.js"} {"metadata":{"emulator":{"name":"functions"},"function":{"name":"us-central1-sendEmail"},"extension":{},"message":"[runtime-status] [5832] Resolved module firebase-admin {\"declared\":true,\"installed\":true,\"version\":\"12.7.0\",\"resolution\":\"C:\\\\Users\\\\night\\\\Documents\\\\GitHub\\\\speedy\\\\my-app\\\\functions\\\\node_modules\\\\firebase-admin\\\\lib\\\\index.js\"}"}}
[debug] [2025-02-26T20:49:40.733Z] [runtime-status] [5832] Resolved module firebase-functions {"declared":true,"installed":true,"version":"6.3.2","resolution":"C:\\Users\\night\\Documents\\GitHub\\speedy\\my-app\\functions\\node_modules\\firebase-functions\\lib\\v2\\index.js"} {"metadata":{"emulator":{"name":"functions"},"function":{"name":"us-central1-sendEmail"},"extension":{},"message":"[runtime-status] [5832] Resolved module firebase-functions {\"declared\":true,\"installed\":true,\"version\":\"6.3.2\",\"resolution\":\"C:\\\\Users\\\\night\\\\Documents\\\\GitHub\\\\speedy\\\\my-app\\\\functions\\\\node_modules\\\\firebase-functions\\\\lib\\\\v2\\\\index.js\"}"}}
[debug] [2025-02-26T20:49:40.733Z] [runtime-status] [5832] Outgoing network have been stubbed. [{"name":"http","status":"mocked"},{"name":"http","status":"mocked"},{"name":"https","status":"mocked"},{"name":"https","status":"mocked"},{"name":"net","status":"mocked"}] {"metadata":{"emulator":{"name":"functions"},"function":{"name":"us-central1-sendEmail"},"extension":{},"message":"[runtime-status] [5832] Outgoing network have been stubbed. [{\"name\":\"http\",\"status\":\"mocked\"},{\"name\":\"http\",\"status\":\"mocked\"},{\"name\":\"https\",\"status\":\"mocked\"},{\"name\":\"https\",\"status\":\"mocked\"},{\"name\":\"net\",\"status\":\"mocked\"}]"}}
[debug] [2025-02-26T20:49:40.734Z] [runtime-status] [5832] Resolved module firebase-functions {"declared":true,"installed":true,"version":"6.3.2","resolution":"C:\\Users\\night\\Documents\\GitHub\\speedy\\my-app\\functions\\node_modules\\firebase-functions\\lib\\v2\\index.js"} {"metadata":{"emulator":{"name":"functions"},"function":{"name":"us-central1-sendEmail"},"extension":{},"message":"[runtime-status] [5832] Resolved module firebase-functions {\"declared\":true,\"installed\":true,\"version\":\"6.3.2\",\"resolution\":\"C:\\\\Users\\\\night\\\\Documents\\\\GitHub\\\\speedy\\\\my-app\\\\functions\\\\node_modules\\\\firebase-functions\\\\lib\\\\v2\\\\index.js\"}"}}
[debug] [2025-02-26T20:49:40.914Z] [runtime-status] [5832] Checked functions.config() {"config":{}} {"metadata":{"emulator":{"name":"functions"},"function":{"name":"us-central1-sendEmail"},"extension":{},"message":"[runtime-status] [5832] Checked functions.config() {\"config\":{}}"}}
[debug] [2025-02-26T20:49:40.915Z] [runtime-status] [5832] firebase-functions has been stubbed. {"functionsResolution":{"declared":true,"installed":true,"version":"6.3.2","resolution":"C:\\Users\\night\\Documents\\GitHub\\speedy\\my-app\\functions\\node_modules\\firebase-functions\\lib\\v2\\index.js"}} {"metadata":{"emulator":{"name":"functions"},"function":{"name":"us-central1-sendEmail"},"extension":{},"message":"[runtime-status] [5832] firebase-functions has been stubbed. {\"functionsResolution\":{\"declared\":true,\"installed\":true,\"version\":\"6.3.2\",\"resolution\":\"C:\\\\Users\\\\night\\\\Documents\\\\GitHub\\\\speedy\\\\my-app\\\\functions\\\\node_modules\\\\firebase-functions\\\\lib\\\\v2\\\\index.js\"}}"}}
[debug] [2025-02-26T20:49:40.915Z] [runtime-status] [5832] Resolved module firebase-functions {"declared":true,"installed":true,"version":"6.3.2","resolution":"C:\\Users\\night\\Documents\\GitHub\\speedy\\my-app\\functions\\node_modules\\firebase-functions\\lib\\v2\\index.js"} {"metadata":{"emulator":{"name":"functions"},"function":{"name":"us-central1-sendEmail"},"extension":{},"message":"[runtime-status] [5832] Resolved module firebase-functions {\"declared\":true,\"installed\":true,\"version\":\"6.3.2\",\"resolution\":\"C:\\\\Users\\\\night\\\\Documents\\\\GitHub\\\\speedy\\\\my-app\\\\functions\\\\node_modules\\\\firebase-functions\\\\lib\\\\v2\\\\index.js\"}"}}
[debug] [2025-02-26T20:49:40.918Z] [runtime-status] [5832] Resolved module firebase-admin {"declared":true,"installed":true,"version":"12.7.0","resolution":"C:\\Users\\night\\Documents\\GitHub\\speedy\\my-app\\functions\\node_modules\\firebase-admin\\lib\\index.js"} {"metadata":{"emulator":{"name":"functions"},"function":{"name":"us-central1-sendEmail"},"extension":{},"message":"[runtime-status] [5832] Resolved module firebase-admin {\"declared\":true,\"installed\":true,\"version\":\"12.7.0\",\"resolution\":\"C:\\\\Users\\\\night\\\\Documents\\\\GitHub\\\\speedy\\\\my-app\\\\functions\\\\node_modules\\\\firebase-admin\\\\lib\\\\index.js\"}"}}
[debug] [2025-02-26T20:49:40.919Z] [runtime-status] [5832] Resolved module firebase-functions {"declared":true,"installed":true,"version":"6.3.2","resolution":"C:\\Users\\night\\Documents\\GitHub\\speedy\\my-app\\functions\\node_modules\\firebase-functions\\lib\\v2\\index.js"} {"metadata":{"emulator":{"name":"functions"},"function":{"name":"us-central1-sendEmail"},"extension":{},"message":"[runtime-status] [5832] Resolved module firebase-functions {\"declared\":true,\"installed\":true,\"version\":\"6.3.2\",\"resolution\":\"C:\\\\Users\\\\night\\\\Documents\\\\GitHub\\\\speedy\\\\my-app\\\\functions\\\\node_modules\\\\firebase-functions\\\\lib\\\\v2\\\\index.js\"}"}}
[debug] [2025-02-26T20:49:40.919Z] [runtime-status] [5832] firebase-admin has been stubbed. {"adminResolution":{"declared":true,"installed":true,"version":"12.7.0","resolution":"C:\\Users\\night\\Documents\\GitHub\\speedy\\my-app\\functions\\node_modules\\firebase-admin\\lib\\index.js"}} {"metadata":{"emulator":{"name":"functions"},"function":{"name":"us-central1-sendEmail"},"extension":{},"message":"[runtime-status] [5832] firebase-admin has been stubbed. {\"adminResolution\":{\"declared\":true,\"installed\":true,\"version\":\"12.7.0\",\"resolution\":\"C:\\\\Users\\\\night\\\\Documents\\\\GitHub\\\\speedy\\\\my-app\\\\functions\\\\node_modules\\\\firebase-admin\\\\lib\\\\index.js\"}}"}}
[debug] [2025-02-26T20:49:40.976Z] [runtime-status] [5832] Functions runtime initialized. {"cwd":"C:\\Users\\night\\Documents\\GitHub\\speedy\\my-app\\functions","node_version":"20.8.0"} {"metadata":{"emulator":{"name":"functions"},"function":{"name":"us-central1-sendEmail"},"extension":{},"message":"[runtime-status] [5832] Functions runtime initialized. {\"cwd\":\"C:\\\\Users\\\\night\\\\Documents\\\\GitHub\\\\speedy\\\\my-app\\\\functions\",\"node_version\":\"20.8.0\"}"}}
[debug] [2025-02-26T20:49:40.976Z] [runtime-status] [5832] Listening to port: \\?\pipe\fire_emu_002bb70d39f67a7d {"metadata":{"emulator":{"name":"functions"},"function":{"name":"us-central1-sendEmail"},"extension":{},"message":"[runtime-status] [5832] Listening to port: \\\\?\\pipe\\fire_emu_002bb70d39f67a7d"}}
[debug] [2025-02-26T20:49:41.071Z] [worker-us-central1-sendEmail-d758be83-8ad2-4c86-8a8d-68f112b9d945]: IDLE {"metadata":{"emulator":{"name":"functions"},"function":{"name":"us-central1-sendEmail"},"extension":{},"message":"[worker-us-central1-sendEmail-d758be83-8ad2-4c86-8a8d-68f112b9d945]: IDLE"}}
[debug] [2025-02-26T20:49:41.071Z] [worker-pool] submitRequest(triggerId=us-central1-sendEmail) {"metadata":{"emulator":{"name":"functions"},"message":"[worker-pool] submitRequest(triggerId=us-central1-sendEmail)"}}
[info] i  functions: Beginning execution of "us-central1-sendEmail" {"metadata":{"emulator":{"name":"functions"},"function":{"name":"us-central1-sendEmail"},"extension":{},"message":"Beginning execution of \"us-central1-sendEmail\""}}
[debug] [2025-02-26T20:49:41.072Z] [worker-us-central1-sendEmail-d758be83-8ad2-4c86-8a8d-68f112b9d945]: BUSY {"metadata":{"emulator":{"name":"functions"},"function":{"name":"us-central1-sendEmail"},"extension":{},"message":"[worker-us-central1-sendEmail-d758be83-8ad2-4c86-8a8d-68f112b9d945]: BUSY"}}
[debug] [2025-02-26T20:49:41.075Z] [runtime-status] [5832] RunCloudEvent {"specversion":"1.0","type":"google.cloud.firestore.document.v1.created","source":"//firestore.googleapis.com/projects/projects/speedy-c4155/databases/(default)","id":"0a30e66f-6b67-4d13-ade0-159d2170abd5","subject":"documents/Appointments/dEmTPskqYOp6itOGlCbO","time":"2025-02-26T20:49:39Z","datacontenttype":"application/protobuf","dataschema":"https://github.com/googleapis/google-cloudevents/blob/main/proto/google/events/cloud/firestore/v1/data.proto","location":"us-central1","project":"speedy-c4155","database":"(default)","namespace":"(default)","document":"Appointments/dEmTPskqYOp6itOGlCbO","data":{"type":"Buffer","data":[10,223,2,10,85,112,114,111,106,101,99,116,115,47,115,112,101,101,100,121,45,99,52,49,53,53,47,100,97,116,97,98,97,115,101,115,47,40,100,101,102,97,117,108,116,41,47,100,111,99,117,109,101,110,116,115,47,65,112,112,111,105,110,116,109,101,110,116,115,47,100,69,109,84,80,115,107,113,89,79,112,54,105,116,79,71,108,67,98,79,18,233,1,10,8,102,111,114,109,68,97,116,97,18,220,1,50,217,1,10,25,10,9,102,105,114,115,116,78,97,109,101,18,12,138,1,9,83,104,97,114,106,97,110,97,110,10,25,10,8,108,97,115,116,78,97,109,101,18,13,138,1,10,83,116,97,110,105,99,117,108,97,115,10,35,10,5,101,109,97,105,108,18,26,138,1,23,115,104,97,114,106,97,110,97,110,53,53,64,104,111,116,109,97,105,108,46,99,111,109,10,23,10,5,112,104,111,110,101,18,14,138,1,11,49,53,49,52,57,50,52,57,49,53,52,10,20,10,13,115,101,114,118,105,99,101,78,101,101,100,101,100,18,3,138,1,0,10,14,10,7,99,97,114,84,121,112,101,18,3,138,1,0,10,14,10,7,99,97,114,89,101,97,114,18,3,138,1,0,10,19,10,4,99,105,116,121,18,11,138,1,8,77,79,78,84,82,69,65,76,10,24,10,10,112,111,115,116,97,108,67,111,100,101,18,10,138,1,7,72,49,90,32,52,67,54,26,12,8,227,252,253,189,6,16,152,168,144,150,3,34,12,8,227,252,253,189,6,16,152,168,144,150,3,26,0]}} {"metadata":{"emulator":{"name":"functions"},"function":{"name":"us-central1-sendEmail"},"extension":{},"message":"[runtime-status] [5832] RunCloudEvent {\"specversion\":\"1.0\",\"type\":\"google.cloud.firestore.document.v1.created\",\"source\":\"//firestore.googleapis.com/projects/projects/speedy-c4155/databases/(default)\",\"id\":\"0a30e66f-6b67-4d13-ade0-159d2170abd5\",\"subject\":\"documents/Appointments/dEmTPskqYOp6itOGlCbO\",\"time\":\"2025-02-26T20:49:39Z\",\"datacontenttype\":\"application/protobuf\",\"dataschema\":\"https://github.com/googleapis/google-cloudevents/blob/main/proto/google/events/cloud/firestore/v1/data.proto\",\"location\":\"us-central1\",\"project\":\"speedy-c4155\",\"database\":\"(default)\",\"namespace\":\"(default)\",\"document\":\"Appointments/dEmTPskqYOp6itOGlCbO\",\"data\":{\"type\":\"Buffer\",\"data\":[10,223,2,10,85,112,114,111,106,101,99,116,115,47,115,112,101,101,100,121,45,99,52,49,53,53,47,100,97,116,97,98,97,115,101,115,47,40,100,101,102,97,117,108,116,41,47,100,111,99,117,109,101,110,116,115,47,65,112,112,111,105,110,116,109,101,110,116,115,47,100,69,109,84,80,115,107,113,89,79,112,54,105,116,79,71,108,67,98,79,18,233,1,10,8,102,111,114,109,68,97,116,97,18,220,1,50,217,1,10,25,10,9,102,105,114,115,116,78,97,109,101,18,12,138,1,9,83,104,97,114,106,97,110,97,110,10,25,10,8,108,97,115,116,78,97,109,101,18,13,138,1,10,83,116,97,110,105,99,117,108,97,115,10,35,10,5,101,109,97,105,108,18,26,138,1,23,115,104,97,114,106,97,110,97,110,53,53,64,104,111,116,109,97,105,108,46,99,111,109,10,23,10,5,112,104,111,110,101,18,14,138,1,11,49,53,49,52,57,50,52,57,49,53,52,10,20,10,13,115,101,114,118,105,99,101,78,101,101,100,101,100,18,3,138,1,0,10,14,10,7,99,97,114,84,121,112,101,18,3,138,1,0,10,14,10,7,99,97,114,89,101,97,114,18,3,138,1,0,10,19,10,4,99,105,116,121,18,11,138,1,8,77,79,78,84,82,69,65,76,10,24,10,10,112,111,115,116,97,108,67,111,100,101,18,10,138,1,7,72,49,90,32,52,67,54,26,12,8,227,252,253,189,6,16,152,168,144,150,3,34,12,8,227,252,253,189,6,16,152,168,144,150,3,26,0]}}"}}
[info] >  📩 Firestore Trigger Activated! {"user":"📩 Firestore Trigger Activated!","metadata":{"emulator":{"name":"functions"},"function":{"name":"us-central1-sendEmail"},"extension":{},"message":"\u001b[90m> \u001b[39m 📩 Firestore Trigger Activated!"}}
[info] >  🔥 Raw Appointment Data from Firestore: { {"user":"🔥 Raw Appointment Data from Firestore: {","metadata":{"emulator":{"name":"functions"},"function":{"name":"us-central1-sendEmail"},"extension":{},"message":"\u001b[90m> \u001b[39m 🔥 Raw Appointment Data from Firestore: {"}}
[info] >    formData: { {"user":"  formData: {","metadata":{"emulator":{"name":"functions"},"function":{"name":"us-central1-sendEmail"},"extension":{},"message":"\u001b[90m> \u001b[39m   formData: {"}}
[info] >      firstName: 'Sharjanan', {"user":"    firstName: 'Sharjanan',","metadata":{"emulator":{"name":"functions"},"function":{"name":"us-central1-sendEmail"},"extension":{},"message":"\u001b[90m> \u001b[39m     firstName: 'Sharjanan',"}}
[info] >      lastName: 'Staniculas', {"user":"    lastName: 'Staniculas',","metadata":{"emulator":{"name":"functions"},"function":{"name":"us-central1-sendEmail"},"extension":{},"message":"\u001b[90m> \u001b[39m     lastName: 'Staniculas',"}}
[info] >      email: 'sharjanan55@hotmail.com', {"user":"    email: 'sharjanan55@hotmail.com',","metadata":{"emulator":{"name":"functions"},"function":{"name":"us-central1-sendEmail"},"extension":{},"message":"\u001b[90m> \u001b[39m     email: 'sharjanan55@hotmail.com',"}}
[info] >      phone: '15149249154', {"user":"    phone: '15149249154',","metadata":{"emulator":{"name":"functions"},"function":{"name":"us-central1-sendEmail"},"extension":{},"message":"\u001b[90m> \u001b[39m     phone: '15149249154',"}}
[info] >      serviceNeeded: '', {"user":"    serviceNeeded: '',","metadata":{"emulator":{"name":"functions"},"function":{"name":"us-central1-sendEmail"},"extension":{},"message":"\u001b[90m> \u001b[39m     serviceNeeded: '',"}}
[info] >      carType: '', {"user":"    carType: '',","metadata":{"emulator":{"name":"functions"},"function":{"name":"us-central1-sendEmail"},"extension":{},"message":"\u001b[90m> \u001b[39m     carType: '',"}}
[info] >      carYear: '', {"user":"    carYear: '',","metadata":{"emulator":{"name":"functions"},"function":{"name":"us-central1-sendEmail"},"extension":{},"message":"\u001b[90m> \u001b[39m     carYear: '',"}}
[info] >      city: 'MONTREAL', {"user":"    city: 'MONTREAL',","metadata":{"emulator":{"name":"functions"},"function":{"name":"us-central1-sendEmail"},"extension":{},"message":"\u001b[90m> \u001b[39m     city: 'MONTREAL',"}}
[info] >      postalCode: 'H1Z 4C6' {"user":"    postalCode: 'H1Z 4C6'","metadata":{"emulator":{"name":"functions"},"function":{"name":"us-central1-sendEmail"},"extension":{},"message":"\u001b[90m> \u001b[39m     postalCode: 'H1Z 4C6'"}}
[info] >    } {"user":"  }","metadata":{"emulator":{"name":"functions"},"function":{"name":"us-central1-sendEmail"},"extension":{},"message":"\u001b[90m> \u001b[39m   }"}}
[info] >  } {"user":"}","metadata":{"emulator":{"name":"functions"},"function":{"name":"us-central1-sendEmail"},"extension":{},"message":"\u001b[90m> \u001b[39m }"}}
[info] >  ✅ Appointment Details: {"user":"✅ Appointment Details:","metadata":{"emulator":{"name":"functions"},"function":{"name":"us-central1-sendEmail"},"extension":{},"message":"\u001b[90m> \u001b[39m ✅ Appointment Details:"}}
[info] >        Name: Unknown Unknown {"user":"      Name: Unknown Unknown","metadata":{"emulator":{"name":"functions"},"function":{"name":"us-central1-sendEmail"},"extension":{},"message":"\u001b[90m> \u001b[39m       Name: Unknown Unknown"}}
[info] >        Phone: Unknown {"user":"      Phone: Unknown","metadata":{"emulator":{"name":"functions"},"function":{"name":"us-central1-sendEmail"},"extension":{},"message":"\u001b[90m> \u001b[39m       Phone: Unknown"}}
[info] >        Email: Unknown {"user":"      Email: Unknown","metadata":{"emulator":{"name":"functions"},"function":{"name":"us-central1-sendEmail"},"extension":{},"message":"\u001b[90m> \u001b[39m       Email: Unknown"}}
[info] >        Service: Unknown Service {"user":"      Service: Unknown Service","metadata":{"emulator":{"name":"functions"},"function":{"name":"us-central1-sendEmail"},"extension":{},"message":"\u001b[90m> \u001b[39m       Service: Unknown Service"}}
[info] >        Car: N/A Unknown {"user":"      Car: N/A Unknown","metadata":{"emulator":{"name":"functions"},"function":{"name":"us-central1-sendEmail"},"extension":{},"message":"\u001b[90m> \u001b[39m       Car: N/A Unknown"}}
[info] >        Location: Unknown, N/A {"user":"      Location: Unknown, N/A","metadata":{"emulator":{"name":"functions"},"function":{"name":"us-central1-sendEmail"},"extension":{},"message":"\u001b[90m> \u001b[39m       Location: Unknown, N/A"}}
[info] >       {"user":"    ","metadata":{"emulator":{"name":"functions"},"function":{"name":"us-central1-sendEmail"},"extension":{},"message":"\u001b[90m> \u001b[39m     "}}
[info] >  📩 Email sent successfully to mechanic! {"user":"📩 Email sent successfully to mechanic!","metadata":{"emulator":{"name":"functions"},"function":{"name":"us-central1-sendEmail"},"extension":{},"message":"\u001b[90m> \u001b[39m 📩 Email sent successfully to mechanic!"}}
[debug] [2025-02-26T20:49:41.692Z] Finishing up request with event=pause {"metadata":{"emulator":{"name":"functions"},"function":{"name":"us-central1-sendEmail"},"extension":{},"message":"Finishing up request with event=pause"}}
[info] i  functions: Finished "us-central1-sendEmail" in 619.8682ms {"metadata":{"emulator":{"name":"functions"},"function":{"name":"us-central1-sendEmail"},"extension":{},"message":"Finished \"us-central1-sendEmail\" in 619.8682ms"}}
[debug] [2025-02-26T20:49:41.693Z] [worker-us-central1-sendEmail-d758be83-8ad2-4c86-8a8d-68f112b9d945]: IDLE {"metadata":{"emulator":{"name":"functions"},"function":{"name":"us-central1-sendEmail"},"extension":{},"message":"[worker-us-central1-sendEmail-d758be83-8ad2-4c86-8a8d-68f112b9d945]: IDLE"}}
[debug] [2025-02-26T20:49:41.693Z] Finishing up request with event=finish {"metadata":{"emulator":{"name":"functions"},"function":{"name":"us-central1-sendEmail"},"extension":{},"message":"Finishing up request with event=finish"}}
[debug] [2025-02-26T20:49:41.693Z] Finishing up request with event=close {"metadata":{"emulator":{"name":"functions"},"function":{"name":"us-central1-sendEmail"},"extension":{},"message":"Finishing up request with event=close"}}
[debug] [2025-02-26T20:49:41.693Z] [work-queue] {"queuedWork":[],"queueLength":0,"runningWork":[],"workRunningCount":0}
[debug] [2025-02-26T20:50:39.886Z] Feb. 26, 2025 3:50:39 P.M. io.gapi.emulators.netty.HttpVersionRoutingHandler channelRead
INFO: Detected non-HTTP/2 connection.
 {"metadata":{"emulator":{"name":"firestore"},"message":"Feb. 26, 2025 3:50:39 P.M. io.gapi.emulators.netty.HttpVersionRoutingHandler channelRead\r\nINFO: Detected non-HTTP/2 connection.\r\n"}}
[debug] [2025-02-26T20:51:39.905Z] Feb. 26, 2025 3:51:39 P.M. io.gapi.emulators.netty.HttpVersionRoutingHandler channelRead
INFO: Detected non-HTTP/2 connection.
 {"metadata":{"emulator":{"name":"firestore"},"message":"Feb. 26, 2025 3:51:39 P.M. io.gapi.emulators.netty.HttpVersionRoutingHandler channelRead\r\nINFO: Detected non-HTTP/2 connection.\r\n"}}
[debug] [2025-02-26T20:52:25.272Z] Feb. 26, 2025 3:52:25 P.M. io.gapi.emulators.netty.HttpVersionRoutingHandler channelRead
INFO: Detected non-HTTP/2 connection.
 {"metadata":{"emulator":{"name":"firestore"},"message":"Feb. 26, 2025 3:52:25 P.M. io.gapi.emulators.netty.HttpVersionRoutingHandler channelRead\r\nINFO: Detected non-HTTP/2 connection.\r\n"}}
[debug] [2025-02-26T20:53:25.291Z] Feb. 26, 2025 3:53:25 P.M. io.gapi.emulators.netty.HttpVersionRoutingHandler channelRead
INFO: Detected non-HTTP/2 connection.
 {"metadata":{"emulator":{"name":"firestore"},"message":"Feb. 26, 2025 3:53:25 P.M. io.gapi.emulators.netty.HttpVersionRoutingHandler channelRead\r\nINFO: Detected non-HTTP/2 connection.\r\n"}}
[debug] [2025-02-26T20:54:25.314Z] Feb. 26, 2025 3:54:25 P.M. io.gapi.emulators.netty.HttpVersionRoutingHandler channelRead
INFO: Detected non-HTTP/2 connection.
 {"metadata":{"emulator":{"name":"firestore"},"message":"Feb. 26, 2025 3:54:25 P.M. io.gapi.emulators.netty.HttpVersionRoutingHandler channelRead\r\nINFO: Detected non-HTTP/2 connection.\r\n"}}
[debug] [2025-02-26T20:55:25.336Z] Feb. 26, 2025 3:55:25 P.M. io.gapi.emulators.netty.HttpVersionRoutingHandler channelRead
INFO: Detected non-HTTP/2 connection.
 {"metadata":{"emulator":{"name":"firestore"},"message":"Feb. 26, 2025 3:55:25 P.M. io.gapi.emulators.netty.HttpVersionRoutingHandler channelRead\r\nINFO: Detected non-HTTP/2 connection.\r\n"}}
[debug] [2025-02-26T20:56:25.353Z] Feb. 26, 2025 3:56:25 P.M. io.gapi.emulators.netty.HttpVersionRoutingHandler channelRead
INFO: Detected non-HTTP/2 connection.
 {"metadata":{"emulator":{"name":"firestore"},"message":"Feb. 26, 2025 3:56:25 P.M. io.gapi.emulators.netty.HttpVersionRoutingHandler channelRead\r\nINFO: Detected non-HTTP/2 connection.\r\n"}}
[debug] [2025-02-26T20:57:25.363Z] Feb. 26, 2025 3:57:25 P.M. io.gapi.emulators.netty.HttpVersionRoutingHandler channelRead
INFO: Detected non-HTTP/2 connection.
 {"metadata":{"emulator":{"name":"firestore"},"message":"Feb. 26, 2025 3:57:25 P.M. io.gapi.emulators.netty.HttpVersionRoutingHandler channelRead\r\nINFO: Detected non-HTTP/2 connection.\r\n"}}
[debug] [2025-02-26T20:58:25.396Z] Feb. 26, 2025 3:58:25 P.M. io.gapi.emulators.netty.HttpVersionRoutingHandler channelRead
INFO: Detected non-HTTP/2 connection.
 {"metadata":{"emulator":{"name":"firestore"},"message":"Feb. 26, 2025 3:58:25 P.M. io.gapi.emulators.netty.HttpVersionRoutingHandler channelRead\r\nINFO: Detected non-HTTP/2 connection.\r\n"}}
[debug] [2025-02-26T20:59:25.427Z] Feb. 26, 2025 3:59:25 P.M. io.gapi.emulators.netty.HttpVersionRoutingHandler channelRead
INFO: Detected non-HTTP/2 connection.
 {"metadata":{"emulator":{"name":"firestore"},"message":"Feb. 26, 2025 3:59:25 P.M. io.gapi.emulators.netty.HttpVersionRoutingHandler channelRead\r\nINFO: Detected non-HTTP/2 connection.\r\n"}}
[debug] [2025-02-26T21:00:25.446Z] Feb. 26, 2025 4:00:25 P.M. io.gapi.emulators.netty.HttpVersionRoutingHandler channelRead
INFO: Detected non-HTTP/2 connection.
 {"metadata":{"emulator":{"name":"firestore"},"message":"Feb. 26, 2025 4:00:25 P.M. io.gapi.emulators.netty.HttpVersionRoutingHandler channelRead\r\nINFO: Detected non-HTTP/2 connection.\r\n"}}
[debug] [2025-02-26T21:01:25.474Z] Feb. 26, 2025 4:01:25 P.M. io.gapi.emulators.netty.HttpVersionRoutingHandler channelRead
INFO: Detected non-HTTP/2 connection.
 {"metadata":{"emulator":{"name":"firestore"},"message":"Feb. 26, 2025 4:01:25 P.M. io.gapi.emulators.netty.HttpVersionRoutingHandler channelRead\r\nINFO: Detected non-HTTP/2 connection.\r\n"}}
[debug] [2025-02-26T21:02:25.488Z] Feb. 26, 2025 4:02:25 P.M. io.gapi.emulators.netty.HttpVersionRoutingHandler channelRead
INFO: Detected non-HTTP/2 connection.
 {"metadata":{"emulator":{"name":"firestore"},"message":"Feb. 26, 2025 4:02:25 P.M. io.gapi.emulators.netty.HttpVersionRoutingHandler channelRead\r\nINFO: Detected non-HTTP/2 connection.\r\n"}}
[debug] [2025-02-26T21:03:25.508Z] Feb. 26, 2025 4:03:25 P.M. io.gapi.emulators.netty.HttpVersionRoutingHandler channelRead
INFO: Detected non-HTTP/2 connection.
 {"metadata":{"emulator":{"name":"firestore"},"message":"Feb. 26, 2025 4:03:25 P.M. io.gapi.emulators.netty.HttpVersionRoutingHandler channelRead\r\nINFO: Detected non-HTTP/2 connection.\r\n"}}
[debug] [2025-02-26T21:04:25.520Z] Feb. 26, 2025 4:04:25 P.M. io.gapi.emulators.netty.HttpVersionRoutingHandler channelRead
INFO: Detected non-HTTP/2 connection.
 {"metadata":{"emulator":{"name":"firestore"},"message":"Feb. 26, 2025 4:04:25 P.M. io.gapi.emulators.netty.HttpVersionRoutingHandler channelRead\r\nINFO: Detected non-HTTP/2 connection.\r\n"}}
[debug] [2025-02-26T21:05:25.531Z] Feb. 26, 2025 4:05:25 P.M. io.gapi.emulators.netty.HttpVersionRoutingHandler channelRead
INFO: Detected non-HTTP/2 connection.
 {"metadata":{"emulator":{"name":"firestore"},"message":"Feb. 26, 2025 4:05:25 P.M. io.gapi.emulators.netty.HttpVersionRoutingHandler channelRead\r\nINFO: Detected non-HTTP/2 connection.\r\n"}}
[debug] [2025-02-26T21:06:25.552Z] Feb. 26, 2025 4:06:25 P.M. io.gapi.emulators.netty.HttpVersionRoutingHandler channelRead
INFO: Detected non-HTTP/2 connection.
 {"metadata":{"emulator":{"name":"firestore"},"message":"Feb. 26, 2025 4:06:25 P.M. io.gapi.emulators.netty.HttpVersionRoutingHandler channelRead\r\nINFO: Detected non-HTTP/2 connection.\r\n"}}
[debug] [2025-02-26T21:07:25.567Z] Feb. 26, 2025 4:07:25 P.M. io.gapi.emulators.netty.HttpVersionRoutingHandler channelRead
INFO: Detected non-HTTP/2 connection.
 {"metadata":{"emulator":{"name":"firestore"},"message":"Feb. 26, 2025 4:07:25 P.M. io.gapi.emulators.netty.HttpVersionRoutingHandler channelRead\r\nINFO: Detected non-HTTP/2 connection.\r\n"}}
[debug] [2025-02-26T21:08:25.573Z] Feb. 26, 2025 4:08:25 P.M. io.gapi.emulators.netty.HttpVersionRoutingHandler channelRead
INFO: Detected non-HTTP/2 connection.
 {"metadata":{"emulator":{"name":"firestore"},"message":"Feb. 26, 2025 4:08:25 P.M. io.gapi.emulators.netty.HttpVersionRoutingHandler channelRead\r\nINFO: Detected non-HTTP/2 connection.\r\n"}}
[debug] [2025-02-26T21:09:25.602Z] Feb. 26, 2025 4:09:25 P.M. io.gapi.emulators.netty.HttpVersionRoutingHandler channelRead
INFO: Detected non-HTTP/2 connection.
 {"metadata":{"emulator":{"name":"firestore"},"message":"Feb. 26, 2025 4:09:25 P.M. io.gapi.emulators.netty.HttpVersionRoutingHandler channelRead\r\nINFO: Detected non-HTTP/2 connection.\r\n"}}
[debug] [2025-02-26T21:10:25.620Z] Feb. 26, 2025 4:10:25 P.M. io.gapi.emulators.netty.HttpVersionRoutingHandler channelRead
INFO: Detected non-HTTP/2 connection.
 {"metadata":{"emulator":{"name":"firestore"},"message":"Feb. 26, 2025 4:10:25 P.M. io.gapi.emulators.netty.HttpVersionRoutingHandler channelRead\r\nINFO: Detected non-HTTP/2 connection.\r\n"}}
[debug] [2025-02-26T21:11:25.631Z] Feb. 26, 2025 4:11:25 P.M. io.gapi.emulators.netty.HttpVersionRoutingHandler channelRead
INFO: Detected non-HTTP/2 connection.
 {"metadata":{"emulator":{"name":"firestore"},"message":"Feb. 26, 2025 4:11:25 P.M. io.gapi.emulators.netty.HttpVersionRoutingHandler channelRead\r\nINFO: Detected non-HTTP/2 connection.\r\n"}}
[debug] [2025-02-26T21:12:25.642Z] Feb. 26, 2025 4:12:25 P.M. io.gapi.emulators.netty.HttpVersionRoutingHandler channelRead
INFO: Detected non-HTTP/2 connection.
 {"metadata":{"emulator":{"name":"firestore"},"message":"Feb. 26, 2025 4:12:25 P.M. io.gapi.emulators.netty.HttpVersionRoutingHandler channelRead\r\nINFO: Detected non-HTTP/2 connection.\r\n"}}
[debug] [2025-02-26T21:13:25.656Z] Feb. 26, 2025 4:13:25 P.M. io.gapi.emulators.netty.HttpVersionRoutingHandler channelRead
INFO: Detected non-HTTP/2 connection.
 {"metadata":{"emulator":{"name":"firestore"},"message":"Feb. 26, 2025 4:13:25 P.M. io.gapi.emulators.netty.HttpVersionRoutingHandler channelRead\r\nINFO: Detected non-HTTP/2 connection.\r\n"}}
[debug] [2025-02-26T21:14:25.680Z] Feb. 26, 2025 4:14:25 P.M. io.gapi.emulators.netty.HttpVersionRoutingHandler channelRead
INFO: Detected non-HTTP/2 connection.
 {"metadata":{"emulator":{"name":"firestore"},"message":"Feb. 26, 2025 4:14:25 P.M. io.gapi.emulators.netty.HttpVersionRoutingHandler channelRead\r\nINFO: Detected non-HTTP/2 connection.\r\n"}}
[debug] [2025-02-26T21:15:25.703Z] Feb. 26, 2025 4:15:25 P.M. io.gapi.emulators.netty.HttpVersionRoutingHandler channelRead
INFO: Detected non-HTTP/2 connection.
 {"metadata":{"emulator":{"name":"firestore"},"message":"Feb. 26, 2025 4:15:25 P.M. io.gapi.emulators.netty.HttpVersionRoutingHandler channelRead\r\nINFO: Detected non-HTTP/2 connection.\r\n"}}
[debug] [2025-02-26T21:15:37.804Z] Feb. 26, 2025 4:15:37 P.M. com.google.cloud.datastore.emulator.firestore.websocket.WebSocketChannelHandler channelClosed
INFO: Websocket client disconnected
 {"metadata":{"emulator":{"name":"firestore"},"message":"Feb. 26, 2025 4:15:37 P.M. com.google.cloud.datastore.emulator.firestore.websocket.WebSocketChannelHandler channelClosed\r\nINFO: Websocket client disconnected\r\n"}}
[debug] [2025-02-26T21:15:37.816Z] Feb. 26, 2025 4:15:37 P.M. com.google.cloud.datastore.emulator.firestore.websocket.WebSocketChannelHandler initChannel
INFO: Connected to new websocket client
 {"metadata":{"emulator":{"name":"firestore"},"message":"Feb. 26, 2025 4:15:37 P.M. com.google.cloud.datastore.emulator.firestore.websocket.WebSocketChannelHandler initChannel\r\nINFO: Connected to new websocket client\r\n"}}
[debug] [2025-02-26T21:16:25.705Z] Feb. 26, 2025 4:16:25 P.M. io.gapi.emulators.netty.HttpVersionRoutingHandler channelRead
INFO: Detected non-HTTP/2 connection.
 {"metadata":{"emulator":{"name":"firestore"},"message":"Feb. 26, 2025 4:16:25 P.M. io.gapi.emulators.netty.HttpVersionRoutingHandler channelRead\r\nINFO: Detected non-HTTP/2 connection.\r\n"}}
[debug] [2025-02-26T21:17:25.715Z] Feb. 26, 2025 4:17:25 P.M. io.gapi.emulators.netty.HttpVersionRoutingHandler channelRead
INFO: Detected non-HTTP/2 connection.
 {"metadata":{"emulator":{"name":"firestore"},"message":"Feb. 26, 2025 4:17:25 P.M. io.gapi.emulators.netty.HttpVersionRoutingHandler channelRead\r\nINFO: Detected non-HTTP/2 connection.\r\n"}}
[debug] [2025-02-26T21:18:25.734Z] Feb. 26, 2025 4:18:25 P.M. io.gapi.emulators.netty.HttpVersionRoutingHandler channelRead
INFO: Detected non-HTTP/2 connection.
 {"metadata":{"emulator":{"name":"firestore"},"message":"Feb. 26, 2025 4:18:25 P.M. io.gapi.emulators.netty.HttpVersionRoutingHandler channelRead\r\nINFO: Detected non-HTTP/2 connection.\r\n"}}
[debug] [2025-02-26T21:19:25.747Z] Feb. 26, 2025 4:19:25 P.M. io.gapi.emulators.netty.HttpVersionRoutingHandler channelRead
INFO: Detected non-HTTP/2 connection.
 {"metadata":{"emulator":{"name":"firestore"},"message":"Feb. 26, 2025 4:19:25 P.M. io.gapi.emulators.netty.HttpVersionRoutingHandler channelRead\r\nINFO: Detected non-HTTP/2 connection.\r\n"}}
[debug] [2025-02-26T21:20:11.288Z] Feb. 26, 2025 4:20:11 P.M. io.gapi.emulators.netty.HttpVersionRoutingHandler channelRead
INFO: Detected non-HTTP/2 connection.
 {"metadata":{"emulator":{"name":"firestore"},"message":"Feb. 26, 2025 4:20:11 P.M. io.gapi.emulators.netty.HttpVersionRoutingHandler channelRead\r\nINFO: Detected non-HTTP/2 connection.\r\n"}}
[debug] [2025-02-26T21:20:44.268Z] File C:\Users\night\Documents\GitHub\speedy\my-app\functions\index.js changed, reloading triggers {"metadata":{"emulator":{"name":"functions"},"message":"File C:\\Users\\night\\Documents\\GitHub\\speedy\\my-app\\functions\\index.js changed, reloading triggers"}}
[debug] [2025-02-26T21:20:45.269Z] Validating nodejs source
[debug] [2025-02-26T21:20:46.311Z] > [functions] package.json contents: {
  "name": "functions",
  "description": "Cloud Functions for Firebase",
  "scripts": {
    "serve": "firebase emulators:start --only functions",
    "shell": "firebase functions:shell",
    "start": "npm run shell",
    "deploy": "firebase deploy --only functions",
    "logs": "firebase functions:log"
  },
  "engines": {
    "node": "22"
  },
  "main": "index.js",
  "dependencies": {
    "firebase-admin": "^12.6.0",
    "firebase-functions": "^6.0.1"
  },
  "devDependencies": {
    "firebase-functions-test": "^3.1.0"
  },
  "private": true
}
[debug] [2025-02-26T21:20:46.311Z] Building nodejs source
[debug] [2025-02-26T21:20:46.311Z] Failed to find version of module node: reached end of search path C:\Users\night\Documents\GitHub\speedy\my-app\functions\node_modules
[warn] !  functions: Your requested "node" version "22" doesn't match your global version "20". Using node@20 from host. 
[info] i  functions: Loaded environment variables from .env. 
[debug] [2025-02-26T21:20:46.313Z] Could not find functions.yaml. Must use http discovery
[debug] [2025-02-26T21:20:46.317Z] Found firebase-functions binary at 'C:\Users\night\Documents\GitHub\speedy\my-app\functions\node_modules\.bin\firebase-functions'
[info] Serving at port 8381

[debug] [2025-02-26T21:20:46.786Z] Got response from /__/functions.yaml {"endpoints":{"submit":{"availableMemoryMb":null,"timeoutSeconds":null,"minInstances":null,"maxInstances":null,"ingressSettings":null,"concurrency":null,"serviceAccountEmail":null,"vpc":null,"platform":"gcfv2","labels":{},"httpsTrigger":{},"entryPoint":"submit"},"sendEmail":{"availableMemoryMb":null,"timeoutSeconds":null,"minInstances":null,"maxInstances":null,"ingressSettings":null,"concurrency":null,"serviceAccountEmail":null,"vpc":null,"platform":"gcfv2","labels":{},"eventTrigger":{"eventType":"google.cloud.firestore.document.v1.created","eventFilters":{"database":"(default)","namespace":"(default)"},"eventFilterPathPatterns":{"document":"Appointments/{documentId}"},"retry":false},"entryPoint":"sendEmail"}},"specVersion":"v1alpha1","requiredAPIs":[],"extensions":{}}
[debug] [2025-02-26T21:20:51.811Z] defaultcredentials: writing to file C:\Users\night\AppData\Roaming\firebase\sharjananstaniculas_gmail_com_application_default_credentials.json
[debug] [2025-02-26T21:20:51.811Z] Setting GAC to C:\Users\night\AppData\Roaming\firebase\sharjananstaniculas_gmail_com_application_default_credentials.json {"metadata":{"emulator":{"name":"functions"},"message":"Setting GAC to C:\\Users\\night\\AppData\\Roaming\\firebase\\sharjananstaniculas_gmail_com_application_default_credentials.json"}}
[info] +  functions: Loaded functions definitions from source: submit, sendEmail. {"metadata":{"emulator":{"name":"functions"},"message":"Loaded functions definitions from source: submit, sendEmail."}}
[debug] [2025-02-26T21:20:51.813Z] [worker-pool] Shutting down IDLE worker (us-central1-submit) {"metadata":{"emulator":{"name":"functions"},"message":"[worker-pool] Shutting down IDLE worker (us-central1-submit)"}}
[debug] [2025-02-26T21:20:51.813Z] [worker-us-central1-submit-c6c5ab6d-82d9-47ed-8359-56b1dd72edd3]: FINISHING {"metadata":{"emulator":{"name":"functions"},"function":{"name":"us-central1-submit"},"extension":{},"message":"[worker-us-central1-submit-c6c5ab6d-82d9-47ed-8359-56b1dd72edd3]: FINISHING"}}
[debug] [2025-02-26T21:20:51.813Z] [worker-pool] Shutting down IDLE worker (us-central1-sendEmail) {"metadata":{"emulator":{"name":"functions"},"message":"[worker-pool] Shutting down IDLE worker (us-central1-sendEmail)"}}
[debug] [2025-02-26T21:20:51.813Z] [worker-us-central1-sendEmail-d758be83-8ad2-4c86-8a8d-68f112b9d945]: FINISHING {"metadata":{"emulator":{"name":"functions"},"function":{"name":"us-central1-sendEmail"},"extension":{},"message":"[worker-us-central1-sendEmail-d758be83-8ad2-4c86-8a8d-68f112b9d945]: FINISHING"}}
[debug] [2025-02-26T21:20:51.824Z] [worker-us-central1-submit-c6c5ab6d-82d9-47ed-8359-56b1dd72edd3]: exited {"metadata":{"emulator":{"name":"functions"},"function":{"name":"us-central1-submit"},"extension":{},"message":"[worker-us-central1-submit-c6c5ab6d-82d9-47ed-8359-56b1dd72edd3]: exited"}}
[debug] [2025-02-26T21:20:51.824Z] [worker-us-central1-submit-c6c5ab6d-82d9-47ed-8359-56b1dd72edd3]: FINISHED {"metadata":{"emulator":{"name":"functions"},"function":{"name":"us-central1-submit"},"extension":{},"message":"[worker-us-central1-submit-c6c5ab6d-82d9-47ed-8359-56b1dd72edd3]: FINISHED"}}
[debug] [2025-02-26T21:20:51.824Z] [worker-us-central1-sendEmail-d758be83-8ad2-4c86-8a8d-68f112b9d945]: exited {"metadata":{"emulator":{"name":"functions"},"function":{"name":"us-central1-sendEmail"},"extension":{},"message":"[worker-us-central1-sendEmail-d758be83-8ad2-4c86-8a8d-68f112b9d945]: exited"}}
[debug] [2025-02-26T21:20:51.824Z] [worker-us-central1-sendEmail-d758be83-8ad2-4c86-8a8d-68f112b9d945]: FINISHED {"metadata":{"emulator":{"name":"functions"},"function":{"name":"us-central1-sendEmail"},"extension":{},"message":"[worker-us-central1-sendEmail-d758be83-8ad2-4c86-8a8d-68f112b9d945]: FINISHED"}}
[debug] [2025-02-26T21:21:11.306Z] Feb. 26, 2025 4:21:11 P.M. io.gapi.emulators.netty.HttpVersionRoutingHandler channelRead
INFO: Detected non-HTTP/2 connection.
 {"metadata":{"emulator":{"name":"firestore"},"message":"Feb. 26, 2025 4:21:11 P.M. io.gapi.emulators.netty.HttpVersionRoutingHandler channelRead\r\nINFO: Detected non-HTTP/2 connection.\r\n"}}
[debug] [2025-02-26T21:22:11.312Z] Feb. 26, 2025 4:22:11 P.M. io.gapi.emulators.netty.HttpVersionRoutingHandler channelRead
INFO: Detected non-HTTP/2 connection.
 {"metadata":{"emulator":{"name":"firestore"},"message":"Feb. 26, 2025 4:22:11 P.M. io.gapi.emulators.netty.HttpVersionRoutingHandler channelRead\r\nINFO: Detected non-HTTP/2 connection.\r\n"}}
[debug] [2025-02-26T21:23:11.336Z] Feb. 26, 2025 4:23:11 P.M. io.gapi.emulators.netty.HttpVersionRoutingHandler channelRead
INFO: Detected non-HTTP/2 connection.
 {"metadata":{"emulator":{"name":"firestore"},"message":"Feb. 26, 2025 4:23:11 P.M. io.gapi.emulators.netty.HttpVersionRoutingHandler channelRead\r\nINFO: Detected non-HTTP/2 connection.\r\n"}}
[debug] [2025-02-26T21:24:11.344Z] Feb. 26, 2025 4:24:11 P.M. io.gapi.emulators.netty.HttpVersionRoutingHandler channelRead
INFO: Detected non-HTTP/2 connection.
 {"metadata":{"emulator":{"name":"firestore"},"message":"Feb. 26, 2025 4:24:11 P.M. io.gapi.emulators.netty.HttpVersionRoutingHandler channelRead\r\nINFO: Detected non-HTTP/2 connection.\r\n"}}
[debug] [2025-02-26T21:24:48.199Z] File C:\Users\night\Documents\GitHub\speedy\my-app\functions\index.js changed, reloading triggers {"metadata":{"emulator":{"name":"functions"},"message":"File C:\\Users\\night\\Documents\\GitHub\\speedy\\my-app\\functions\\index.js changed, reloading triggers"}}
[debug] [2025-02-26T21:24:49.205Z] Validating nodejs source
[debug] [2025-02-26T21:24:50.262Z] > [functions] package.json contents: {
  "name": "functions",
  "description": "Cloud Functions for Firebase",
  "scripts": {
    "serve": "firebase emulators:start --only functions",
    "shell": "firebase functions:shell",
    "start": "npm run shell",
    "deploy": "firebase deploy --only functions",
    "logs": "firebase functions:log"
  },
  "engines": {
    "node": "22"
  },
  "main": "index.js",
  "dependencies": {
    "firebase-admin": "^12.6.0",
    "firebase-functions": "^6.0.1"
  },
  "devDependencies": {
    "firebase-functions-test": "^3.1.0"
  },
  "private": true
}
[debug] [2025-02-26T21:24:50.263Z] Building nodejs source
[debug] [2025-02-26T21:24:50.263Z] Failed to find version of module node: reached end of search path C:\Users\night\Documents\GitHub\speedy\my-app\functions\node_modules
[warn] !  functions: Your requested "node" version "22" doesn't match your global version "20". Using node@20 from host. 
[info] i  functions: Loaded environment variables from .env. 
[debug] [2025-02-26T21:24:50.265Z] Could not find functions.yaml. Must use http discovery
[debug] [2025-02-26T21:24:50.269Z] Found firebase-functions binary at 'C:\Users\night\Documents\GitHub\speedy\my-app\functions\node_modules\.bin\firebase-functions'
[info] Serving at port 8203

[debug] [2025-02-26T21:24:50.682Z] Got response from /__/functions.yaml {"endpoints":{"submit":{"availableMemoryMb":null,"timeoutSeconds":null,"minInstances":null,"maxInstances":null,"ingressSettings":null,"concurrency":null,"serviceAccountEmail":null,"vpc":null,"platform":"gcfv2","labels":{},"httpsTrigger":{},"entryPoint":"submit"},"sendEmail":{"availableMemoryMb":null,"timeoutSeconds":null,"minInstances":null,"maxInstances":null,"ingressSettings":null,"concurrency":null,"serviceAccountEmail":null,"vpc":null,"platform":"gcfv2","labels":{},"eventTrigger":{"eventType":"google.cloud.firestore.document.v1.created","eventFilters":{"database":"(default)","namespace":"(default)"},"eventFilterPathPatterns":{"document":"Appointments/{documentId}"},"retry":false},"entryPoint":"sendEmail"}},"specVersion":"v1alpha1","requiredAPIs":[],"extensions":{}}
[debug] [2025-02-26T21:24:55.701Z] defaultcredentials: writing to file C:\Users\night\AppData\Roaming\firebase\sharjananstaniculas_gmail_com_application_default_credentials.json
[debug] [2025-02-26T21:24:55.701Z] Setting GAC to C:\Users\night\AppData\Roaming\firebase\sharjananstaniculas_gmail_com_application_default_credentials.json {"metadata":{"emulator":{"name":"functions"},"message":"Setting GAC to C:\\Users\\night\\AppData\\Roaming\\firebase\\sharjananstaniculas_gmail_com_application_default_credentials.json"}}
[info] +  functions: Loaded functions definitions from source: submit, sendEmail. {"metadata":{"emulator":{"name":"functions"},"message":"Loaded functions definitions from source: submit, sendEmail."}}
[debug] [2025-02-26T21:25:10.848Z] [work-queue] {"queuedWork":["/speedy-c4155/us-central1/submit-2025-02-26T21:25:10.848Z"],"queueLength":1,"runningWork":[],"workRunningCount":0}
[debug] [2025-02-26T21:25:10.848Z] [work-queue] {"queuedWork":[],"queueLength":0,"runningWork":["/speedy-c4155/us-central1/submit-2025-02-26T21:25:10.848Z"],"workRunningCount":1}
[debug] [2025-02-26T21:25:10.849Z] Accepted request OPTIONS /speedy-c4155/us-central1/submit --> us-central1-submit
[debug] [2025-02-26T21:25:10.853Z] [functions] Runtime ready! Sending request! {"metadata":{"emulator":{"name":"functions"},"message":"[functions] Runtime ready! Sending request!"}}
[debug] [2025-02-26T21:25:10.853Z] [functions] Got req.url=/speedy-c4155/us-central1/submit, mapping to path=/ {"metadata":{"emulator":{"name":"functions"},"message":"[functions] Got req.url=/speedy-c4155/us-central1/submit, mapping to path=/"}}
[debug] [2025-02-26T21:25:10.853Z] [worker-pool] Cleaned up workers for us-central1-submit: 1 --> 0 {"metadata":{"emulator":{"name":"functions"},"message":"[worker-pool] Cleaned up workers for us-central1-submit: 1 --> 0"}}
[debug] [2025-02-26T21:25:10.853Z] [worker-pool] Cleaned up workers for us-central1-sendEmail: 1 --> 0 {"metadata":{"emulator":{"name":"functions"},"message":"[worker-pool] Cleaned up workers for us-central1-sendEmail: 1 --> 0"}}
[info] i  functions: Loaded environment variables from .env. 
[debug] [2025-02-26T21:25:10.863Z] [worker-pool] addWorker(us-central1-submit) {"metadata":{"emulator":{"name":"functions"},"message":"[worker-pool] addWorker(us-central1-submit)"}}
[debug] [2025-02-26T21:25:10.863Z] [worker-pool] Adding worker with key us-central1-submit, total=1 {"metadata":{"emulator":{"name":"functions"},"message":"[worker-pool] Adding worker with key us-central1-submit, total=1"}}
[debug] [2025-02-26T21:25:11.364Z] Feb. 26, 2025 4:25:11 P.M. io.gapi.emulators.netty.HttpVersionRoutingHandler channelRead
INFO: Detected non-HTTP/2 connection.
 {"metadata":{"emulator":{"name":"firestore"},"message":"Feb. 26, 2025 4:25:11 P.M. io.gapi.emulators.netty.HttpVersionRoutingHandler channelRead\r\nINFO: Detected non-HTTP/2 connection.\r\n"}}
[debug] [2025-02-26T21:25:11.712Z] [runtime-status] [3756] Resolved module firebase-admin {"declared":true,"installed":true,"version":"12.7.0","resolution":"C:\\Users\\night\\Documents\\GitHub\\speedy\\my-app\\functions\\node_modules\\firebase-admin\\lib\\index.js"} {"metadata":{"emulator":{"name":"functions"},"function":{"name":"us-central1-submit"},"extension":{},"message":"[runtime-status] [3756] Resolved module firebase-admin {\"declared\":true,\"installed\":true,\"version\":\"12.7.0\",\"resolution\":\"C:\\\\Users\\\\night\\\\Documents\\\\GitHub\\\\speedy\\\\my-app\\\\functions\\\\node_modules\\\\firebase-admin\\\\lib\\\\index.js\"}"}}
[debug] [2025-02-26T21:25:11.713Z] [runtime-status] [3756] Resolved module firebase-functions {"declared":true,"installed":true,"version":"6.3.2","resolution":"C:\\Users\\night\\Documents\\GitHub\\speedy\\my-app\\functions\\node_modules\\firebase-functions\\lib\\v2\\index.js"} {"metadata":{"emulator":{"name":"functions"},"function":{"name":"us-central1-submit"},"extension":{},"message":"[runtime-status] [3756] Resolved module firebase-functions {\"declared\":true,\"installed\":true,\"version\":\"6.3.2\",\"resolution\":\"C:\\\\Users\\\\night\\\\Documents\\\\GitHub\\\\speedy\\\\my-app\\\\functions\\\\node_modules\\\\firebase-functions\\\\lib\\\\v2\\\\index.js\"}"}}
[debug] [2025-02-26T21:25:11.713Z] [runtime-status] [3756] Outgoing network have been stubbed. [{"name":"http","status":"mocked"},{"name":"http","status":"mocked"},{"name":"https","status":"mocked"},{"name":"https","status":"mocked"},{"name":"net","status":"mocked"}] {"metadata":{"emulator":{"name":"functions"},"function":{"name":"us-central1-submit"},"extension":{},"message":"[runtime-status] [3756] Outgoing network have been stubbed. [{\"name\":\"http\",\"status\":\"mocked\"},{\"name\":\"http\",\"status\":\"mocked\"},{\"name\":\"https\",\"status\":\"mocked\"},{\"name\":\"https\",\"status\":\"mocked\"},{\"name\":\"net\",\"status\":\"mocked\"}]"}}
[debug] [2025-02-26T21:25:11.714Z] [runtime-status] [3756] Resolved module firebase-functions {"declared":true,"installed":true,"version":"6.3.2","resolution":"C:\\Users\\night\\Documents\\GitHub\\speedy\\my-app\\functions\\node_modules\\firebase-functions\\lib\\v2\\index.js"} {"metadata":{"emulator":{"name":"functions"},"function":{"name":"us-central1-submit"},"extension":{},"message":"[runtime-status] [3756] Resolved module firebase-functions {\"declared\":true,\"installed\":true,\"version\":\"6.3.2\",\"resolution\":\"C:\\\\Users\\\\night\\\\Documents\\\\GitHub\\\\speedy\\\\my-app\\\\functions\\\\node_modules\\\\firebase-functions\\\\lib\\\\v2\\\\index.js\"}"}}
[debug] [2025-02-26T21:25:11.908Z] [runtime-status] [3756] Checked functions.config() {"config":{}} {"metadata":{"emulator":{"name":"functions"},"function":{"name":"us-central1-submit"},"extension":{},"message":"[runtime-status] [3756] Checked functions.config() {\"config\":{}}"}}
[debug] [2025-02-26T21:25:11.908Z] [runtime-status] [3756] firebase-functions has been stubbed. {"functionsResolution":{"declared":true,"installed":true,"version":"6.3.2","resolution":"C:\\Users\\night\\Documents\\GitHub\\speedy\\my-app\\functions\\node_modules\\firebase-functions\\lib\\v2\\index.js"}} {"metadata":{"emulator":{"name":"functions"},"function":{"name":"us-central1-submit"},"extension":{},"message":"[runtime-status] [3756] firebase-functions has been stubbed. {\"functionsResolution\":{\"declared\":true,\"installed\":true,\"version\":\"6.3.2\",\"resolution\":\"C:\\\\Users\\\\night\\\\Documents\\\\GitHub\\\\speedy\\\\my-app\\\\functions\\\\node_modules\\\\firebase-functions\\\\lib\\\\v2\\\\index.js\"}}"}}
[debug] [2025-02-26T21:25:11.908Z] [runtime-status] [3756] Resolved module firebase-functions {"declared":true,"installed":true,"version":"6.3.2","resolution":"C:\\Users\\night\\Documents\\GitHub\\speedy\\my-app\\functions\\node_modules\\firebase-functions\\lib\\v2\\index.js"} {"metadata":{"emulator":{"name":"functions"},"function":{"name":"us-central1-submit"},"extension":{},"message":"[runtime-status] [3756] Resolved module firebase-functions {\"declared\":true,\"installed\":true,\"version\":\"6.3.2\",\"resolution\":\"C:\\\\Users\\\\night\\\\Documents\\\\GitHub\\\\speedy\\\\my-app\\\\functions\\\\node_modules\\\\firebase-functions\\\\lib\\\\v2\\\\index.js\"}"}}
[debug] [2025-02-26T21:25:11.911Z] [runtime-status] [3756] Resolved module firebase-admin {"declared":true,"installed":true,"version":"12.7.0","resolution":"C:\\Users\\night\\Documents\\GitHub\\speedy\\my-app\\functions\\node_modules\\firebase-admin\\lib\\index.js"} {"metadata":{"emulator":{"name":"functions"},"function":{"name":"us-central1-submit"},"extension":{},"message":"[runtime-status] [3756] Resolved module firebase-admin {\"declared\":true,\"installed\":true,\"version\":\"12.7.0\",\"resolution\":\"C:\\\\Users\\\\night\\\\Documents\\\\GitHub\\\\speedy\\\\my-app\\\\functions\\\\node_modules\\\\firebase-admin\\\\lib\\\\index.js\"}"}}
[debug] [2025-02-26T21:25:11.912Z] [runtime-status] [3756] Resolved module firebase-functions {"declared":true,"installed":true,"version":"6.3.2","resolution":"C:\\Users\\night\\Documents\\GitHub\\speedy\\my-app\\functions\\node_modules\\firebase-functions\\lib\\v2\\index.js"} {"metadata":{"emulator":{"name":"functions"},"function":{"name":"us-central1-submit"},"extension":{},"message":"[runtime-status] [3756] Resolved module firebase-functions {\"declared\":true,\"installed\":true,\"version\":\"6.3.2\",\"resolution\":\"C:\\\\Users\\\\night\\\\Documents\\\\GitHub\\\\speedy\\\\my-app\\\\functions\\\\node_modules\\\\firebase-functions\\\\lib\\\\v2\\\\index.js\"}"}}
[debug] [2025-02-26T21:25:11.912Z] [runtime-status] [3756] firebase-admin has been stubbed. {"adminResolution":{"declared":true,"installed":true,"version":"12.7.0","resolution":"C:\\Users\\night\\Documents\\GitHub\\speedy\\my-app\\functions\\node_modules\\firebase-admin\\lib\\index.js"}} {"metadata":{"emulator":{"name":"functions"},"function":{"name":"us-central1-submit"},"extension":{},"message":"[runtime-status] [3756] firebase-admin has been stubbed. {\"adminResolution\":{\"declared\":true,\"installed\":true,\"version\":\"12.7.0\",\"resolution\":\"C:\\\\Users\\\\night\\\\Documents\\\\GitHub\\\\speedy\\\\my-app\\\\functions\\\\node_modules\\\\firebase-admin\\\\lib\\\\index.js\"}}"}}
[debug] [2025-02-26T21:25:11.968Z] [runtime-status] [3756] Functions runtime initialized. {"cwd":"C:\\Users\\night\\Documents\\GitHub\\speedy\\my-app\\functions","node_version":"20.8.0"} {"metadata":{"emulator":{"name":"functions"},"function":{"name":"us-central1-submit"},"extension":{},"message":"[runtime-status] [3756] Functions runtime initialized. {\"cwd\":\"C:\\\\Users\\\\night\\\\Documents\\\\GitHub\\\\speedy\\\\my-app\\\\functions\",\"node_version\":\"20.8.0\"}"}}
[debug] [2025-02-26T21:25:11.969Z] [runtime-status] [3756] Listening to port: \\?\pipe\fire_emu_afce034f44c8bf28 {"metadata":{"emulator":{"name":"functions"},"function":{"name":"us-central1-submit"},"extension":{},"message":"[runtime-status] [3756] Listening to port: \\\\?\\pipe\\fire_emu_afce034f44c8bf28"}}
[debug] [2025-02-26T21:25:12.064Z] [worker-us-central1-submit-cfeacdff-b93a-49ab-a86a-0f531048e716]: IDLE {"metadata":{"emulator":{"name":"functions"},"function":{"name":"us-central1-submit"},"extension":{},"message":"[worker-us-central1-submit-cfeacdff-b93a-49ab-a86a-0f531048e716]: IDLE"}}
[debug] [2025-02-26T21:25:12.064Z] [worker-pool] submitRequest(triggerId=us-central1-submit) {"metadata":{"emulator":{"name":"functions"},"message":"[worker-pool] submitRequest(triggerId=us-central1-submit)"}}
[info] i  functions: Beginning execution of "us-central1-submit" {"metadata":{"emulator":{"name":"functions"},"function":{"name":"us-central1-submit"},"extension":{},"message":"Beginning execution of \"us-central1-submit\""}}
[debug] [2025-02-26T21:25:12.066Z] [worker-us-central1-submit-cfeacdff-b93a-49ab-a86a-0f531048e716]: BUSY {"metadata":{"emulator":{"name":"functions"},"function":{"name":"us-central1-submit"},"extension":{},"message":"[worker-us-central1-submit-cfeacdff-b93a-49ab-a86a-0f531048e716]: BUSY"}}
[debug] [2025-02-26T21:25:12.070Z] Finishing up request with event=pause {"metadata":{"emulator":{"name":"functions"},"function":{"name":"us-central1-submit"},"extension":{},"message":"Finishing up request with event=pause"}}
[info] i  functions: Finished "us-central1-submit" in 3.6688ms {"metadata":{"emulator":{"name":"functions"},"function":{"name":"us-central1-submit"},"extension":{},"message":"Finished \"us-central1-submit\" in 3.6688ms"}}
[debug] [2025-02-26T21:25:12.071Z] [worker-us-central1-submit-cfeacdff-b93a-49ab-a86a-0f531048e716]: IDLE {"metadata":{"emulator":{"name":"functions"},"function":{"name":"us-central1-submit"},"extension":{},"message":"[worker-us-central1-submit-cfeacdff-b93a-49ab-a86a-0f531048e716]: IDLE"}}
[debug] [2025-02-26T21:25:12.071Z] Finishing up request with event=finish {"metadata":{"emulator":{"name":"functions"},"function":{"name":"us-central1-submit"},"extension":{},"message":"Finishing up request with event=finish"}}
[debug] [2025-02-26T21:25:12.072Z] Finishing up request with event=close {"metadata":{"emulator":{"name":"functions"},"function":{"name":"us-central1-submit"},"extension":{},"message":"Finishing up request with event=close"}}
[debug] [2025-02-26T21:25:12.072Z] [work-queue] {"queuedWork":[],"queueLength":0,"runningWork":[],"workRunningCount":0}
[debug] [2025-02-26T21:25:12.073Z] [work-queue] {"queuedWork":["/speedy-c4155/us-central1/submit-2025-02-26T21:25:12.073Z"],"queueLength":1,"runningWork":[],"workRunningCount":0}
[debug] [2025-02-26T21:25:12.073Z] [work-queue] {"queuedWork":[],"queueLength":0,"runningWork":["/speedy-c4155/us-central1/submit-2025-02-26T21:25:12.073Z"],"workRunningCount":1}
[debug] [2025-02-26T21:25:12.073Z] Accepted request POST /speedy-c4155/us-central1/submit --> us-central1-submit
[debug] [2025-02-26T21:25:12.074Z] [functions] Runtime ready! Sending request! {"metadata":{"emulator":{"name":"functions"},"message":"[functions] Runtime ready! Sending request!"}}
[debug] [2025-02-26T21:25:12.074Z] [functions] Got req.url=/speedy-c4155/us-central1/submit, mapping to path=/ {"metadata":{"emulator":{"name":"functions"},"message":"[functions] Got req.url=/speedy-c4155/us-central1/submit, mapping to path=/"}}
[debug] [2025-02-26T21:25:12.074Z] [worker-pool] submitRequest(triggerId=us-central1-submit) {"metadata":{"emulator":{"name":"functions"},"message":"[worker-pool] submitRequest(triggerId=us-central1-submit)"}}
[info] i  functions: Beginning execution of "us-central1-submit" {"metadata":{"emulator":{"name":"functions"},"function":{"name":"us-central1-submit"},"extension":{},"message":"Beginning execution of \"us-central1-submit\""}}
[debug] [2025-02-26T21:25:12.075Z] [worker-us-central1-submit-cfeacdff-b93a-49ab-a86a-0f531048e716]: BUSY {"metadata":{"emulator":{"name":"functions"},"function":{"name":"us-central1-submit"},"extension":{},"message":"[worker-us-central1-submit-cfeacdff-b93a-49ab-a86a-0f531048e716]: BUSY"}}
[debug] [2025-02-26T21:25:12.307Z] Feb. 26, 2025 4:25:12 P.M. io.gapi.emulators.netty.HttpVersionRoutingHandler channelRead
INFO: Detected HTTP/2 connection.
 {"metadata":{"emulator":{"name":"firestore"},"message":"Feb. 26, 2025 4:25:12 P.M. io.gapi.emulators.netty.HttpVersionRoutingHandler channelRead\r\nINFO: Detected HTTP/2 connection.\r\n"}}
[debug] [2025-02-26T21:25:12.362Z] [work-queue] {"queuedWork":["/functions/projects/speedy-c4155/triggers/us-central1-sendEmail-0-2025-02-26T21:25:12.362Z"],"queueLength":1,"runningWork":["/speedy-c4155/us-central1/submit-2025-02-26T21:25:12.073Z"],"workRunningCount":1}
[debug] [2025-02-26T21:25:12.362Z] [work-queue] {"queuedWork":[],"queueLength":0,"runningWork":["/speedy-c4155/us-central1/submit-2025-02-26T21:25:12.073Z","/functions/projects/speedy-c4155/triggers/us-central1-sendEmail-0-2025-02-26T21:25:12.362Z"],"workRunningCount":2}
[debug] [2025-02-26T21:25:12.362Z] Accepted request POST /functions/projects/speedy-c4155/triggers/us-central1-sendEmail-0 --> us-central1-sendEmail-0
[debug] [2025-02-26T21:25:12.363Z] [functions] Runtime ready! Sending request! {"metadata":{"emulator":{"name":"functions"},"message":"[functions] Runtime ready! Sending request!"}}
[debug] [2025-02-26T21:25:12.363Z] [functions] Got req.url=/functions/projects/speedy-c4155/triggers/us-central1-sendEmail-0, mapping to path=/functions/projects/ {"metadata":{"emulator":{"name":"functions"},"message":"[functions] Got req.url=/functions/projects/speedy-c4155/triggers/us-central1-sendEmail-0, mapping to path=/functions/projects/"}}
[info] i  functions: Loaded environment variables from .env. 
[debug] [2025-02-26T21:25:12.373Z] [worker-pool] addWorker(us-central1-sendEmail) {"metadata":{"emulator":{"name":"functions"},"message":"[worker-pool] addWorker(us-central1-sendEmail)"}}
[debug] [2025-02-26T21:25:12.373Z] [worker-pool] Adding worker with key us-central1-sendEmail, total=1 {"metadata":{"emulator":{"name":"functions"},"message":"[worker-pool] Adding worker with key us-central1-sendEmail, total=1"}}
[debug] [2025-02-26T21:25:12.375Z] Finishing up request with event=pause {"metadata":{"emulator":{"name":"functions"},"function":{"name":"us-central1-submit"},"extension":{},"message":"Finishing up request with event=pause"}}
[info] i  functions: Finished "us-central1-submit" in 299.3043ms {"metadata":{"emulator":{"name":"functions"},"function":{"name":"us-central1-submit"},"extension":{},"message":"Finished \"us-central1-submit\" in 299.3043ms"}}
[debug] [2025-02-26T21:25:12.376Z] [worker-us-central1-submit-cfeacdff-b93a-49ab-a86a-0f531048e716]: IDLE {"metadata":{"emulator":{"name":"functions"},"function":{"name":"us-central1-submit"},"extension":{},"message":"[worker-us-central1-submit-cfeacdff-b93a-49ab-a86a-0f531048e716]: IDLE"}}
[debug] [2025-02-26T21:25:12.376Z] Finishing up request with event=finish {"metadata":{"emulator":{"name":"functions"},"function":{"name":"us-central1-submit"},"extension":{},"message":"Finishing up request with event=finish"}}
[debug] [2025-02-26T21:25:12.376Z] Finishing up request with event=close {"metadata":{"emulator":{"name":"functions"},"function":{"name":"us-central1-submit"},"extension":{},"message":"Finishing up request with event=close"}}
[debug] [2025-02-26T21:25:12.376Z] [work-queue] {"queuedWork":[],"queueLength":0,"runningWork":["/functions/projects/speedy-c4155/triggers/us-central1-sendEmail-0-2025-02-26T21:25:12.362Z"],"workRunningCount":1}
[debug] [2025-02-26T21:25:13.239Z] [runtime-status] [22504] Resolved module firebase-admin {"declared":true,"installed":true,"version":"12.7.0","resolution":"C:\\Users\\night\\Documents\\GitHub\\speedy\\my-app\\functions\\node_modules\\firebase-admin\\lib\\index.js"} {"metadata":{"emulator":{"name":"functions"},"function":{"name":"us-central1-sendEmail"},"extension":{},"message":"[runtime-status] [22504] Resolved module firebase-admin {\"declared\":true,\"installed\":true,\"version\":\"12.7.0\",\"resolution\":\"C:\\\\Users\\\\night\\\\Documents\\\\GitHub\\\\speedy\\\\my-app\\\\functions\\\\node_modules\\\\firebase-admin\\\\lib\\\\index.js\"}"}}
[debug] [2025-02-26T21:25:13.240Z] [runtime-status] [22504] Resolved module firebase-functions {"declared":true,"installed":true,"version":"6.3.2","resolution":"C:\\Users\\night\\Documents\\GitHub\\speedy\\my-app\\functions\\node_modules\\firebase-functions\\lib\\v2\\index.js"} {"metadata":{"emulator":{"name":"functions"},"function":{"name":"us-central1-sendEmail"},"extension":{},"message":"[runtime-status] [22504] Resolved module firebase-functions {\"declared\":true,\"installed\":true,\"version\":\"6.3.2\",\"resolution\":\"C:\\\\Users\\\\night\\\\Documents\\\\GitHub\\\\speedy\\\\my-app\\\\functions\\\\node_modules\\\\firebase-functions\\\\lib\\\\v2\\\\index.js\"}"}}
[debug] [2025-02-26T21:25:13.240Z] [runtime-status] [22504] Outgoing network have been stubbed. [{"name":"http","status":"mocked"},{"name":"http","status":"mocked"},{"name":"https","status":"mocked"},{"name":"https","status":"mocked"},{"name":"net","status":"mocked"}] {"metadata":{"emulator":{"name":"functions"},"function":{"name":"us-central1-sendEmail"},"extension":{},"message":"[runtime-status] [22504] Outgoing network have been stubbed. [{\"name\":\"http\",\"status\":\"mocked\"},{\"name\":\"http\",\"status\":\"mocked\"},{\"name\":\"https\",\"status\":\"mocked\"},{\"name\":\"https\",\"status\":\"mocked\"},{\"name\":\"net\",\"status\":\"mocked\"}]"}}
[debug] [2025-02-26T21:25:13.241Z] [runtime-status] [22504] Resolved module firebase-functions {"declared":true,"installed":true,"version":"6.3.2","resolution":"C:\\Users\\night\\Documents\\GitHub\\speedy\\my-app\\functions\\node_modules\\firebase-functions\\lib\\v2\\index.js"} {"metadata":{"emulator":{"name":"functions"},"function":{"name":"us-central1-sendEmail"},"extension":{},"message":"[runtime-status] [22504] Resolved module firebase-functions {\"declared\":true,\"installed\":true,\"version\":\"6.3.2\",\"resolution\":\"C:\\\\Users\\\\night\\\\Documents\\\\GitHub\\\\speedy\\\\my-app\\\\functions\\\\node_modules\\\\firebase-functions\\\\lib\\\\v2\\\\index.js\"}"}}
[debug] [2025-02-26T21:25:13.434Z] [runtime-status] [22504] Checked functions.config() {"config":{}} {"metadata":{"emulator":{"name":"functions"},"function":{"name":"us-central1-sendEmail"},"extension":{},"message":"[runtime-status] [22504] Checked functions.config() {\"config\":{}}"}}
[debug] [2025-02-26T21:25:13.434Z] [runtime-status] [22504] firebase-functions has been stubbed. {"functionsResolution":{"declared":true,"installed":true,"version":"6.3.2","resolution":"C:\\Users\\night\\Documents\\GitHub\\speedy\\my-app\\functions\\node_modules\\firebase-functions\\lib\\v2\\index.js"}} {"metadata":{"emulator":{"name":"functions"},"function":{"name":"us-central1-sendEmail"},"extension":{},"message":"[runtime-status] [22504] firebase-functions has been stubbed. {\"functionsResolution\":{\"declared\":true,\"installed\":true,\"version\":\"6.3.2\",\"resolution\":\"C:\\\\Users\\\\night\\\\Documents\\\\GitHub\\\\speedy\\\\my-app\\\\functions\\\\node_modules\\\\firebase-functions\\\\lib\\\\v2\\\\index.js\"}}"}}
[debug] [2025-02-26T21:25:13.435Z] [runtime-status] [22504] Resolved module firebase-functions {"declared":true,"installed":true,"version":"6.3.2","resolution":"C:\\Users\\night\\Documents\\GitHub\\speedy\\my-app\\functions\\node_modules\\firebase-functions\\lib\\v2\\index.js"} {"metadata":{"emulator":{"name":"functions"},"function":{"name":"us-central1-sendEmail"},"extension":{},"message":"[runtime-status] [22504] Resolved module firebase-functions {\"declared\":true,\"installed\":true,\"version\":\"6.3.2\",\"resolution\":\"C:\\\\Users\\\\night\\\\Documents\\\\GitHub\\\\speedy\\\\my-app\\\\functions\\\\node_modules\\\\firebase-functions\\\\lib\\\\v2\\\\index.js\"}"}}
[debug] [2025-02-26T21:25:13.437Z] [runtime-status] [22504] Resolved module firebase-admin {"declared":true,"installed":true,"version":"12.7.0","resolution":"C:\\Users\\night\\Documents\\GitHub\\speedy\\my-app\\functions\\node_modules\\firebase-admin\\lib\\index.js"} {"metadata":{"emulator":{"name":"functions"},"function":{"name":"us-central1-sendEmail"},"extension":{},"message":"[runtime-status] [22504] Resolved module firebase-admin {\"declared\":true,\"installed\":true,\"version\":\"12.7.0\",\"resolution\":\"C:\\\\Users\\\\night\\\\Documents\\\\GitHub\\\\speedy\\\\my-app\\\\functions\\\\node_modules\\\\firebase-admin\\\\lib\\\\index.js\"}"}}
[debug] [2025-02-26T21:25:13.439Z] [runtime-status] [22504] Resolved module firebase-functions {"declared":true,"installed":true,"version":"6.3.2","resolution":"C:\\Users\\night\\Documents\\GitHub\\speedy\\my-app\\functions\\node_modules\\firebase-functions\\lib\\v2\\index.js"} {"metadata":{"emulator":{"name":"functions"},"function":{"name":"us-central1-sendEmail"},"extension":{},"message":"[runtime-status] [22504] Resolved module firebase-functions {\"declared\":true,\"installed\":true,\"version\":\"6.3.2\",\"resolution\":\"C:\\\\Users\\\\night\\\\Documents\\\\GitHub\\\\speedy\\\\my-app\\\\functions\\\\node_modules\\\\firebase-functions\\\\lib\\\\v2\\\\index.js\"}"}}
[debug] [2025-02-26T21:25:13.439Z] [runtime-status] [22504] firebase-admin has been stubbed. {"adminResolution":{"declared":true,"installed":true,"version":"12.7.0","resolution":"C:\\Users\\night\\Documents\\GitHub\\speedy\\my-app\\functions\\node_modules\\firebase-admin\\lib\\index.js"}} {"metadata":{"emulator":{"name":"functions"},"function":{"name":"us-central1-sendEmail"},"extension":{},"message":"[runtime-status] [22504] firebase-admin has been stubbed. {\"adminResolution\":{\"declared\":true,\"installed\":true,\"version\":\"12.7.0\",\"resolution\":\"C:\\\\Users\\\\night\\\\Documents\\\\GitHub\\\\speedy\\\\my-app\\\\functions\\\\node_modules\\\\firebase-admin\\\\lib\\\\index.js\"}}"}}
[debug] [2025-02-26T21:25:13.492Z] [runtime-status] [22504] Functions runtime initialized. {"cwd":"C:\\Users\\night\\Documents\\GitHub\\speedy\\my-app\\functions","node_version":"20.8.0"} {"metadata":{"emulator":{"name":"functions"},"function":{"name":"us-central1-sendEmail"},"extension":{},"message":"[runtime-status] [22504] Functions runtime initialized. {\"cwd\":\"C:\\\\Users\\\\night\\\\Documents\\\\GitHub\\\\speedy\\\\my-app\\\\functions\",\"node_version\":\"20.8.0\"}"}}
[debug] [2025-02-26T21:25:13.493Z] [runtime-status] [22504] Listening to port: \\?\pipe\fire_emu_2b6f0f4bc63a0e44 {"metadata":{"emulator":{"name":"functions"},"function":{"name":"us-central1-sendEmail"},"extension":{},"message":"[runtime-status] [22504] Listening to port: \\\\?\\pipe\\fire_emu_2b6f0f4bc63a0e44"}}
[debug] [2025-02-26T21:25:13.601Z] [worker-us-central1-sendEmail-f8df2938-910b-46a9-8228-5dee0b78d33b]: IDLE {"metadata":{"emulator":{"name":"functions"},"function":{"name":"us-central1-sendEmail"},"extension":{},"message":"[worker-us-central1-sendEmail-f8df2938-910b-46a9-8228-5dee0b78d33b]: IDLE"}}
[debug] [2025-02-26T21:25:13.601Z] [worker-pool] submitRequest(triggerId=us-central1-sendEmail) {"metadata":{"emulator":{"name":"functions"},"message":"[worker-pool] submitRequest(triggerId=us-central1-sendEmail)"}}
[info] i  functions: Beginning execution of "us-central1-sendEmail" {"metadata":{"emulator":{"name":"functions"},"function":{"name":"us-central1-sendEmail"},"extension":{},"message":"Beginning execution of \"us-central1-sendEmail\""}}
[debug] [2025-02-26T21:25:13.602Z] [worker-us-central1-sendEmail-f8df2938-910b-46a9-8228-5dee0b78d33b]: BUSY {"metadata":{"emulator":{"name":"functions"},"function":{"name":"us-central1-sendEmail"},"extension":{},"message":"[worker-us-central1-sendEmail-f8df2938-910b-46a9-8228-5dee0b78d33b]: BUSY"}}
[debug] [2025-02-26T21:25:13.605Z] [runtime-status] [22504] RunCloudEvent {"specversion":"1.0","type":"google.cloud.firestore.document.v1.created","source":"//firestore.googleapis.com/projects/projects/speedy-c4155/databases/(default)","id":"903e7ef5-c3bb-4553-bb13-ff5943d3d1bb","subject":"documents/Appointments/eltjofjNmi5LYAcRfazE","time":"2025-02-26T21:25:12Z","datacontenttype":"application/protobuf","dataschema":"https://github.com/googleapis/google-cloudevents/blob/main/proto/google/events/cloud/firestore/v1/data.proto","location":"us-central1","project":"speedy-c4155","database":"(default)","namespace":"(default)","document":"Appointments/eltjofjNmi5LYAcRfazE","data":{"type":"Buffer","data":[10,244,2,10,85,112,114,111,106,101,99,116,115,47,115,112,101,101,100,121,45,99,52,49,53,53,47,100,97,116,97,98,97,115,101,115,47,40,100,101,102,97,117,108,116,41,47,100,111,99,117,109,101,110,116,115,47,65,112,112,111,105,110,116,109,101,110,116,115,47,101,108,116,106,111,102,106,78,109,105,53,76,89,65,99,82,102,97,122,69,18,254,1,10,8,102,111,114,109,68,97,116,97,18,241,1,50,238,1,10,25,10,9,102,105,114,115,116,78,97,109,101,18,12,138,1,9,83,104,97,114,106,97,110,97,110,10,25,10,8,108,97,115,116,78,97,109,101,18,13,138,1,10,83,116,97,110,105,99,117,108,97,115,10,35,10,5,101,109,97,105,108,18,26,138,1,23,115,104,97,114,106,97,110,97,110,53,53,64,104,111,116,109,97,105,108,46,99,111,109,10,23,10,5,112,104,111,110,101,18,14,138,1,11,49,53,49,52,57,50,52,57,49,53,52,10,36,10,13,115,101,114,118,105,99,101,78,101,101,100,101,100,18,19,138,1,16,71,101,110,101,114,97,108,32,77,101,99,104,97,110,105,99,10,19,10,7,99,97,114,84,121,112,101,18,8,138,1,5,84,114,117,99,107,10,14,10,7,99,97,114,89,101,97,114,18,3,16,232,15,10,19,10,4,99,105,116,121,18,11,138,1,8,77,79,78,84,82,69,65,76,10,24,10,10,112,111,115,116,97,108,67,111,100,101,18,10,138,1,7,72,49,90,32,52,67,54,26,12,8,184,141,254,189,6,16,240,209,172,162,1,34,12,8,184,141,254,189,6,16,240,209,172,162,1,26,0]}} {"metadata":{"emulator":{"name":"functions"},"function":{"name":"us-central1-sendEmail"},"extension":{},"message":"[runtime-status] [22504] RunCloudEvent {\"specversion\":\"1.0\",\"type\":\"google.cloud.firestore.document.v1.created\",\"source\":\"//firestore.googleapis.com/projects/projects/speedy-c4155/databases/(default)\",\"id\":\"903e7ef5-c3bb-4553-bb13-ff5943d3d1bb\",\"subject\":\"documents/Appointments/eltjofjNmi5LYAcRfazE\",\"time\":\"2025-02-26T21:25:12Z\",\"datacontenttype\":\"application/protobuf\",\"dataschema\":\"https://github.com/googleapis/google-cloudevents/blob/main/proto/google/events/cloud/firestore/v1/data.proto\",\"location\":\"us-central1\",\"project\":\"speedy-c4155\",\"database\":\"(default)\",\"namespace\":\"(default)\",\"document\":\"Appointments/eltjofjNmi5LYAcRfazE\",\"data\":{\"type\":\"Buffer\",\"data\":[10,244,2,10,85,112,114,111,106,101,99,116,115,47,115,112,101,101,100,121,45,99,52,49,53,53,47,100,97,116,97,98,97,115,101,115,47,40,100,101,102,97,117,108,116,41,47,100,111,99,117,109,101,110,116,115,47,65,112,112,111,105,110,116,109,101,110,116,115,47,101,108,116,106,111,102,106,78,109,105,53,76,89,65,99,82,102,97,122,69,18,254,1,10,8,102,111,114,109,68,97,116,97,18,241,1,50,238,1,10,25,10,9,102,105,114,115,116,78,97,109,101,18,12,138,1,9,83,104,97,114,106,97,110,97,110,10,25,10,8,108,97,115,116,78,97,109,101,18,13,138,1,10,83,116,97,110,105,99,117,108,97,115,10,35,10,5,101,109,97,105,108,18,26,138,1,23,115,104,97,114,106,97,110,97,110,53,53,64,104,111,116,109,97,105,108,46,99,111,109,10,23,10,5,112,104,111,110,101,18,14,138,1,11,49,53,49,52,57,50,52,57,49,53,52,10,36,10,13,115,101,114,118,105,99,101,78,101,101,100,101,100,18,19,138,1,16,71,101,110,101,114,97,108,32,77,101,99,104,97,110,105,99,10,19,10,7,99,97,114,84,121,112,101,18,8,138,1,5,84,114,117,99,107,10,14,10,7,99,97,114,89,101,97,114,18,3,16,232,15,10,19,10,4,99,105,116,121,18,11,138,1,8,77,79,78,84,82,69,65,76,10,24,10,10,112,111,115,116,97,108,67,111,100,101,18,10,138,1,7,72,49,90,32,52,67,54,26,12,8,184,141,254,189,6,16,240,209,172,162,1,34,12,8,184,141,254,189,6,16,240,209,172,162,1,26,0]}}"}}
[info] >  📩 Firestore Trigger Activated! {"user":"📩 Firestore Trigger Activated!","metadata":{"emulator":{"name":"functions"},"function":{"name":"us-central1-sendEmail"},"extension":{},"message":"\u001b[90m> \u001b[39m 📩 Firestore Trigger Activated!"}}
[info] >  🔥 Raw Appointment Data from Firestore: { {"user":"🔥 Raw Appointment Data from Firestore: {","metadata":{"emulator":{"name":"functions"},"function":{"name":"us-central1-sendEmail"},"extension":{},"message":"\u001b[90m> \u001b[39m 🔥 Raw Appointment Data from Firestore: {"}}
[info] >    formData: { {"user":"  formData: {","metadata":{"emulator":{"name":"functions"},"function":{"name":"us-central1-sendEmail"},"extension":{},"message":"\u001b[90m> \u001b[39m   formData: {"}}
[info] >      firstName: 'Sharjanan', {"user":"    firstName: 'Sharjanan',","metadata":{"emulator":{"name":"functions"},"function":{"name":"us-central1-sendEmail"},"extension":{},"message":"\u001b[90m> \u001b[39m     firstName: 'Sharjanan',"}}
[info] >      lastName: 'Staniculas', {"user":"    lastName: 'Staniculas',","metadata":{"emulator":{"name":"functions"},"function":{"name":"us-central1-sendEmail"},"extension":{},"message":"\u001b[90m> \u001b[39m     lastName: 'Staniculas',"}}
[info] >      email: 'sharjanan55@hotmail.com', {"user":"    email: 'sharjanan55@hotmail.com',","metadata":{"emulator":{"name":"functions"},"function":{"name":"us-central1-sendEmail"},"extension":{},"message":"\u001b[90m> \u001b[39m     email: 'sharjanan55@hotmail.com',"}}
[info] >      phone: '15149249154', {"user":"    phone: '15149249154',","metadata":{"emulator":{"name":"functions"},"function":{"name":"us-central1-sendEmail"},"extension":{},"message":"\u001b[90m> \u001b[39m     phone: '15149249154',"}}
[info] >      serviceNeeded: 'General Mechanic', {"user":"    serviceNeeded: 'General Mechanic',","metadata":{"emulator":{"name":"functions"},"function":{"name":"us-central1-sendEmail"},"extension":{},"message":"\u001b[90m> \u001b[39m     serviceNeeded: 'General Mechanic',"}}
[info] >      carType: 'Truck', {"user":"    carType: 'Truck',","metadata":{"emulator":{"name":"functions"},"function":{"name":"us-central1-sendEmail"},"extension":{},"message":"\u001b[90m> \u001b[39m     carType: 'Truck',"}}
[info] >      carYear: 2024, {"user":"    carYear: 2024,","metadata":{"emulator":{"name":"functions"},"function":{"name":"us-central1-sendEmail"},"extension":{},"message":"\u001b[90m> \u001b[39m     carYear: 2024,"}}
[info] >      city: 'MONTREAL', {"user":"    city: 'MONTREAL',","metadata":{"emulator":{"name":"functions"},"function":{"name":"us-central1-sendEmail"},"extension":{},"message":"\u001b[90m> \u001b[39m     city: 'MONTREAL',"}}
[info] >      postalCode: 'H1Z 4C6' {"user":"    postalCode: 'H1Z 4C6'","metadata":{"emulator":{"name":"functions"},"function":{"name":"us-central1-sendEmail"},"extension":{},"message":"\u001b[90m> \u001b[39m     postalCode: 'H1Z 4C6'"}}
[info] >    } {"user":"  }","metadata":{"emulator":{"name":"functions"},"function":{"name":"us-central1-sendEmail"},"extension":{},"message":"\u001b[90m> \u001b[39m   }"}}
[info] >  } {"user":"}","metadata":{"emulator":{"name":"functions"},"function":{"name":"us-central1-sendEmail"},"extension":{},"message":"\u001b[90m> \u001b[39m }"}}
[info] >  ✅ Appointment Details: {"user":"✅ Appointment Details:","metadata":{"emulator":{"name":"functions"},"function":{"name":"us-central1-sendEmail"},"extension":{},"message":"\u001b[90m> \u001b[39m ✅ Appointment Details:"}}
[info] >        Name: undefined undefined {"user":"      Name: undefined undefined","metadata":{"emulator":{"name":"functions"},"function":{"name":"us-central1-sendEmail"},"extension":{},"message":"\u001b[90m> \u001b[39m       Name: undefined undefined"}}
[info] >        Phone: undefined {"user":"      Phone: undefined","metadata":{"emulator":{"name":"functions"},"function":{"name":"us-central1-sendEmail"},"extension":{},"message":"\u001b[90m> \u001b[39m       Phone: undefined"}}
[info] >        Email: undefined {"user":"      Email: undefined","metadata":{"emulator":{"name":"functions"},"function":{"name":"us-central1-sendEmail"},"extension":{},"message":"\u001b[90m> \u001b[39m       Email: undefined"}}
[info] >        Service: undefined {"user":"      Service: undefined","metadata":{"emulator":{"name":"functions"},"function":{"name":"us-central1-sendEmail"},"extension":{},"message":"\u001b[90m> \u001b[39m       Service: undefined"}}
[info] >        Car: undefined undefined {"user":"      Car: undefined undefined","metadata":{"emulator":{"name":"functions"},"function":{"name":"us-central1-sendEmail"},"extension":{},"message":"\u001b[90m> \u001b[39m       Car: undefined undefined"}}
[info] >        Location: undefined, undefined {"user":"      Location: undefined, undefined","metadata":{"emulator":{"name":"functions"},"function":{"name":"us-central1-sendEmail"},"extension":{},"message":"\u001b[90m> \u001b[39m       Location: undefined, undefined"}}
[info] >       {"user":"    ","metadata":{"emulator":{"name":"functions"},"function":{"name":"us-central1-sendEmail"},"extension":{},"message":"\u001b[90m> \u001b[39m     "}}
[info] >  📩 Email sent successfully to mechanic! {"user":"📩 Email sent successfully to mechanic!","metadata":{"emulator":{"name":"functions"},"function":{"name":"us-central1-sendEmail"},"extension":{},"message":"\u001b[90m> \u001b[39m 📩 Email sent successfully to mechanic!"}}
[debug] [2025-02-26T21:25:14.203Z] Finishing up request with event=pause {"metadata":{"emulator":{"name":"functions"},"function":{"name":"us-central1-sendEmail"},"extension":{},"message":"Finishing up request with event=pause"}}
[info] i  functions: Finished "us-central1-sendEmail" in 601.2609ms {"metadata":{"emulator":{"name":"functions"},"function":{"name":"us-central1-sendEmail"},"extension":{},"message":"Finished \"us-central1-sendEmail\" in 601.2609ms"}}
[debug] [2025-02-26T21:25:14.204Z] [worker-us-central1-sendEmail-f8df2938-910b-46a9-8228-5dee0b78d33b]: IDLE {"metadata":{"emulator":{"name":"functions"},"function":{"name":"us-central1-sendEmail"},"extension":{},"message":"[worker-us-central1-sendEmail-f8df2938-910b-46a9-8228-5dee0b78d33b]: IDLE"}}
[debug] [2025-02-26T21:25:14.204Z] Finishing up request with event=finish {"metadata":{"emulator":{"name":"functions"},"function":{"name":"us-central1-sendEmail"},"extension":{},"message":"Finishing up request with event=finish"}}
[debug] [2025-02-26T21:25:14.204Z] Finishing up request with event=close {"metadata":{"emulator":{"name":"functions"},"function":{"name":"us-central1-sendEmail"},"extension":{},"message":"Finishing up request with event=close"}}
[debug] [2025-02-26T21:25:14.204Z] [work-queue] {"queuedWork":[],"queueLength":0,"runningWork":[],"workRunningCount":0}
[debug] [2025-02-26T21:25:42.116Z] Feb. 26, 2025 4:25:42 P.M. com.google.cloud.datastore.emulator.firestore.websocket.WebSocketChannelHandler channelClosed
INFO: Websocket client disconnected
 {"metadata":{"emulator":{"name":"firestore"},"message":"Feb. 26, 2025 4:25:42 P.M. com.google.cloud.datastore.emulator.firestore.websocket.WebSocketChannelHandler channelClosed\r\nINFO: Websocket client disconnected\r\n"}}
[debug] [2025-02-26T21:25:42.131Z] Feb. 26, 2025 4:25:42 P.M. com.google.cloud.datastore.emulator.firestore.websocket.WebSocketChannelHandler initChannel
INFO: Connected to new websocket client
 {"metadata":{"emulator":{"name":"firestore"},"message":"Feb. 26, 2025 4:25:42 P.M. com.google.cloud.datastore.emulator.firestore.websocket.WebSocketChannelHandler initChannel\r\nINFO: Connected to new websocket client\r\n"}}
[debug] [2025-02-26T21:26:12.369Z] Feb. 26, 2025 4:26:12 P.M. io.gapi.emulators.netty.HttpVersionRoutingHandler channelRead
INFO: Detected non-HTTP/2 connection.
 {"metadata":{"emulator":{"name":"firestore"},"message":"Feb. 26, 2025 4:26:12 P.M. io.gapi.emulators.netty.HttpVersionRoutingHandler channelRead\r\nINFO: Detected non-HTTP/2 connection.\r\n"}}
[debug] [2025-02-26T21:26:53.725Z] File C:\Users\night\Documents\GitHub\speedy\my-app\functions\index.js changed, reloading triggers {"metadata":{"emulator":{"name":"functions"},"message":"File C:\\Users\\night\\Documents\\GitHub\\speedy\\my-app\\functions\\index.js changed, reloading triggers"}}
[debug] [2025-02-26T21:26:54.739Z] Validating nodejs source
[debug] [2025-02-26T21:26:55.692Z] > [functions] package.json contents: {
  "name": "functions",
  "description": "Cloud Functions for Firebase",
  "scripts": {
    "serve": "firebase emulators:start --only functions",
    "shell": "firebase functions:shell",
    "start": "npm run shell",
    "deploy": "firebase deploy --only functions",
    "logs": "firebase functions:log"
  },
  "engines": {
    "node": "22"
  },
  "main": "index.js",
  "dependencies": {
    "firebase-admin": "^12.6.0",
    "firebase-functions": "^6.0.1"
  },
  "devDependencies": {
    "firebase-functions-test": "^3.1.0"
  },
  "private": true
}
[debug] [2025-02-26T21:26:55.692Z] Building nodejs source
[debug] [2025-02-26T21:26:55.692Z] Failed to find version of module node: reached end of search path C:\Users\night\Documents\GitHub\speedy\my-app\functions\node_modules
[warn] !  functions: Your requested "node" version "22" doesn't match your global version "20". Using node@20 from host. 
[info] i  functions: Loaded environment variables from .env. 
[debug] [2025-02-26T21:26:55.694Z] Could not find functions.yaml. Must use http discovery
[debug] [2025-02-26T21:26:55.698Z] Found firebase-functions binary at 'C:\Users\night\Documents\GitHub\speedy\my-app\functions\node_modules\.bin\firebase-functions'
[info] Serving at port 8655

[debug] [2025-02-26T21:26:56.150Z] Got response from /__/functions.yaml {"endpoints":{"submit":{"availableMemoryMb":null,"timeoutSeconds":null,"minInstances":null,"maxInstances":null,"ingressSettings":null,"concurrency":null,"serviceAccountEmail":null,"vpc":null,"platform":"gcfv2","labels":{},"httpsTrigger":{},"entryPoint":"submit"},"sendEmail":{"availableMemoryMb":null,"timeoutSeconds":null,"minInstances":null,"maxInstances":null,"ingressSettings":null,"concurrency":null,"serviceAccountEmail":null,"vpc":null,"platform":"gcfv2","labels":{},"eventTrigger":{"eventType":"google.cloud.firestore.document.v1.created","eventFilters":{"database":"(default)","namespace":"(default)"},"eventFilterPathPatterns":{"document":"Appointments/{documentId}"},"retry":false},"entryPoint":"sendEmail"}},"specVersion":"v1alpha1","requiredAPIs":[],"extensions":{}}
[debug] [2025-02-26T21:27:01.168Z] defaultcredentials: writing to file C:\Users\night\AppData\Roaming\firebase\sharjananstaniculas_gmail_com_application_default_credentials.json
[debug] [2025-02-26T21:27:01.168Z] Setting GAC to C:\Users\night\AppData\Roaming\firebase\sharjananstaniculas_gmail_com_application_default_credentials.json {"metadata":{"emulator":{"name":"functions"},"message":"Setting GAC to C:\\Users\\night\\AppData\\Roaming\\firebase\\sharjananstaniculas_gmail_com_application_default_credentials.json"}}
[info] +  functions: Loaded functions definitions from source: submit, sendEmail. {"metadata":{"emulator":{"name":"functions"},"message":"Loaded functions definitions from source: submit, sendEmail."}}
[debug] [2025-02-26T21:27:01.170Z] [worker-pool] Shutting down IDLE worker (us-central1-submit) {"metadata":{"emulator":{"name":"functions"},"message":"[worker-pool] Shutting down IDLE worker (us-central1-submit)"}}
[debug] [2025-02-26T21:27:01.170Z] [worker-us-central1-submit-cfeacdff-b93a-49ab-a86a-0f531048e716]: FINISHING {"metadata":{"emulator":{"name":"functions"},"function":{"name":"us-central1-submit"},"extension":{},"message":"[worker-us-central1-submit-cfeacdff-b93a-49ab-a86a-0f531048e716]: FINISHING"}}
[debug] [2025-02-26T21:27:01.170Z] [worker-pool] Shutting down IDLE worker (us-central1-sendEmail) {"metadata":{"emulator":{"name":"functions"},"message":"[worker-pool] Shutting down IDLE worker (us-central1-sendEmail)"}}
[debug] [2025-02-26T21:27:01.170Z] [worker-us-central1-sendEmail-f8df2938-910b-46a9-8228-5dee0b78d33b]: FINISHING {"metadata":{"emulator":{"name":"functions"},"function":{"name":"us-central1-sendEmail"},"extension":{},"message":"[worker-us-central1-sendEmail-f8df2938-910b-46a9-8228-5dee0b78d33b]: FINISHING"}}
[debug] [2025-02-26T21:27:01.173Z] Feb. 26, 2025 4:27:01 P.M. io.netty.channel.DefaultChannelPipeline onUnhandledInboundException
WARNING: An exceptionCaught() event was fired, and it reached at the tail of the pipeline. It usually means the last handler in the pipeline did not handle the exception.
java.net.SocketException: Connection reset
	at java.base/sun.nio.ch.SocketChannelImpl.throwConnectionReset(SocketChannelImpl.java:394)
	at java.base/sun.nio.ch.SocketChannelImpl.read(SocketChannelImpl.java:426)
	at io.netty.buffer.PooledByteBuf.setBytes(PooledByteBuf.java:255)
	at io.netty.buffer.AbstractByteBuf.writeBytes(AbstractByteBuf.java:1132)
	at io.netty.channel.socket.nio.NioSocketChannel.doReadBytes(NioSocketChannel.java:356)
	at io.netty.channel.nio.AbstractNioByteChannel$NioByteUnsafe.read(AbstractNioByteChannel.java:151)
	at io.netty.channel.nio.NioEventLoop.processSelectedKey(NioEventLoop.java:788)
	at io.netty.channel.nio.NioEventLoop.processSelectedKeysOptimized(NioEventLoop.java:724)
	at io.netty.channel.nio.NioEventLoop.processSelectedKeys(NioEventLoop.java:650)
	at io.netty.channel.nio.NioEventLoop.run(NioEventLoop.java:562)
	at io.netty.util.concurrent.SingleThreadEventExecutor$4.run(SingleThreadEventExecutor.java:994)
	at io.netty.util.internal.ThreadExecutorMap$2.run(ThreadExecutorMap.java:74)
	at io.netty.util.concurrent.FastThreadLocalRunnable.run(FastThreadLocalRunnable.java:30)
	at java.base/java.lang.Thread.run(Thread.java:842)

 {"metadata":{"emulator":{"name":"firestore"},"message":"Feb. 26, 2025 4:27:01 P.M. io.netty.channel.DefaultChannelPipeline onUnhandledInboundException\r\nWARNING: An exceptionCaught() event was fired, and it reached at the tail of the pipeline. It usually means the last handler in the pipeline did not handle the exception.\r\njava.net.SocketException: Connection reset\r\n\tat java.base/sun.nio.ch.SocketChannelImpl.throwConnectionReset(SocketChannelImpl.java:394)\r\n\tat java.base/sun.nio.ch.SocketChannelImpl.read(SocketChannelImpl.java:426)\r\n\tat io.netty.buffer.PooledByteBuf.setBytes(PooledByteBuf.java:255)\r\n\tat io.netty.buffer.AbstractByteBuf.writeBytes(AbstractByteBuf.java:1132)\r\n\tat io.netty.channel.socket.nio.NioSocketChannel.doReadBytes(NioSocketChannel.java:356)\r\n\tat io.netty.channel.nio.AbstractNioByteChannel$NioByteUnsafe.read(AbstractNioByteChannel.java:151)\r\n\tat io.netty.channel.nio.NioEventLoop.processSelectedKey(NioEventLoop.java:788)\r\n\tat io.netty.channel.nio.NioEventLoop.processSelectedKeysOptimized(NioEventLoop.java:724)\r\n\tat io.netty.channel.nio.NioEventLoop.processSelectedKeys(NioEventLoop.java:650)\r\n\tat io.netty.channel.nio.NioEventLoop.run(NioEventLoop.java:562)\r\n\tat io.netty.util.concurrent.SingleThreadEventExecutor$4.run(SingleThreadEventExecutor.java:994)\r\n\tat io.netty.util.internal.ThreadExecutorMap$2.run(ThreadExecutorMap.java:74)\r\n\tat io.netty.util.concurrent.FastThreadLocalRunnable.run(FastThreadLocalRunnable.java:30)\r\n\tat java.base/java.lang.Thread.run(Thread.java:842)\r\n\r\n"}}
[debug] [2025-02-26T21:27:01.181Z] [worker-us-central1-sendEmail-f8df2938-910b-46a9-8228-5dee0b78d33b]: exited {"metadata":{"emulator":{"name":"functions"},"function":{"name":"us-central1-sendEmail"},"extension":{},"message":"[worker-us-central1-sendEmail-f8df2938-910b-46a9-8228-5dee0b78d33b]: exited"}}
[debug] [2025-02-26T21:27:01.181Z] [worker-us-central1-sendEmail-f8df2938-910b-46a9-8228-5dee0b78d33b]: FINISHED {"metadata":{"emulator":{"name":"functions"},"function":{"name":"us-central1-sendEmail"},"extension":{},"message":"[worker-us-central1-sendEmail-f8df2938-910b-46a9-8228-5dee0b78d33b]: FINISHED"}}
[debug] [2025-02-26T21:27:01.182Z] [worker-us-central1-submit-cfeacdff-b93a-49ab-a86a-0f531048e716]: exited {"metadata":{"emulator":{"name":"functions"},"function":{"name":"us-central1-submit"},"extension":{},"message":"[worker-us-central1-submit-cfeacdff-b93a-49ab-a86a-0f531048e716]: exited"}}
[debug] [2025-02-26T21:27:01.182Z] [worker-us-central1-submit-cfeacdff-b93a-49ab-a86a-0f531048e716]: FINISHED {"metadata":{"emulator":{"name":"functions"},"function":{"name":"us-central1-submit"},"extension":{},"message":"[worker-us-central1-submit-cfeacdff-b93a-49ab-a86a-0f531048e716]: FINISHED"}}
[debug] [2025-02-26T21:27:12.382Z] Feb. 26, 2025 4:27:12 P.M. io.gapi.emulators.netty.HttpVersionRoutingHandler channelRead
INFO: Detected non-HTTP/2 connection.
 {"metadata":{"emulator":{"name":"firestore"},"message":"Feb. 26, 2025 4:27:12 P.M. io.gapi.emulators.netty.HttpVersionRoutingHandler channelRead\r\nINFO: Detected non-HTTP/2 connection.\r\n"}}
[debug] [2025-02-26T21:28:12.395Z] Feb. 26, 2025 4:28:12 P.M. io.gapi.emulators.netty.HttpVersionRoutingHandler channelRead
INFO: Detected non-HTTP/2 connection.
 {"metadata":{"emulator":{"name":"firestore"},"message":"Feb. 26, 2025 4:28:12 P.M. io.gapi.emulators.netty.HttpVersionRoutingHandler channelRead\r\nINFO: Detected non-HTTP/2 connection.\r\n"}}
[debug] [2025-02-26T21:29:12.409Z] Feb. 26, 2025 4:29:12 P.M. io.gapi.emulators.netty.HttpVersionRoutingHandler channelRead
INFO: Detected non-HTTP/2 connection.
 {"metadata":{"emulator":{"name":"firestore"},"message":"Feb. 26, 2025 4:29:12 P.M. io.gapi.emulators.netty.HttpVersionRoutingHandler channelRead\r\nINFO: Detected non-HTTP/2 connection.\r\n"}}
[debug] [2025-02-26T21:30:12.424Z] Feb. 26, 2025 4:30:12 P.M. io.gapi.emulators.netty.HttpVersionRoutingHandler channelRead
INFO: Detected non-HTTP/2 connection.
 {"metadata":{"emulator":{"name":"firestore"},"message":"Feb. 26, 2025 4:30:12 P.M. io.gapi.emulators.netty.HttpVersionRoutingHandler channelRead\r\nINFO: Detected non-HTTP/2 connection.\r\n"}}
[debug] [2025-02-26T21:30:52.565Z] Feb. 26, 2025 4:30:52 P.M. io.gapi.emulators.netty.HttpVersionRoutingHandler channelRead
INFO: Detected non-HTTP/2 connection.
 {"metadata":{"emulator":{"name":"firestore"},"message":"Feb. 26, 2025 4:30:52 P.M. io.gapi.emulators.netty.HttpVersionRoutingHandler channelRead\r\nINFO: Detected non-HTTP/2 connection.\r\n"}}
[debug] [2025-02-26T21:30:52.571Z] Feb. 26, 2025 4:30:52 P.M. io.gapi.emulators.netty.HttpVersionRoutingHandler channelRead
INFO: Detected non-HTTP/2 connection.
 {"metadata":{"emulator":{"name":"firestore"},"message":"Feb. 26, 2025 4:30:52 P.M. io.gapi.emulators.netty.HttpVersionRoutingHandler channelRead\r\nINFO: Detected non-HTTP/2 connection.\r\n"}}
[debug] [2025-02-26T21:30:52.585Z] Feb. 26, 2025 4:30:52 P.M. io.gapi.emulators.netty.HttpVersionRoutingHandler channelRead
INFO: Detected non-HTTP/2 connection.
 {"metadata":{"emulator":{"name":"firestore"},"message":"Feb. 26, 2025 4:30:52 P.M. io.gapi.emulators.netty.HttpVersionRoutingHandler channelRead\r\nINFO: Detected non-HTTP/2 connection.\r\n"}}
[debug] [2025-02-26T21:30:52.588Z] Feb. 26, 2025 4:30:52 P.M. io.gapi.emulators.netty.HttpVersionRoutingHandler channelRead
INFO: Detected HTTP/2 connection.
 {"metadata":{"emulator":{"name":"firestore"},"message":"Feb. 26, 2025 4:30:52 P.M. io.gapi.emulators.netty.HttpVersionRoutingHandler channelRead\r\nINFO: Detected HTTP/2 connection.\r\n"}}
[debug] [2025-02-26T21:30:52.604Z] Feb. 26, 2025 4:30:52 P.M. com.google.cloud.datastore.emulator.firestore.websocket.WebSocketChannelHandler channelClosed
INFO: Websocket client disconnected
 {"metadata":{"emulator":{"name":"firestore"},"message":"Feb. 26, 2025 4:30:52 P.M. com.google.cloud.datastore.emulator.firestore.websocket.WebSocketChannelHandler channelClosed\r\nINFO: Websocket client disconnected\r\n"}}
[debug] [2025-02-26T21:30:52.609Z] Feb. 26, 2025 4:30:52 P.M. com.google.cloud.datastore.emulator.firestore.websocket.WebSocketChannelHandler initChannel
INFO: Connected to new websocket client
 {"metadata":{"emulator":{"name":"firestore"},"message":"Feb. 26, 2025 4:30:52 P.M. com.google.cloud.datastore.emulator.firestore.websocket.WebSocketChannelHandler initChannel\r\nINFO: Connected to new websocket client\r\n"}}
[debug] [2025-02-26T21:30:52.609Z] Feb. 26, 2025 4:30:52 P.M. io.gapi.emulators.netty.HttpVersionRoutingHandler channelRead
INFO: Detected non-HTTP/2 connection.
 {"metadata":{"emulator":{"name":"firestore"},"message":"Feb. 26, 2025 4:30:52 P.M. io.gapi.emulators.netty.HttpVersionRoutingHandler channelRead\r\nINFO: Detected non-HTTP/2 connection.\r\n"}}
[debug] [2025-02-26T21:30:52.616Z] Feb. 26, 2025 4:30:52 P.M. com.google.cloud.datastore.emulator.firestore.webchannel.FirestoreV1WebChannelAdapter$FirestoreListenHandler onClose
INFO: channel closed
 {"metadata":{"emulator":{"name":"firestore"},"message":"Feb. 26, 2025 4:30:52 P.M. com.google.cloud.datastore.emulator.firestore.webchannel.FirestoreV1WebChannelAdapter$FirestoreListenHandler onClose\r\nINFO: channel closed\r\n"}}
[debug] [2025-02-26T21:30:52.644Z] Feb. 26, 2025 4:30:52 P.M. io.gapi.emulators.netty.HttpVersionRoutingHandler channelRead
INFO: Detected non-HTTP/2 connection.
 {"metadata":{"emulator":{"name":"firestore"},"message":"Feb. 26, 2025 4:30:52 P.M. io.gapi.emulators.netty.HttpVersionRoutingHandler channelRead\r\nINFO: Detected non-HTTP/2 connection.\r\n"}}
[debug] [2025-02-26T21:30:52.661Z] Feb. 26, 2025 4:30:52 P.M. io.gapi.emulators.netty.HttpVersionRoutingHandler channelRead
INFO: Detected non-HTTP/2 connection.
 {"metadata":{"emulator":{"name":"firestore"},"message":"Feb. 26, 2025 4:30:52 P.M. io.gapi.emulators.netty.HttpVersionRoutingHandler channelRead\r\nINFO: Detected non-HTTP/2 connection.\r\n"}}
[debug] [2025-02-26T21:30:52.671Z] Feb. 26, 2025 4:30:52 P.M. io.gapi.emulators.netty.HttpVersionRoutingHandler channelRead
INFO: Detected non-HTTP/2 connection.
 {"metadata":{"emulator":{"name":"firestore"},"message":"Feb. 26, 2025 4:30:52 P.M. io.gapi.emulators.netty.HttpVersionRoutingHandler channelRead\r\nINFO: Detected non-HTTP/2 connection.\r\n"}}
[debug] [2025-02-26T21:31:52.685Z] Feb. 26, 2025 4:31:52 P.M. io.gapi.emulators.netty.HttpVersionRoutingHandler channelRead
INFO: Detected non-HTTP/2 connection.
 {"metadata":{"emulator":{"name":"firestore"},"message":"Feb. 26, 2025 4:31:52 P.M. io.gapi.emulators.netty.HttpVersionRoutingHandler channelRead\r\nINFO: Detected non-HTTP/2 connection.\r\n"}}
[debug] [2025-02-26T21:32:52.705Z] Feb. 26, 2025 4:32:52 P.M. io.gapi.emulators.netty.HttpVersionRoutingHandler channelRead
INFO: Detected non-HTTP/2 connection.
 {"metadata":{"emulator":{"name":"firestore"},"message":"Feb. 26, 2025 4:32:52 P.M. io.gapi.emulators.netty.HttpVersionRoutingHandler channelRead\r\nINFO: Detected non-HTTP/2 connection.\r\n"}}
[debug] [2025-02-26T21:33:52.713Z] Feb. 26, 2025 4:33:52 P.M. io.gapi.emulators.netty.HttpVersionRoutingHandler channelRead
INFO: Detected non-HTTP/2 connection.
 {"metadata":{"emulator":{"name":"firestore"},"message":"Feb. 26, 2025 4:33:52 P.M. io.gapi.emulators.netty.HttpVersionRoutingHandler channelRead\r\nINFO: Detected non-HTTP/2 connection.\r\n"}}
[debug] [2025-02-26T21:34:52.723Z] Feb. 26, 2025 4:34:52 P.M. io.gapi.emulators.netty.HttpVersionRoutingHandler channelRead
INFO: Detected non-HTTP/2 connection.
 {"metadata":{"emulator":{"name":"firestore"},"message":"Feb. 26, 2025 4:34:52 P.M. io.gapi.emulators.netty.HttpVersionRoutingHandler channelRead\r\nINFO: Detected non-HTTP/2 connection.\r\n"}}
[debug] [2025-02-26T21:35:52.741Z] Feb. 26, 2025 4:35:52 P.M. io.gapi.emulators.netty.HttpVersionRoutingHandler channelRead
INFO: Detected non-HTTP/2 connection.
 {"metadata":{"emulator":{"name":"firestore"},"message":"Feb. 26, 2025 4:35:52 P.M. io.gapi.emulators.netty.HttpVersionRoutingHandler channelRead\r\nINFO: Detected non-HTTP/2 connection.\r\n"}}
[debug] [2025-02-26T21:36:52.759Z] Feb. 26, 2025 4:36:52 P.M. io.gapi.emulators.netty.HttpVersionRoutingHandler channelRead
INFO: Detected non-HTTP/2 connection.
 {"metadata":{"emulator":{"name":"firestore"},"message":"Feb. 26, 2025 4:36:52 P.M. io.gapi.emulators.netty.HttpVersionRoutingHandler channelRead\r\nINFO: Detected non-HTTP/2 connection.\r\n"}}
[debug] [2025-02-26T21:37:30.717Z] File C:\Users\night\Documents\GitHub\speedy\my-app\functions\index.js changed, reloading triggers {"metadata":{"emulator":{"name":"functions"},"message":"File C:\\Users\\night\\Documents\\GitHub\\speedy\\my-app\\functions\\index.js changed, reloading triggers"}}
[debug] [2025-02-26T21:37:31.718Z] Validating nodejs source
[debug] [2025-02-26T21:37:32.695Z] > [functions] package.json contents: {
  "name": "functions",
  "description": "Cloud Functions for Firebase",
  "scripts": {
    "serve": "firebase emulators:start --only functions",
    "shell": "firebase functions:shell",
    "start": "npm run shell",
    "deploy": "firebase deploy --only functions",
    "logs": "firebase functions:log"
  },
  "engines": {
    "node": "22"
  },
  "main": "index.js",
  "dependencies": {
    "firebase-admin": "^12.6.0",
    "firebase-functions": "^6.0.1"
  },
  "devDependencies": {
    "firebase-functions-test": "^3.1.0"
  },
  "private": true
}
[debug] [2025-02-26T21:37:32.695Z] Building nodejs source
[debug] [2025-02-26T21:37:32.695Z] Failed to find version of module node: reached end of search path C:\Users\night\Documents\GitHub\speedy\my-app\functions\node_modules
[warn] !  functions: Your requested "node" version "22" doesn't match your global version "20". Using node@20 from host. 
[info] i  functions: Loaded environment variables from .env. 
[debug] [2025-02-26T21:37:32.697Z] Could not find functions.yaml. Must use http discovery
[debug] [2025-02-26T21:37:32.701Z] Found firebase-functions binary at 'C:\Users\night\Documents\GitHub\speedy\my-app\functions\node_modules\.bin\firebase-functions'
[info] Serving at port 8581

[debug] [2025-02-26T21:37:33.134Z] Got response from /__/functions.yaml {"endpoints":{"submit":{"availableMemoryMb":null,"timeoutSeconds":null,"minInstances":null,"maxInstances":null,"ingressSettings":null,"concurrency":null,"serviceAccountEmail":null,"vpc":null,"platform":"gcfv2","labels":{},"httpsTrigger":{},"entryPoint":"submit"},"sendEmail":{"availableMemoryMb":null,"timeoutSeconds":null,"minInstances":null,"maxInstances":null,"ingressSettings":null,"concurrency":null,"serviceAccountEmail":null,"vpc":null,"platform":"gcfv2","labels":{},"eventTrigger":{"eventType":"google.cloud.firestore.document.v1.created","eventFilters":{"database":"(default)","namespace":"(default)"},"eventFilterPathPatterns":{"document":"Appointments/{documentId}"},"retry":false},"entryPoint":"sendEmail"}},"specVersion":"v1alpha1","requiredAPIs":[],"extensions":{}}
[debug] [2025-02-26T21:37:38.158Z] defaultcredentials: writing to file C:\Users\night\AppData\Roaming\firebase\sharjananstaniculas_gmail_com_application_default_credentials.json
[debug] [2025-02-26T21:37:38.159Z] Setting GAC to C:\Users\night\AppData\Roaming\firebase\sharjananstaniculas_gmail_com_application_default_credentials.json {"metadata":{"emulator":{"name":"functions"},"message":"Setting GAC to C:\\Users\\night\\AppData\\Roaming\\firebase\\sharjananstaniculas_gmail_com_application_default_credentials.json"}}
[info] +  functions: Loaded functions definitions from source: submit, sendEmail. {"metadata":{"emulator":{"name":"functions"},"message":"Loaded functions definitions from source: submit, sendEmail."}}
[debug] [2025-02-26T21:37:52.777Z] Feb. 26, 2025 4:37:52 P.M. io.gapi.emulators.netty.HttpVersionRoutingHandler channelRead
INFO: Detected non-HTTP/2 connection.
 {"metadata":{"emulator":{"name":"firestore"},"message":"Feb. 26, 2025 4:37:52 P.M. io.gapi.emulators.netty.HttpVersionRoutingHandler channelRead\r\nINFO: Detected non-HTTP/2 connection.\r\n"}}
[debug] [2025-02-26T21:38:52.817Z] Feb. 26, 2025 4:38:52 P.M. io.gapi.emulators.netty.HttpVersionRoutingHandler channelRead
INFO: Detected non-HTTP/2 connection.
 {"metadata":{"emulator":{"name":"firestore"},"message":"Feb. 26, 2025 4:38:52 P.M. io.gapi.emulators.netty.HttpVersionRoutingHandler channelRead\r\nINFO: Detected non-HTTP/2 connection.\r\n"}}
[debug] [2025-02-26T21:39:52.846Z] Feb. 26, 2025 4:39:52 P.M. io.gapi.emulators.netty.HttpVersionRoutingHandler channelRead
INFO: Detected non-HTTP/2 connection.
 {"metadata":{"emulator":{"name":"firestore"},"message":"Feb. 26, 2025 4:39:52 P.M. io.gapi.emulators.netty.HttpVersionRoutingHandler channelRead\r\nINFO: Detected non-HTTP/2 connection.\r\n"}}
[debug] [2025-02-26T21:40:52.864Z] Feb. 26, 2025 4:40:52 P.M. io.gapi.emulators.netty.HttpVersionRoutingHandler channelRead
INFO: Detected non-HTTP/2 connection.
 {"metadata":{"emulator":{"name":"firestore"},"message":"Feb. 26, 2025 4:40:52 P.M. io.gapi.emulators.netty.HttpVersionRoutingHandler channelRead\r\nINFO: Detected non-HTTP/2 connection.\r\n"}}
[debug] [2025-02-26T21:41:52.882Z] Feb. 26, 2025 4:41:52 P.M. io.gapi.emulators.netty.HttpVersionRoutingHandler channelRead
INFO: Detected non-HTTP/2 connection.
 {"metadata":{"emulator":{"name":"firestore"},"message":"Feb. 26, 2025 4:41:52 P.M. io.gapi.emulators.netty.HttpVersionRoutingHandler channelRead\r\nINFO: Detected non-HTTP/2 connection.\r\n"}}
[debug] [2025-02-26T21:42:52.900Z] Feb. 26, 2025 4:42:52 P.M. io.gapi.emulators.netty.HttpVersionRoutingHandler channelRead
INFO: Detected non-HTTP/2 connection.
 {"metadata":{"emulator":{"name":"firestore"},"message":"Feb. 26, 2025 4:42:52 P.M. io.gapi.emulators.netty.HttpVersionRoutingHandler channelRead\r\nINFO: Detected non-HTTP/2 connection.\r\n"}}
[debug] [2025-02-26T21:43:52.935Z] Feb. 26, 2025 4:43:52 P.M. io.gapi.emulators.netty.HttpVersionRoutingHandler channelRead
INFO: Detected non-HTTP/2 connection.
 {"metadata":{"emulator":{"name":"firestore"},"message":"Feb. 26, 2025 4:43:52 P.M. io.gapi.emulators.netty.HttpVersionRoutingHandler channelRead\r\nINFO: Detected non-HTTP/2 connection.\r\n"}}
[debug] [2025-02-26T21:44:52.957Z] Feb. 26, 2025 4:44:52 P.M. io.gapi.emulators.netty.HttpVersionRoutingHandler channelRead
INFO: Detected non-HTTP/2 connection.
 {"metadata":{"emulator":{"name":"firestore"},"message":"Feb. 26, 2025 4:44:52 P.M. io.gapi.emulators.netty.HttpVersionRoutingHandler channelRead\r\nINFO: Detected non-HTTP/2 connection.\r\n"}}
[debug] [2025-02-26T21:45:53.004Z] Feb. 26, 2025 4:45:53 P.M. io.gapi.emulators.netty.HttpVersionRoutingHandler channelRead
INFO: Detected non-HTTP/2 connection.
 {"metadata":{"emulator":{"name":"firestore"},"message":"Feb. 26, 2025 4:45:53 P.M. io.gapi.emulators.netty.HttpVersionRoutingHandler channelRead\r\nINFO: Detected non-HTTP/2 connection.\r\n"}}
[debug] [2025-02-26T21:46:53.006Z] Feb. 26, 2025 4:46:53 P.M. io.gapi.emulators.netty.HttpVersionRoutingHandler channelRead
INFO: Detected non-HTTP/2 connection.
 {"metadata":{"emulator":{"name":"firestore"},"message":"Feb. 26, 2025 4:46:53 P.M. io.gapi.emulators.netty.HttpVersionRoutingHandler channelRead\r\nINFO: Detected non-HTTP/2 connection.\r\n"}}
[debug] [2025-02-26T21:47:53.040Z] Feb. 26, 2025 4:47:53 P.M. io.gapi.emulators.netty.HttpVersionRoutingHandler channelRead
INFO: Detected non-HTTP/2 connection.
 {"metadata":{"emulator":{"name":"firestore"},"message":"Feb. 26, 2025 4:47:53 P.M. io.gapi.emulators.netty.HttpVersionRoutingHandler channelRead\r\nINFO: Detected non-HTTP/2 connection.\r\n"}}
[debug] [2025-02-26T21:48:38.246Z] Feb. 26, 2025 4:48:38 P.M. io.gapi.emulators.netty.HttpVersionRoutingHandler channelRead
INFO: Detected non-HTTP/2 connection.
 {"metadata":{"emulator":{"name":"firestore"},"message":"Feb. 26, 2025 4:48:38 P.M. io.gapi.emulators.netty.HttpVersionRoutingHandler channelRead\r\nINFO: Detected non-HTTP/2 connection.\r\n"}}
[debug] [2025-02-26T21:49:38.281Z] Feb. 26, 2025 4:49:38 P.M. io.gapi.emulators.netty.HttpVersionRoutingHandler channelRead
INFO: Detected non-HTTP/2 connection.
 {"metadata":{"emulator":{"name":"firestore"},"message":"Feb. 26, 2025 4:49:38 P.M. io.gapi.emulators.netty.HttpVersionRoutingHandler channelRead\r\nINFO: Detected non-HTTP/2 connection.\r\n"}}
[debug] [2025-02-26T21:50:38.299Z] Feb. 26, 2025 4:50:38 P.M. io.gapi.emulators.netty.HttpVersionRoutingHandler channelRead
INFO: Detected non-HTTP/2 connection.
 {"metadata":{"emulator":{"name":"firestore"},"message":"Feb. 26, 2025 4:50:38 P.M. io.gapi.emulators.netty.HttpVersionRoutingHandler channelRead\r\nINFO: Detected non-HTTP/2 connection.\r\n"}}
[debug] [2025-02-26T21:51:38.316Z] Feb. 26, 2025 4:51:38 P.M. io.gapi.emulators.netty.HttpVersionRoutingHandler channelRead
INFO: Detected non-HTTP/2 connection.
 {"metadata":{"emulator":{"name":"firestore"},"message":"Feb. 26, 2025 4:51:38 P.M. io.gapi.emulators.netty.HttpVersionRoutingHandler channelRead\r\nINFO: Detected non-HTTP/2 connection.\r\n"}}
[debug] [2025-02-26T21:52:38.335Z] Feb. 26, 2025 4:52:38 P.M. io.gapi.emulators.netty.HttpVersionRoutingHandler channelRead
INFO: Detected non-HTTP/2 connection.
 {"metadata":{"emulator":{"name":"firestore"},"message":"Feb. 26, 2025 4:52:38 P.M. io.gapi.emulators.netty.HttpVersionRoutingHandler channelRead\r\nINFO: Detected non-HTTP/2 connection.\r\n"}}
[debug] [2025-02-26T21:53:38.352Z] Feb. 26, 2025 4:53:38 P.M. io.gapi.emulators.netty.HttpVersionRoutingHandler channelRead
INFO: Detected non-HTTP/2 connection.
 {"metadata":{"emulator":{"name":"firestore"},"message":"Feb. 26, 2025 4:53:38 P.M. io.gapi.emulators.netty.HttpVersionRoutingHandler channelRead\r\nINFO: Detected non-HTTP/2 connection.\r\n"}}
[debug] [2025-02-26T21:54:38.378Z] Feb. 26, 2025 4:54:38 P.M. io.gapi.emulators.netty.HttpVersionRoutingHandler channelRead
INFO: Detected non-HTTP/2 connection.
 {"metadata":{"emulator":{"name":"firestore"},"message":"Feb. 26, 2025 4:54:38 P.M. io.gapi.emulators.netty.HttpVersionRoutingHandler channelRead\r\nINFO: Detected non-HTTP/2 connection.\r\n"}}
[debug] [2025-02-26T21:55:38.417Z] Feb. 26, 2025 4:55:38 P.M. io.gapi.emulators.netty.HttpVersionRoutingHandler channelRead
INFO: Detected non-HTTP/2 connection.
 {"metadata":{"emulator":{"name":"firestore"},"message":"Feb. 26, 2025 4:55:38 P.M. io.gapi.emulators.netty.HttpVersionRoutingHandler channelRead\r\nINFO: Detected non-HTTP/2 connection.\r\n"}}
[debug] [2025-02-26T21:56:38.425Z] Feb. 26, 2025 4:56:38 P.M. io.gapi.emulators.netty.HttpVersionRoutingHandler channelRead
INFO: Detected non-HTTP/2 connection.
 {"metadata":{"emulator":{"name":"firestore"},"message":"Feb. 26, 2025 4:56:38 P.M. io.gapi.emulators.netty.HttpVersionRoutingHandler channelRead\r\nINFO: Detected non-HTTP/2 connection.\r\n"}}
[debug] [2025-02-26T21:57:10.210Z] File C:\Users\night\Documents\GitHub\speedy\my-app\functions\index.js changed, reloading triggers {"metadata":{"emulator":{"name":"functions"},"message":"File C:\\Users\\night\\Documents\\GitHub\\speedy\\my-app\\functions\\index.js changed, reloading triggers"}}
[debug] [2025-02-26T21:57:11.227Z] Validating nodejs source
[debug] [2025-02-26T21:57:12.235Z] > [functions] package.json contents: {
  "name": "functions",
  "description": "Cloud Functions for Firebase",
  "scripts": {
    "serve": "firebase emulators:start --only functions",
    "shell": "firebase functions:shell",
    "start": "npm run shell",
    "deploy": "firebase deploy --only functions",
    "logs": "firebase functions:log"
  },
  "engines": {
    "node": "22"
  },
  "main": "index.js",
  "dependencies": {
    "firebase-admin": "^12.6.0",
    "firebase-functions": "^6.0.1"
  },
  "devDependencies": {
    "firebase-functions-test": "^3.1.0"
  },
  "private": true
}
[debug] [2025-02-26T21:57:12.235Z] Building nodejs source
[debug] [2025-02-26T21:57:12.235Z] Failed to find version of module node: reached end of search path C:\Users\night\Documents\GitHub\speedy\my-app\functions\node_modules
[warn] !  functions: Your requested "node" version "22" doesn't match your global version "20". Using node@20 from host. 
[info] i  functions: Loaded environment variables from .env. 
[debug] [2025-02-26T21:57:12.237Z] Could not find functions.yaml. Must use http discovery
[debug] [2025-02-26T21:57:12.242Z] Found firebase-functions binary at 'C:\Users\night\Documents\GitHub\speedy\my-app\functions\node_modules\.bin\firebase-functions'
[info] Serving at port 8610

[debug] [2025-02-26T21:57:12.795Z] Got response from /__/functions.yaml {"endpoints":{"submit":{"availableMemoryMb":null,"timeoutSeconds":null,"minInstances":null,"maxInstances":null,"ingressSettings":null,"concurrency":null,"serviceAccountEmail":null,"vpc":null,"platform":"gcfv2","labels":{},"httpsTrigger":{},"entryPoint":"submit"},"sendEmail":{"availableMemoryMb":null,"timeoutSeconds":null,"minInstances":null,"maxInstances":null,"ingressSettings":null,"concurrency":null,"serviceAccountEmail":null,"vpc":null,"platform":"gcfv2","labels":{},"eventTrigger":{"eventType":"google.cloud.firestore.document.v1.created","eventFilters":{"database":"(default)","namespace":"(default)"},"eventFilterPathPatterns":{"document":"Appointments/{documentId}"},"retry":false},"entryPoint":"sendEmail"}},"specVersion":"v1alpha1","requiredAPIs":[],"extensions":{}}
[debug] [2025-02-26T21:57:17.816Z] defaultcredentials: writing to file C:\Users\night\AppData\Roaming\firebase\sharjananstaniculas_gmail_com_application_default_credentials.json
[debug] [2025-02-26T21:57:17.817Z] Setting GAC to C:\Users\night\AppData\Roaming\firebase\sharjananstaniculas_gmail_com_application_default_credentials.json {"metadata":{"emulator":{"name":"functions"},"message":"Setting GAC to C:\\Users\\night\\AppData\\Roaming\\firebase\\sharjananstaniculas_gmail_com_application_default_credentials.json"}}
[info] +  functions: Loaded functions definitions from source: submit, sendEmail. {"metadata":{"emulator":{"name":"functions"},"message":"Loaded functions definitions from source: submit, sendEmail."}}
[debug] [2025-02-26T21:57:29.964Z] File C:\Users\night\Documents\GitHub\speedy\my-app\functions\index.js changed, reloading triggers {"metadata":{"emulator":{"name":"functions"},"message":"File C:\\Users\\night\\Documents\\GitHub\\speedy\\my-app\\functions\\index.js changed, reloading triggers"}}
[debug] [2025-02-26T21:57:30.972Z] Validating nodejs source
[debug] [2025-02-26T21:57:31.970Z] > [functions] package.json contents: {
  "name": "functions",
  "description": "Cloud Functions for Firebase",
  "scripts": {
    "serve": "firebase emulators:start --only functions",
    "shell": "firebase functions:shell",
    "start": "npm run shell",
    "deploy": "firebase deploy --only functions",
    "logs": "firebase functions:log"
  },
  "engines": {
    "node": "22"
  },
  "main": "index.js",
  "dependencies": {
    "firebase-admin": "^12.6.0",
    "firebase-functions": "^6.0.1"
  },
  "devDependencies": {
    "firebase-functions-test": "^3.1.0"
  },
  "private": true
}
[debug] [2025-02-26T21:57:31.971Z] Building nodejs source
[debug] [2025-02-26T21:57:31.971Z] Failed to find version of module node: reached end of search path C:\Users\night\Documents\GitHub\speedy\my-app\functions\node_modules
[warn] !  functions: Your requested "node" version "22" doesn't match your global version "20". Using node@20 from host. 
[info] i  functions: Loaded environment variables from .env. 
[debug] [2025-02-26T21:57:31.973Z] Could not find functions.yaml. Must use http discovery
[debug] [2025-02-26T21:57:31.977Z] Found firebase-functions binary at 'C:\Users\night\Documents\GitHub\speedy\my-app\functions\node_modules\.bin\firebase-functions'
[info] Serving at port 8628

[debug] [2025-02-26T21:57:32.438Z] Got response from /__/functions.yaml {"endpoints":{"submit":{"availableMemoryMb":null,"timeoutSeconds":null,"minInstances":null,"maxInstances":null,"ingressSettings":null,"concurrency":null,"serviceAccountEmail":null,"vpc":null,"platform":"gcfv2","labels":{},"httpsTrigger":{},"entryPoint":"submit"},"sendEmail":{"availableMemoryMb":null,"timeoutSeconds":null,"minInstances":null,"maxInstances":null,"ingressSettings":null,"concurrency":null,"serviceAccountEmail":null,"vpc":null,"platform":"gcfv2","labels":{},"eventTrigger":{"eventType":"google.cloud.firestore.document.v1.created","eventFilters":{"database":"(default)","namespace":"(default)"},"eventFilterPathPatterns":{"document":"Appointments/{documentId}"},"retry":false},"entryPoint":"sendEmail"}},"specVersion":"v1alpha1","requiredAPIs":[],"extensions":{}}
[debug] [2025-02-26T21:57:37.466Z] defaultcredentials: writing to file C:\Users\night\AppData\Roaming\firebase\sharjananstaniculas_gmail_com_application_default_credentials.json
[debug] [2025-02-26T21:57:37.467Z] Setting GAC to C:\Users\night\AppData\Roaming\firebase\sharjananstaniculas_gmail_com_application_default_credentials.json {"metadata":{"emulator":{"name":"functions"},"message":"Setting GAC to C:\\Users\\night\\AppData\\Roaming\\firebase\\sharjananstaniculas_gmail_com_application_default_credentials.json"}}
[info] +  functions: Loaded functions definitions from source: submit, sendEmail. {"metadata":{"emulator":{"name":"functions"},"message":"Loaded functions definitions from source: submit, sendEmail."}}
[debug] [2025-02-26T21:57:54.249Z] Feb. 26, 2025 4:57:54 P.M. io.gapi.emulators.netty.HttpVersionRoutingHandler channelRead
INFO: Detected non-HTTP/2 connection.
 {"metadata":{"emulator":{"name":"firestore"},"message":"Feb. 26, 2025 4:57:54 P.M. io.gapi.emulators.netty.HttpVersionRoutingHandler channelRead\r\nINFO: Detected non-HTTP/2 connection.\r\n"}}
[debug] [2025-02-26T21:58:00.411Z] [work-queue] {"queuedWork":["/speedy-c4155/us-central1/submit-2025-02-26T21:58:00.410Z"],"queueLength":1,"runningWork":[],"workRunningCount":0}
[debug] [2025-02-26T21:58:00.411Z] [work-queue] {"queuedWork":[],"queueLength":0,"runningWork":["/speedy-c4155/us-central1/submit-2025-02-26T21:58:00.410Z"],"workRunningCount":1}
[debug] [2025-02-26T21:58:00.411Z] Accepted request OPTIONS /speedy-c4155/us-central1/submit --> us-central1-submit
[debug] [2025-02-26T21:58:00.412Z] [functions] Runtime ready! Sending request! {"metadata":{"emulator":{"name":"functions"},"message":"[functions] Runtime ready! Sending request!"}}
[debug] [2025-02-26T21:58:00.413Z] [functions] Got req.url=/speedy-c4155/us-central1/submit, mapping to path=/ {"metadata":{"emulator":{"name":"functions"},"message":"[functions] Got req.url=/speedy-c4155/us-central1/submit, mapping to path=/"}}
[debug] [2025-02-26T21:58:00.413Z] [worker-pool] Cleaned up workers for us-central1-submit: 1 --> 0 {"metadata":{"emulator":{"name":"functions"},"message":"[worker-pool] Cleaned up workers for us-central1-submit: 1 --> 0"}}
[debug] [2025-02-26T21:58:00.413Z] [worker-pool] Cleaned up workers for us-central1-sendEmail: 1 --> 0 {"metadata":{"emulator":{"name":"functions"},"message":"[worker-pool] Cleaned up workers for us-central1-sendEmail: 1 --> 0"}}
[info] i  functions: Loaded environment variables from .env. 
[debug] [2025-02-26T21:58:00.418Z] [worker-pool] addWorker(us-central1-submit) {"metadata":{"emulator":{"name":"functions"},"message":"[worker-pool] addWorker(us-central1-submit)"}}
[debug] [2025-02-26T21:58:00.418Z] [worker-pool] Adding worker with key us-central1-submit, total=1 {"metadata":{"emulator":{"name":"functions"},"message":"[worker-pool] Adding worker with key us-central1-submit, total=1"}}
[debug] [2025-02-26T21:58:01.305Z] [runtime-status] [9040] Resolved module firebase-admin {"declared":true,"installed":true,"version":"12.7.0","resolution":"C:\\Users\\night\\Documents\\GitHub\\speedy\\my-app\\functions\\node_modules\\firebase-admin\\lib\\index.js"} {"metadata":{"emulator":{"name":"functions"},"function":{"name":"us-central1-submit"},"extension":{},"message":"[runtime-status] [9040] Resolved module firebase-admin {\"declared\":true,\"installed\":true,\"version\":\"12.7.0\",\"resolution\":\"C:\\\\Users\\\\night\\\\Documents\\\\GitHub\\\\speedy\\\\my-app\\\\functions\\\\node_modules\\\\firebase-admin\\\\lib\\\\index.js\"}"}}
[debug] [2025-02-26T21:58:01.305Z] [runtime-status] [9040] Resolved module firebase-functions {"declared":true,"installed":true,"version":"6.3.2","resolution":"C:\\Users\\night\\Documents\\GitHub\\speedy\\my-app\\functions\\node_modules\\firebase-functions\\lib\\v2\\index.js"} {"metadata":{"emulator":{"name":"functions"},"function":{"name":"us-central1-submit"},"extension":{},"message":"[runtime-status] [9040] Resolved module firebase-functions {\"declared\":true,\"installed\":true,\"version\":\"6.3.2\",\"resolution\":\"C:\\\\Users\\\\night\\\\Documents\\\\GitHub\\\\speedy\\\\my-app\\\\functions\\\\node_modules\\\\firebase-functions\\\\lib\\\\v2\\\\index.js\"}"}}
[debug] [2025-02-26T21:58:01.306Z] [runtime-status] [9040] Outgoing network have been stubbed. [{"name":"http","status":"mocked"},{"name":"http","status":"mocked"},{"name":"https","status":"mocked"},{"name":"https","status":"mocked"},{"name":"net","status":"mocked"}] {"metadata":{"emulator":{"name":"functions"},"function":{"name":"us-central1-submit"},"extension":{},"message":"[runtime-status] [9040] Outgoing network have been stubbed. [{\"name\":\"http\",\"status\":\"mocked\"},{\"name\":\"http\",\"status\":\"mocked\"},{\"name\":\"https\",\"status\":\"mocked\"},{\"name\":\"https\",\"status\":\"mocked\"},{\"name\":\"net\",\"status\":\"mocked\"}]"}}
[debug] [2025-02-26T21:58:01.306Z] [runtime-status] [9040] Resolved module firebase-functions {"declared":true,"installed":true,"version":"6.3.2","resolution":"C:\\Users\\night\\Documents\\GitHub\\speedy\\my-app\\functions\\node_modules\\firebase-functions\\lib\\v2\\index.js"} {"metadata":{"emulator":{"name":"functions"},"function":{"name":"us-central1-submit"},"extension":{},"message":"[runtime-status] [9040] Resolved module firebase-functions {\"declared\":true,\"installed\":true,\"version\":\"6.3.2\",\"resolution\":\"C:\\\\Users\\\\night\\\\Documents\\\\GitHub\\\\speedy\\\\my-app\\\\functions\\\\node_modules\\\\firebase-functions\\\\lib\\\\v2\\\\index.js\"}"}}
[debug] [2025-02-26T21:58:01.480Z] [runtime-status] [9040] Checked functions.config() {"config":{}} {"metadata":{"emulator":{"name":"functions"},"function":{"name":"us-central1-submit"},"extension":{},"message":"[runtime-status] [9040] Checked functions.config() {\"config\":{}}"}}
[debug] [2025-02-26T21:58:01.481Z] [runtime-status] [9040] firebase-functions has been stubbed. {"functionsResolution":{"declared":true,"installed":true,"version":"6.3.2","resolution":"C:\\Users\\night\\Documents\\GitHub\\speedy\\my-app\\functions\\node_modules\\firebase-functions\\lib\\v2\\index.js"}} {"metadata":{"emulator":{"name":"functions"},"function":{"name":"us-central1-submit"},"extension":{},"message":"[runtime-status] [9040] firebase-functions has been stubbed. {\"functionsResolution\":{\"declared\":true,\"installed\":true,\"version\":\"6.3.2\",\"resolution\":\"C:\\\\Users\\\\night\\\\Documents\\\\GitHub\\\\speedy\\\\my-app\\\\functions\\\\node_modules\\\\firebase-functions\\\\lib\\\\v2\\\\index.js\"}}"}}
[debug] [2025-02-26T21:58:01.481Z] [runtime-status] [9040] Resolved module firebase-functions {"declared":true,"installed":true,"version":"6.3.2","resolution":"C:\\Users\\night\\Documents\\GitHub\\speedy\\my-app\\functions\\node_modules\\firebase-functions\\lib\\v2\\index.js"} {"metadata":{"emulator":{"name":"functions"},"function":{"name":"us-central1-submit"},"extension":{},"message":"[runtime-status] [9040] Resolved module firebase-functions {\"declared\":true,\"installed\":true,\"version\":\"6.3.2\",\"resolution\":\"C:\\\\Users\\\\night\\\\Documents\\\\GitHub\\\\speedy\\\\my-app\\\\functions\\\\node_modules\\\\firebase-functions\\\\lib\\\\v2\\\\index.js\"}"}}
[debug] [2025-02-26T21:58:01.484Z] [runtime-status] [9040] Resolved module firebase-admin {"declared":true,"installed":true,"version":"12.7.0","resolution":"C:\\Users\\night\\Documents\\GitHub\\speedy\\my-app\\functions\\node_modules\\firebase-admin\\lib\\index.js"} {"metadata":{"emulator":{"name":"functions"},"function":{"name":"us-central1-submit"},"extension":{},"message":"[runtime-status] [9040] Resolved module firebase-admin {\"declared\":true,\"installed\":true,\"version\":\"12.7.0\",\"resolution\":\"C:\\\\Users\\\\night\\\\Documents\\\\GitHub\\\\speedy\\\\my-app\\\\functions\\\\node_modules\\\\firebase-admin\\\\lib\\\\index.js\"}"}}
[debug] [2025-02-26T21:58:01.487Z] [runtime-status] [9040] Resolved module firebase-functions {"declared":true,"installed":true,"version":"6.3.2","resolution":"C:\\Users\\night\\Documents\\GitHub\\speedy\\my-app\\functions\\node_modules\\firebase-functions\\lib\\v2\\index.js"} {"metadata":{"emulator":{"name":"functions"},"function":{"name":"us-central1-submit"},"extension":{},"message":"[runtime-status] [9040] Resolved module firebase-functions {\"declared\":true,\"installed\":true,\"version\":\"6.3.2\",\"resolution\":\"C:\\\\Users\\\\night\\\\Documents\\\\GitHub\\\\speedy\\\\my-app\\\\functions\\\\node_modules\\\\firebase-functions\\\\lib\\\\v2\\\\index.js\"}"}}
[debug] [2025-02-26T21:58:01.488Z] [runtime-status] [9040] firebase-admin has been stubbed. {"adminResolution":{"declared":true,"installed":true,"version":"12.7.0","resolution":"C:\\Users\\night\\Documents\\GitHub\\speedy\\my-app\\functions\\node_modules\\firebase-admin\\lib\\index.js"}} {"metadata":{"emulator":{"name":"functions"},"function":{"name":"us-central1-submit"},"extension":{},"message":"[runtime-status] [9040] firebase-admin has been stubbed. {\"adminResolution\":{\"declared\":true,\"installed\":true,\"version\":\"12.7.0\",\"resolution\":\"C:\\\\Users\\\\night\\\\Documents\\\\GitHub\\\\speedy\\\\my-app\\\\functions\\\\node_modules\\\\firebase-admin\\\\lib\\\\index.js\"}}"}}
[debug] [2025-02-26T21:58:01.537Z] [runtime-status] [9040] Functions runtime initialized. {"cwd":"C:\\Users\\night\\Documents\\GitHub\\speedy\\my-app\\functions","node_version":"20.8.0"} {"metadata":{"emulator":{"name":"functions"},"function":{"name":"us-central1-submit"},"extension":{},"message":"[runtime-status] [9040] Functions runtime initialized. {\"cwd\":\"C:\\\\Users\\\\night\\\\Documents\\\\GitHub\\\\speedy\\\\my-app\\\\functions\",\"node_version\":\"20.8.0\"}"}}
[debug] [2025-02-26T21:58:01.537Z] [runtime-status] [9040] Listening to port: \\?\pipe\fire_emu_12a434122a536f67 {"metadata":{"emulator":{"name":"functions"},"function":{"name":"us-central1-submit"},"extension":{},"message":"[runtime-status] [9040] Listening to port: \\\\?\\pipe\\fire_emu_12a434122a536f67"}}
[debug] [2025-02-26T21:58:01.633Z] [worker-us-central1-submit-de186f18-3542-4a1c-b424-1ad2ba1ba7b2]: IDLE {"metadata":{"emulator":{"name":"functions"},"function":{"name":"us-central1-submit"},"extension":{},"message":"[worker-us-central1-submit-de186f18-3542-4a1c-b424-1ad2ba1ba7b2]: IDLE"}}
[debug] [2025-02-26T21:58:01.634Z] [worker-pool] submitRequest(triggerId=us-central1-submit) {"metadata":{"emulator":{"name":"functions"},"message":"[worker-pool] submitRequest(triggerId=us-central1-submit)"}}
[info] i  functions: Beginning execution of "us-central1-submit" {"metadata":{"emulator":{"name":"functions"},"function":{"name":"us-central1-submit"},"extension":{},"message":"Beginning execution of \"us-central1-submit\""}}
[debug] [2025-02-26T21:58:01.635Z] [worker-us-central1-submit-de186f18-3542-4a1c-b424-1ad2ba1ba7b2]: BUSY {"metadata":{"emulator":{"name":"functions"},"function":{"name":"us-central1-submit"},"extension":{},"message":"[worker-us-central1-submit-de186f18-3542-4a1c-b424-1ad2ba1ba7b2]: BUSY"}}
[debug] [2025-02-26T21:58:01.638Z] Finishing up request with event=pause {"metadata":{"emulator":{"name":"functions"},"function":{"name":"us-central1-submit"},"extension":{},"message":"Finishing up request with event=pause"}}
[info] i  functions: Finished "us-central1-submit" in 2.815ms {"metadata":{"emulator":{"name":"functions"},"function":{"name":"us-central1-submit"},"extension":{},"message":"Finished \"us-central1-submit\" in 2.815ms"}}
[debug] [2025-02-26T21:58:01.639Z] [worker-us-central1-submit-de186f18-3542-4a1c-b424-1ad2ba1ba7b2]: IDLE {"metadata":{"emulator":{"name":"functions"},"function":{"name":"us-central1-submit"},"extension":{},"message":"[worker-us-central1-submit-de186f18-3542-4a1c-b424-1ad2ba1ba7b2]: IDLE"}}
[debug] [2025-02-26T21:58:01.639Z] Finishing up request with event=finish {"metadata":{"emulator":{"name":"functions"},"function":{"name":"us-central1-submit"},"extension":{},"message":"Finishing up request with event=finish"}}
[debug] [2025-02-26T21:58:01.639Z] Finishing up request with event=close {"metadata":{"emulator":{"name":"functions"},"function":{"name":"us-central1-submit"},"extension":{},"message":"Finishing up request with event=close"}}
[debug] [2025-02-26T21:58:01.639Z] [work-queue] {"queuedWork":[],"queueLength":0,"runningWork":[],"workRunningCount":0}
[debug] [2025-02-26T21:58:01.640Z] [work-queue] {"queuedWork":["/speedy-c4155/us-central1/submit-2025-02-26T21:58:01.640Z"],"queueLength":1,"runningWork":[],"workRunningCount":0}
[debug] [2025-02-26T21:58:01.640Z] [work-queue] {"queuedWork":[],"queueLength":0,"runningWork":["/speedy-c4155/us-central1/submit-2025-02-26T21:58:01.640Z"],"workRunningCount":1}
[debug] [2025-02-26T21:58:01.640Z] Accepted request POST /speedy-c4155/us-central1/submit --> us-central1-submit
[debug] [2025-02-26T21:58:01.640Z] [functions] Runtime ready! Sending request! {"metadata":{"emulator":{"name":"functions"},"message":"[functions] Runtime ready! Sending request!"}}
[debug] [2025-02-26T21:58:01.640Z] [functions] Got req.url=/speedy-c4155/us-central1/submit, mapping to path=/ {"metadata":{"emulator":{"name":"functions"},"message":"[functions] Got req.url=/speedy-c4155/us-central1/submit, mapping to path=/"}}
[debug] [2025-02-26T21:58:01.640Z] [worker-pool] submitRequest(triggerId=us-central1-submit) {"metadata":{"emulator":{"name":"functions"},"message":"[worker-pool] submitRequest(triggerId=us-central1-submit)"}}
[info] i  functions: Beginning execution of "us-central1-submit" {"metadata":{"emulator":{"name":"functions"},"function":{"name":"us-central1-submit"},"extension":{},"message":"Beginning execution of \"us-central1-submit\""}}
[debug] [2025-02-26T21:58:01.641Z] [worker-us-central1-submit-de186f18-3542-4a1c-b424-1ad2ba1ba7b2]: BUSY {"metadata":{"emulator":{"name":"functions"},"function":{"name":"us-central1-submit"},"extension":{},"message":"[worker-us-central1-submit-de186f18-3542-4a1c-b424-1ad2ba1ba7b2]: BUSY"}}
[debug] [2025-02-26T21:58:01.900Z] Feb. 26, 2025 4:58:01 P.M. io.gapi.emulators.netty.HttpVersionRoutingHandler channelRead
INFO: Detected HTTP/2 connection.
 {"metadata":{"emulator":{"name":"firestore"},"message":"Feb. 26, 2025 4:58:01 P.M. io.gapi.emulators.netty.HttpVersionRoutingHandler channelRead\r\nINFO: Detected HTTP/2 connection.\r\n"}}
[debug] [2025-02-26T21:58:01.915Z] [work-queue] {"queuedWork":["/functions/projects/speedy-c4155/triggers/us-central1-sendEmail-0-2025-02-26T21:58:01.915Z"],"queueLength":1,"runningWork":["/speedy-c4155/us-central1/submit-2025-02-26T21:58:01.640Z"],"workRunningCount":1}
[debug] [2025-02-26T21:58:01.915Z] [work-queue] {"queuedWork":[],"queueLength":0,"runningWork":["/speedy-c4155/us-central1/submit-2025-02-26T21:58:01.640Z","/functions/projects/speedy-c4155/triggers/us-central1-sendEmail-0-2025-02-26T21:58:01.915Z"],"workRunningCount":2}
[debug] [2025-02-26T21:58:01.915Z] Accepted request POST /functions/projects/speedy-c4155/triggers/us-central1-sendEmail-0 --> us-central1-sendEmail-0
[debug] [2025-02-26T21:58:01.916Z] [functions] Runtime ready! Sending request! {"metadata":{"emulator":{"name":"functions"},"message":"[functions] Runtime ready! Sending request!"}}
[debug] [2025-02-26T21:58:01.916Z] [functions] Got req.url=/functions/projects/speedy-c4155/triggers/us-central1-sendEmail-0, mapping to path=/functions/projects/ {"metadata":{"emulator":{"name":"functions"},"message":"[functions] Got req.url=/functions/projects/speedy-c4155/triggers/us-central1-sendEmail-0, mapping to path=/functions/projects/"}}
[info] i  functions: Loaded environment variables from .env. 
[debug] [2025-02-26T21:58:01.922Z] [worker-pool] addWorker(us-central1-sendEmail) {"metadata":{"emulator":{"name":"functions"},"message":"[worker-pool] addWorker(us-central1-sendEmail)"}}
[debug] [2025-02-26T21:58:01.922Z] [worker-pool] Adding worker with key us-central1-sendEmail, total=1 {"metadata":{"emulator":{"name":"functions"},"message":"[worker-pool] Adding worker with key us-central1-sendEmail, total=1"}}
[debug] [2025-02-26T21:58:01.924Z] Finishing up request with event=pause {"metadata":{"emulator":{"name":"functions"},"function":{"name":"us-central1-submit"},"extension":{},"message":"Finishing up request with event=pause"}}
[info] i  functions: Finished "us-central1-submit" in 282.9047ms {"metadata":{"emulator":{"name":"functions"},"function":{"name":"us-central1-submit"},"extension":{},"message":"Finished \"us-central1-submit\" in 282.9047ms"}}
[debug] [2025-02-26T21:58:01.925Z] [worker-us-central1-submit-de186f18-3542-4a1c-b424-1ad2ba1ba7b2]: IDLE {"metadata":{"emulator":{"name":"functions"},"function":{"name":"us-central1-submit"},"extension":{},"message":"[worker-us-central1-submit-de186f18-3542-4a1c-b424-1ad2ba1ba7b2]: IDLE"}}
[debug] [2025-02-26T21:58:01.925Z] Finishing up request with event=finish {"metadata":{"emulator":{"name":"functions"},"function":{"name":"us-central1-submit"},"extension":{},"message":"Finishing up request with event=finish"}}
[debug] [2025-02-26T21:58:01.925Z] Finishing up request with event=close {"metadata":{"emulator":{"name":"functions"},"function":{"name":"us-central1-submit"},"extension":{},"message":"Finishing up request with event=close"}}
[debug] [2025-02-26T21:58:01.925Z] [work-queue] {"queuedWork":[],"queueLength":0,"runningWork":["/functions/projects/speedy-c4155/triggers/us-central1-sendEmail-0-2025-02-26T21:58:01.915Z"],"workRunningCount":1}
[debug] [2025-02-26T21:58:02.768Z] [runtime-status] [2384] Resolved module firebase-admin {"declared":true,"installed":true,"version":"12.7.0","resolution":"C:\\Users\\night\\Documents\\GitHub\\speedy\\my-app\\functions\\node_modules\\firebase-admin\\lib\\index.js"} {"metadata":{"emulator":{"name":"functions"},"function":{"name":"us-central1-sendEmail"},"extension":{},"message":"[runtime-status] [2384] Resolved module firebase-admin {\"declared\":true,\"installed\":true,\"version\":\"12.7.0\",\"resolution\":\"C:\\\\Users\\\\night\\\\Documents\\\\GitHub\\\\speedy\\\\my-app\\\\functions\\\\node_modules\\\\firebase-admin\\\\lib\\\\index.js\"}"}}
[debug] [2025-02-26T21:58:02.769Z] [runtime-status] [2384] Resolved module firebase-functions {"declared":true,"installed":true,"version":"6.3.2","resolution":"C:\\Users\\night\\Documents\\GitHub\\speedy\\my-app\\functions\\node_modules\\firebase-functions\\lib\\v2\\index.js"} {"metadata":{"emulator":{"name":"functions"},"function":{"name":"us-central1-sendEmail"},"extension":{},"message":"[runtime-status] [2384] Resolved module firebase-functions {\"declared\":true,\"installed\":true,\"version\":\"6.3.2\",\"resolution\":\"C:\\\\Users\\\\night\\\\Documents\\\\GitHub\\\\speedy\\\\my-app\\\\functions\\\\node_modules\\\\firebase-functions\\\\lib\\\\v2\\\\index.js\"}"}}
[debug] [2025-02-26T21:58:02.769Z] [runtime-status] [2384] Outgoing network have been stubbed. [{"name":"http","status":"mocked"},{"name":"http","status":"mocked"},{"name":"https","status":"mocked"},{"name":"https","status":"mocked"},{"name":"net","status":"mocked"}] {"metadata":{"emulator":{"name":"functions"},"function":{"name":"us-central1-sendEmail"},"extension":{},"message":"[runtime-status] [2384] Outgoing network have been stubbed. [{\"name\":\"http\",\"status\":\"mocked\"},{\"name\":\"http\",\"status\":\"mocked\"},{\"name\":\"https\",\"status\":\"mocked\"},{\"name\":\"https\",\"status\":\"mocked\"},{\"name\":\"net\",\"status\":\"mocked\"}]"}}
[debug] [2025-02-26T21:58:02.770Z] [runtime-status] [2384] Resolved module firebase-functions {"declared":true,"installed":true,"version":"6.3.2","resolution":"C:\\Users\\night\\Documents\\GitHub\\speedy\\my-app\\functions\\node_modules\\firebase-functions\\lib\\v2\\index.js"} {"metadata":{"emulator":{"name":"functions"},"function":{"name":"us-central1-sendEmail"},"extension":{},"message":"[runtime-status] [2384] Resolved module firebase-functions {\"declared\":true,\"installed\":true,\"version\":\"6.3.2\",\"resolution\":\"C:\\\\Users\\\\night\\\\Documents\\\\GitHub\\\\speedy\\\\my-app\\\\functions\\\\node_modules\\\\firebase-functions\\\\lib\\\\v2\\\\index.js\"}"}}
[debug] [2025-02-26T21:58:02.952Z] [runtime-status] [2384] Checked functions.config() {"config":{}} {"metadata":{"emulator":{"name":"functions"},"function":{"name":"us-central1-sendEmail"},"extension":{},"message":"[runtime-status] [2384] Checked functions.config() {\"config\":{}}"}}
[debug] [2025-02-26T21:58:02.952Z] [runtime-status] [2384] firebase-functions has been stubbed. {"functionsResolution":{"declared":true,"installed":true,"version":"6.3.2","resolution":"C:\\Users\\night\\Documents\\GitHub\\speedy\\my-app\\functions\\node_modules\\firebase-functions\\lib\\v2\\index.js"}} {"metadata":{"emulator":{"name":"functions"},"function":{"name":"us-central1-sendEmail"},"extension":{},"message":"[runtime-status] [2384] firebase-functions has been stubbed. {\"functionsResolution\":{\"declared\":true,\"installed\":true,\"version\":\"6.3.2\",\"resolution\":\"C:\\\\Users\\\\night\\\\Documents\\\\GitHub\\\\speedy\\\\my-app\\\\functions\\\\node_modules\\\\firebase-functions\\\\lib\\\\v2\\\\index.js\"}}"}}
[debug] [2025-02-26T21:58:02.953Z] [runtime-status] [2384] Resolved module firebase-functions {"declared":true,"installed":true,"version":"6.3.2","resolution":"C:\\Users\\night\\Documents\\GitHub\\speedy\\my-app\\functions\\node_modules\\firebase-functions\\lib\\v2\\index.js"} {"metadata":{"emulator":{"name":"functions"},"function":{"name":"us-central1-sendEmail"},"extension":{},"message":"[runtime-status] [2384] Resolved module firebase-functions {\"declared\":true,\"installed\":true,\"version\":\"6.3.2\",\"resolution\":\"C:\\\\Users\\\\night\\\\Documents\\\\GitHub\\\\speedy\\\\my-app\\\\functions\\\\node_modules\\\\firebase-functions\\\\lib\\\\v2\\\\index.js\"}"}}
[debug] [2025-02-26T21:58:02.955Z] [runtime-status] [2384] Resolved module firebase-admin {"declared":true,"installed":true,"version":"12.7.0","resolution":"C:\\Users\\night\\Documents\\GitHub\\speedy\\my-app\\functions\\node_modules\\firebase-admin\\lib\\index.js"} {"metadata":{"emulator":{"name":"functions"},"function":{"name":"us-central1-sendEmail"},"extension":{},"message":"[runtime-status] [2384] Resolved module firebase-admin {\"declared\":true,\"installed\":true,\"version\":\"12.7.0\",\"resolution\":\"C:\\\\Users\\\\night\\\\Documents\\\\GitHub\\\\speedy\\\\my-app\\\\functions\\\\node_modules\\\\firebase-admin\\\\lib\\\\index.js\"}"}}
[debug] [2025-02-26T21:58:02.957Z] [runtime-status] [2384] Resolved module firebase-functions {"declared":true,"installed":true,"version":"6.3.2","resolution":"C:\\Users\\night\\Documents\\GitHub\\speedy\\my-app\\functions\\node_modules\\firebase-functions\\lib\\v2\\index.js"} {"metadata":{"emulator":{"name":"functions"},"function":{"name":"us-central1-sendEmail"},"extension":{},"message":"[runtime-status] [2384] Resolved module firebase-functions {\"declared\":true,\"installed\":true,\"version\":\"6.3.2\",\"resolution\":\"C:\\\\Users\\\\night\\\\Documents\\\\GitHub\\\\speedy\\\\my-app\\\\functions\\\\node_modules\\\\firebase-functions\\\\lib\\\\v2\\\\index.js\"}"}}
[debug] [2025-02-26T21:58:02.957Z] [runtime-status] [2384] firebase-admin has been stubbed. {"adminResolution":{"declared":true,"installed":true,"version":"12.7.0","resolution":"C:\\Users\\night\\Documents\\GitHub\\speedy\\my-app\\functions\\node_modules\\firebase-admin\\lib\\index.js"}} {"metadata":{"emulator":{"name":"functions"},"function":{"name":"us-central1-sendEmail"},"extension":{},"message":"[runtime-status] [2384] firebase-admin has been stubbed. {\"adminResolution\":{\"declared\":true,\"installed\":true,\"version\":\"12.7.0\",\"resolution\":\"C:\\\\Users\\\\night\\\\Documents\\\\GitHub\\\\speedy\\\\my-app\\\\functions\\\\node_modules\\\\firebase-admin\\\\lib\\\\index.js\"}}"}}
[debug] [2025-02-26T21:58:03.012Z] [runtime-status] [2384] Functions runtime initialized. {"cwd":"C:\\Users\\night\\Documents\\GitHub\\speedy\\my-app\\functions","node_version":"20.8.0"} {"metadata":{"emulator":{"name":"functions"},"function":{"name":"us-central1-sendEmail"},"extension":{},"message":"[runtime-status] [2384] Functions runtime initialized. {\"cwd\":\"C:\\\\Users\\\\night\\\\Documents\\\\GitHub\\\\speedy\\\\my-app\\\\functions\",\"node_version\":\"20.8.0\"}"}}
[debug] [2025-02-26T21:58:03.012Z] [runtime-status] [2384] Listening to port: \\?\pipe\fire_emu_91f490073c702d9f {"metadata":{"emulator":{"name":"functions"},"function":{"name":"us-central1-sendEmail"},"extension":{},"message":"[runtime-status] [2384] Listening to port: \\\\?\\pipe\\fire_emu_91f490073c702d9f"}}
[debug] [2025-02-26T21:58:03.018Z] [worker-us-central1-sendEmail-9b71be5f-16e3-474b-83e0-8ac96e1cc18d]: IDLE {"metadata":{"emulator":{"name":"functions"},"function":{"name":"us-central1-sendEmail"},"extension":{},"message":"[worker-us-central1-sendEmail-9b71be5f-16e3-474b-83e0-8ac96e1cc18d]: IDLE"}}
[debug] [2025-02-26T21:58:03.018Z] [worker-pool] submitRequest(triggerId=us-central1-sendEmail) {"metadata":{"emulator":{"name":"functions"},"message":"[worker-pool] submitRequest(triggerId=us-central1-sendEmail)"}}
[info] i  functions: Beginning execution of "us-central1-sendEmail" {"metadata":{"emulator":{"name":"functions"},"function":{"name":"us-central1-sendEmail"},"extension":{},"message":"Beginning execution of \"us-central1-sendEmail\""}}
[debug] [2025-02-26T21:58:03.019Z] [worker-us-central1-sendEmail-9b71be5f-16e3-474b-83e0-8ac96e1cc18d]: BUSY {"metadata":{"emulator":{"name":"functions"},"function":{"name":"us-central1-sendEmail"},"extension":{},"message":"[worker-us-central1-sendEmail-9b71be5f-16e3-474b-83e0-8ac96e1cc18d]: BUSY"}}
[debug] [2025-02-26T21:58:03.022Z] [runtime-status] [2384] RunCloudEvent {"specversion":"1.0","type":"google.cloud.firestore.document.v1.created","source":"//firestore.googleapis.com/projects/projects/speedy-c4155/databases/(default)","id":"588684d1-ae12-456b-be1a-d41bbea04244","subject":"documents/Appointments/uPnD22FUaW7gOyRjLixB","time":"2025-02-26T21:58:01Z","datacontenttype":"application/protobuf","dataschema":"https://github.com/googleapis/google-cloudevents/blob/main/proto/google/events/cloud/firestore/v1/data.proto","location":"us-central1","project":"speedy-c4155","database":"(default)","namespace":"(default)","document":"Appointments/uPnD22FUaW7gOyRjLixB","data":{"type":"Buffer","data":[10,239,2,10,85,112,114,111,106,101,99,116,115,47,115,112,101,101,100,121,45,99,52,49,53,53,47,100,97,116,97,98,97,115,101,115,47,40,100,101,102,97,117,108,116,41,47,100,111,99,117,109,101,110,116,115,47,65,112,112,111,105,110,116,109,101,110,116,115,47,117,80,110,68,50,50,70,85,97,87,55,103,79,121,82,106,76,105,120,66,18,249,1,10,8,102,111,114,109,68,97,116,97,18,236,1,50,233,1,10,25,10,9,102,105,114,115,116,78,97,109,101,18,12,138,1,9,83,104,97,114,106,97,110,97,110,10,25,10,8,108,97,115,116,78,97,109,101,18,13,138,1,10,83,116,97,110,105,99,117,108,97,115,10,35,10,5,101,109,97,105,108,18,26,138,1,23,115,104,97,114,106,97,110,97,110,53,53,64,104,111,116,109,97,105,108,46,99,111,109,10,23,10,5,112,104,111,110,101,18,14,138,1,11,49,53,49,52,57,50,52,57,49,53,52,10,30,10,13,115,101,114,118,105,99,101,78,101,101,100,101,100,18,13,138,1,10,79,105,108,32,67,104,97,110,103,101,10,20,10,7,99,97,114,84,121,112,101,18,9,138,1,6,80,105,99,107,117,112,10,14,10,7,99,97,114,89,101,97,114,18,3,16,223,15,10,19,10,4,99,105,116,121,18,11,138,1,8,77,79,78,84,82,69,65,76,10,24,10,10,112,111,115,116,97,108,67,111,100,101,18,10,138,1,7,72,49,90,32,52,67,54,26,12,8,233,156,254,189,6,16,144,231,169,172,3,34,12,8,233,156,254,189,6,16,144,231,169,172,3,26,0]}} {"metadata":{"emulator":{"name":"functions"},"function":{"name":"us-central1-sendEmail"},"extension":{},"message":"[runtime-status] [2384] RunCloudEvent {\"specversion\":\"1.0\",\"type\":\"google.cloud.firestore.document.v1.created\",\"source\":\"//firestore.googleapis.com/projects/projects/speedy-c4155/databases/(default)\",\"id\":\"588684d1-ae12-456b-be1a-d41bbea04244\",\"subject\":\"documents/Appointments/uPnD22FUaW7gOyRjLixB\",\"time\":\"2025-02-26T21:58:01Z\",\"datacontenttype\":\"application/protobuf\",\"dataschema\":\"https://github.com/googleapis/google-cloudevents/blob/main/proto/google/events/cloud/firestore/v1/data.proto\",\"location\":\"us-central1\",\"project\":\"speedy-c4155\",\"database\":\"(default)\",\"namespace\":\"(default)\",\"document\":\"Appointments/uPnD22FUaW7gOyRjLixB\",\"data\":{\"type\":\"Buffer\",\"data\":[10,239,2,10,85,112,114,111,106,101,99,116,115,47,115,112,101,101,100,121,45,99,52,49,53,53,47,100,97,116,97,98,97,115,101,115,47,40,100,101,102,97,117,108,116,41,47,100,111,99,117,109,101,110,116,115,47,65,112,112,111,105,110,116,109,101,110,116,115,47,117,80,110,68,50,50,70,85,97,87,55,103,79,121,82,106,76,105,120,66,18,249,1,10,8,102,111,114,109,68,97,116,97,18,236,1,50,233,1,10,25,10,9,102,105,114,115,116,78,97,109,101,18,12,138,1,9,83,104,97,114,106,97,110,97,110,10,25,10,8,108,97,115,116,78,97,109,101,18,13,138,1,10,83,116,97,110,105,99,117,108,97,115,10,35,10,5,101,109,97,105,108,18,26,138,1,23,115,104,97,114,106,97,110,97,110,53,53,64,104,111,116,109,97,105,108,46,99,111,109,10,23,10,5,112,104,111,110,101,18,14,138,1,11,49,53,49,52,57,50,52,57,49,53,52,10,30,10,13,115,101,114,118,105,99,101,78,101,101,100,101,100,18,13,138,1,10,79,105,108,32,67,104,97,110,103,101,10,20,10,7,99,97,114,84,121,112,101,18,9,138,1,6,80,105,99,107,117,112,10,14,10,7,99,97,114,89,101,97,114,18,3,16,223,15,10,19,10,4,99,105,116,121,18,11,138,1,8,77,79,78,84,82,69,65,76,10,24,10,10,112,111,115,116,97,108,67,111,100,101,18,10,138,1,7,72,49,90,32,52,67,54,26,12,8,233,156,254,189,6,16,144,231,169,172,3,34,12,8,233,156,254,189,6,16,144,231,169,172,3,26,0]}}"}}
[info] >  📩 Firestore Trigger Activated! {"user":"📩 Firestore Trigger Activated!","metadata":{"emulator":{"name":"functions"},"function":{"name":"us-central1-sendEmail"},"extension":{},"message":"\u001b[90m> \u001b[39m 📩 Firestore Trigger Activated!"}}
[info] >  🔥 Raw Appointment Data from Firestore: { {"user":"🔥 Raw Appointment Data from Firestore: {","metadata":{"emulator":{"name":"functions"},"function":{"name":"us-central1-sendEmail"},"extension":{},"message":"\u001b[90m> \u001b[39m 🔥 Raw Appointment Data from Firestore: {"}}
[info] >    formData: { {"user":"  formData: {","metadata":{"emulator":{"name":"functions"},"function":{"name":"us-central1-sendEmail"},"extension":{},"message":"\u001b[90m> \u001b[39m   formData: {"}}
[info] >      firstName: 'Sharjanan', {"user":"    firstName: 'Sharjanan',","metadata":{"emulator":{"name":"functions"},"function":{"name":"us-central1-sendEmail"},"extension":{},"message":"\u001b[90m> \u001b[39m     firstName: 'Sharjanan',"}}
[info] >      lastName: 'Staniculas', {"user":"    lastName: 'Staniculas',","metadata":{"emulator":{"name":"functions"},"function":{"name":"us-central1-sendEmail"},"extension":{},"message":"\u001b[90m> \u001b[39m     lastName: 'Staniculas',"}}
[info] >      email: 'sharjanan55@hotmail.com', {"user":"    email: 'sharjanan55@hotmail.com',","metadata":{"emulator":{"name":"functions"},"function":{"name":"us-central1-sendEmail"},"extension":{},"message":"\u001b[90m> \u001b[39m     email: 'sharjanan55@hotmail.com',"}}
[info] >      phone: '15149249154', {"user":"    phone: '15149249154',","metadata":{"emulator":{"name":"functions"},"function":{"name":"us-central1-sendEmail"},"extension":{},"message":"\u001b[90m> \u001b[39m     phone: '15149249154',"}}
[info] >      serviceNeeded: 'Oil Change', {"user":"    serviceNeeded: 'Oil Change',","metadata":{"emulator":{"name":"functions"},"function":{"name":"us-central1-sendEmail"},"extension":{},"message":"\u001b[90m> \u001b[39m     serviceNeeded: 'Oil Change',"}}
[info] >      carType: 'Pickup', {"user":"    carType: 'Pickup',","metadata":{"emulator":{"name":"functions"},"function":{"name":"us-central1-sendEmail"},"extension":{},"message":"\u001b[90m> \u001b[39m     carType: 'Pickup',"}}
[info] >      carYear: 2015, {"user":"    carYear: 2015,","metadata":{"emulator":{"name":"functions"},"function":{"name":"us-central1-sendEmail"},"extension":{},"message":"\u001b[90m> \u001b[39m     carYear: 2015,"}}
[info] >      city: 'MONTREAL', {"user":"    city: 'MONTREAL',","metadata":{"emulator":{"name":"functions"},"function":{"name":"us-central1-sendEmail"},"extension":{},"message":"\u001b[90m> \u001b[39m     city: 'MONTREAL',"}}
[info] >      postalCode: 'H1Z 4C6' {"user":"    postalCode: 'H1Z 4C6'","metadata":{"emulator":{"name":"functions"},"function":{"name":"us-central1-sendEmail"},"extension":{},"message":"\u001b[90m> \u001b[39m     postalCode: 'H1Z 4C6'"}}
[info] >    } {"user":"  }","metadata":{"emulator":{"name":"functions"},"function":{"name":"us-central1-sendEmail"},"extension":{},"message":"\u001b[90m> \u001b[39m   }"}}
[info] >  } {"user":"}","metadata":{"emulator":{"name":"functions"},"function":{"name":"us-central1-sendEmail"},"extension":{},"message":"\u001b[90m> \u001b[39m }"}}
[info] >  ✅ Appointment Details: {"user":"✅ Appointment Details:","metadata":{"emulator":{"name":"functions"},"function":{"name":"us-central1-sendEmail"},"extension":{},"message":"\u001b[90m> \u001b[39m ✅ Appointment Details:"}}
[info] >        Name: Unknown Unknown {"user":"      Name: Unknown Unknown","metadata":{"emulator":{"name":"functions"},"function":{"name":"us-central1-sendEmail"},"extension":{},"message":"\u001b[90m> \u001b[39m       Name: Unknown Unknown"}}
[info] >        Phone: Unknown {"user":"      Phone: Unknown","metadata":{"emulator":{"name":"functions"},"function":{"name":"us-central1-sendEmail"},"extension":{},"message":"\u001b[90m> \u001b[39m       Phone: Unknown"}}
[info] >        Email: Unknown {"user":"      Email: Unknown","metadata":{"emulator":{"name":"functions"},"function":{"name":"us-central1-sendEmail"},"extension":{},"message":"\u001b[90m> \u001b[39m       Email: Unknown"}}
[info] >        Service: Unknown Service {"user":"      Service: Unknown Service","metadata":{"emulator":{"name":"functions"},"function":{"name":"us-central1-sendEmail"},"extension":{},"message":"\u001b[90m> \u001b[39m       Service: Unknown Service"}}
[info] >        Car: N/A Unknown {"user":"      Car: N/A Unknown","metadata":{"emulator":{"name":"functions"},"function":{"name":"us-central1-sendEmail"},"extension":{},"message":"\u001b[90m> \u001b[39m       Car: N/A Unknown"}}
[info] >        Location: Unknown, N/A {"user":"      Location: Unknown, N/A","metadata":{"emulator":{"name":"functions"},"function":{"name":"us-central1-sendEmail"},"extension":{},"message":"\u001b[90m> \u001b[39m       Location: Unknown, N/A"}}
[info] >       {"user":"    ","metadata":{"emulator":{"name":"functions"},"function":{"name":"us-central1-sendEmail"},"extension":{},"message":"\u001b[90m> \u001b[39m     "}}
[info] >  📩 Email sent successfully to mechanic! {"user":"📩 Email sent successfully to mechanic!","metadata":{"emulator":{"name":"functions"},"function":{"name":"us-central1-sendEmail"},"extension":{},"message":"\u001b[90m> \u001b[39m 📩 Email sent successfully to mechanic!"}}
[debug] [2025-02-26T21:58:03.593Z] Finishing up request with event=pause {"metadata":{"emulator":{"name":"functions"},"function":{"name":"us-central1-sendEmail"},"extension":{},"message":"Finishing up request with event=pause"}}
[info] i  functions: Finished "us-central1-sendEmail" in 574.1298ms {"metadata":{"emulator":{"name":"functions"},"function":{"name":"us-central1-sendEmail"},"extension":{},"message":"Finished \"us-central1-sendEmail\" in 574.1298ms"}}
[debug] [2025-02-26T21:58:03.594Z] [worker-us-central1-sendEmail-9b71be5f-16e3-474b-83e0-8ac96e1cc18d]: IDLE {"metadata":{"emulator":{"name":"functions"},"function":{"name":"us-central1-sendEmail"},"extension":{},"message":"[worker-us-central1-sendEmail-9b71be5f-16e3-474b-83e0-8ac96e1cc18d]: IDLE"}}
[debug] [2025-02-26T21:58:03.594Z] Finishing up request with event=finish {"metadata":{"emulator":{"name":"functions"},"function":{"name":"us-central1-sendEmail"},"extension":{},"message":"Finishing up request with event=finish"}}
[debug] [2025-02-26T21:58:03.594Z] Finishing up request with event=close {"metadata":{"emulator":{"name":"functions"},"function":{"name":"us-central1-sendEmail"},"extension":{},"message":"Finishing up request with event=close"}}
[debug] [2025-02-26T21:58:03.595Z] [work-queue] {"queuedWork":[],"queueLength":0,"runningWork":[],"workRunningCount":0}
[debug] [2025-02-26T21:58:06.821Z] Feb. 26, 2025 4:58:06 P.M. com.google.cloud.datastore.emulator.firestore.websocket.WebSocketChannelHandler channelClosed
INFO: Websocket client disconnected
 {"metadata":{"emulator":{"name":"firestore"},"message":"Feb. 26, 2025 4:58:06 P.M. com.google.cloud.datastore.emulator.firestore.websocket.WebSocketChannelHandler channelClosed\r\nINFO: Websocket client disconnected\r\n"}}
[debug] [2025-02-26T21:58:06.836Z] Feb. 26, 2025 4:58:06 P.M. com.google.cloud.datastore.emulator.firestore.websocket.WebSocketChannelHandler initChannel
INFO: Connected to new websocket client
 {"metadata":{"emulator":{"name":"firestore"},"message":"Feb. 26, 2025 4:58:06 P.M. com.google.cloud.datastore.emulator.firestore.websocket.WebSocketChannelHandler initChannel\r\nINFO: Connected to new websocket client\r\n"}}
[debug] [2025-02-26T21:58:59.190Z] Feb. 26, 2025 4:58:59 P.M. io.gapi.emulators.netty.HttpVersionRoutingHandler channelRead
INFO: Detected non-HTTP/2 connection.
 {"metadata":{"emulator":{"name":"firestore"},"message":"Feb. 26, 2025 4:58:59 P.M. io.gapi.emulators.netty.HttpVersionRoutingHandler channelRead\r\nINFO: Detected non-HTTP/2 connection.\r\n"}}
[debug] [2025-02-26T21:58:59.198Z] Feb. 26, 2025 4:58:59 P.M. io.gapi.emulators.netty.HttpVersionRoutingHandler channelRead
INFO: Detected non-HTTP/2 connection.
 {"metadata":{"emulator":{"name":"firestore"},"message":"Feb. 26, 2025 4:58:59 P.M. io.gapi.emulators.netty.HttpVersionRoutingHandler channelRead\r\nINFO: Detected non-HTTP/2 connection.\r\n"}}
[debug] [2025-02-26T21:58:59.199Z] Feb. 26, 2025 4:58:59 P.M. io.gapi.emulators.netty.HttpVersionRoutingHandler channelRead
INFO: Detected non-HTTP/2 connection.
 {"metadata":{"emulator":{"name":"firestore"},"message":"Feb. 26, 2025 4:58:59 P.M. io.gapi.emulators.netty.HttpVersionRoutingHandler channelRead\r\nINFO: Detected non-HTTP/2 connection.\r\n"}}
[debug] [2025-02-26T21:58:59.226Z] Feb. 26, 2025 4:58:59 P.M. com.google.cloud.datastore.emulator.firestore.websocket.WebSocketChannelHandler channelClosed
INFO: Websocket client disconnected
 {"metadata":{"emulator":{"name":"firestore"},"message":"Feb. 26, 2025 4:58:59 P.M. com.google.cloud.datastore.emulator.firestore.websocket.WebSocketChannelHandler channelClosed\r\nINFO: Websocket client disconnected\r\n"}}
[debug] [2025-02-26T21:58:59.227Z] Feb. 26, 2025 4:58:59 P.M. com.google.cloud.datastore.emulator.firestore.websocket.WebSocketChannelHandler initChannel
INFO: Connected to new websocket client
 {"metadata":{"emulator":{"name":"firestore"},"message":"Feb. 26, 2025 4:58:59 P.M. com.google.cloud.datastore.emulator.firestore.websocket.WebSocketChannelHandler initChannel\r\nINFO: Connected to new websocket client\r\n"}}
[debug] [2025-02-26T21:58:59.231Z] Feb. 26, 2025 4:58:59 P.M. io.gapi.emulators.netty.HttpVersionRoutingHandler channelRead
INFO: Detected non-HTTP/2 connection.
 {"metadata":{"emulator":{"name":"firestore"},"message":"Feb. 26, 2025 4:58:59 P.M. io.gapi.emulators.netty.HttpVersionRoutingHandler channelRead\r\nINFO: Detected non-HTTP/2 connection.\r\n"}}
[debug] [2025-02-26T21:58:59.236Z] Feb. 26, 2025 4:58:59 P.M. com.google.cloud.datastore.emulator.firestore.webchannel.FirestoreV1WebChannelAdapter$FirestoreListenHandler onClose
INFO: channel closed
 {"metadata":{"emulator":{"name":"firestore"},"message":"Feb. 26, 2025 4:58:59 P.M. com.google.cloud.datastore.emulator.firestore.webchannel.FirestoreV1WebChannelAdapter$FirestoreListenHandler onClose\r\nINFO: channel closed\r\n"}}
[debug] [2025-02-26T21:58:59.282Z] Feb. 26, 2025 4:58:59 P.M. io.gapi.emulators.netty.HttpVersionRoutingHandler channelRead
INFO: Detected non-HTTP/2 connection.
 {"metadata":{"emulator":{"name":"firestore"},"message":"Feb. 26, 2025 4:58:59 P.M. io.gapi.emulators.netty.HttpVersionRoutingHandler channelRead\r\nINFO: Detected non-HTTP/2 connection.\r\n"}}
[debug] [2025-02-26T21:58:59.295Z] Feb. 26, 2025 4:58:59 P.M. io.gapi.emulators.netty.HttpVersionRoutingHandler channelRead
INFO: Detected non-HTTP/2 connection.
 {"metadata":{"emulator":{"name":"firestore"},"message":"Feb. 26, 2025 4:58:59 P.M. io.gapi.emulators.netty.HttpVersionRoutingHandler channelRead\r\nINFO: Detected non-HTTP/2 connection.\r\n"}}
[debug] [2025-02-26T21:58:59.304Z] Feb. 26, 2025 4:58:59 P.M. io.gapi.emulators.netty.HttpVersionRoutingHandler channelRead
INFO: Detected non-HTTP/2 connection.
 {"metadata":{"emulator":{"name":"firestore"},"message":"Feb. 26, 2025 4:58:59 P.M. io.gapi.emulators.netty.HttpVersionRoutingHandler channelRead\r\nINFO: Detected non-HTTP/2 connection.\r\n"}}
[debug] [2025-02-26T21:59:59.317Z] Feb. 26, 2025 4:59:59 P.M. io.gapi.emulators.netty.HttpVersionRoutingHandler channelRead
INFO: Detected non-HTTP/2 connection.
 {"metadata":{"emulator":{"name":"firestore"},"message":"Feb. 26, 2025 4:59:59 P.M. io.gapi.emulators.netty.HttpVersionRoutingHandler channelRead\r\nINFO: Detected non-HTTP/2 connection.\r\n"}}
[debug] [2025-02-26T22:00:59.321Z] Feb. 26, 2025 5:00:59 P.M. io.gapi.emulators.netty.HttpVersionRoutingHandler channelRead
INFO: Detected non-HTTP/2 connection.
 {"metadata":{"emulator":{"name":"firestore"},"message":"Feb. 26, 2025 5:00:59 P.M. io.gapi.emulators.netty.HttpVersionRoutingHandler channelRead\r\nINFO: Detected non-HTTP/2 connection.\r\n"}}
[debug] [2025-02-26T22:01:39.446Z] File C:\Users\night\Documents\GitHub\speedy\my-app\functions\index.js changed, reloading triggers {"metadata":{"emulator":{"name":"functions"},"message":"File C:\\Users\\night\\Documents\\GitHub\\speedy\\my-app\\functions\\index.js changed, reloading triggers"}}
[debug] [2025-02-26T22:01:40.447Z] Validating nodejs source
[debug] [2025-02-26T22:01:41.393Z] > [functions] package.json contents: {
  "name": "functions",
  "description": "Cloud Functions for Firebase",
  "scripts": {
    "serve": "firebase emulators:start --only functions",
    "shell": "firebase functions:shell",
    "start": "npm run shell",
    "deploy": "firebase deploy --only functions",
    "logs": "firebase functions:log"
  },
  "engines": {
    "node": "22"
  },
  "main": "index.js",
  "dependencies": {
    "firebase-admin": "^12.6.0",
    "firebase-functions": "^6.0.1"
  },
  "devDependencies": {
    "firebase-functions-test": "^3.1.0"
  },
  "private": true
}
[debug] [2025-02-26T22:01:41.393Z] Building nodejs source
[debug] [2025-02-26T22:01:41.393Z] Failed to find version of module node: reached end of search path C:\Users\night\Documents\GitHub\speedy\my-app\functions\node_modules
[warn] !  functions: Your requested "node" version "22" doesn't match your global version "20". Using node@20 from host. 
[info] i  functions: Loaded environment variables from .env. 
[debug] [2025-02-26T22:01:41.395Z] Could not find functions.yaml. Must use http discovery
[debug] [2025-02-26T22:01:41.399Z] Found firebase-functions binary at 'C:\Users\night\Documents\GitHub\speedy\my-app\functions\node_modules\.bin\firebase-functions'
[info] Serving at port 8387

[debug] [2025-02-26T22:01:41.845Z] Got response from /__/functions.yaml {"endpoints":{"submit":{"availableMemoryMb":null,"timeoutSeconds":null,"minInstances":null,"maxInstances":null,"ingressSettings":null,"concurrency":null,"serviceAccountEmail":null,"vpc":null,"platform":"gcfv2","labels":{},"httpsTrigger":{},"entryPoint":"submit"},"sendEmail":{"availableMemoryMb":null,"timeoutSeconds":null,"minInstances":null,"maxInstances":null,"ingressSettings":null,"concurrency":null,"serviceAccountEmail":null,"vpc":null,"platform":"gcfv2","labels":{},"eventTrigger":{"eventType":"google.cloud.firestore.document.v1.created","eventFilters":{"database":"(default)","namespace":"(default)"},"eventFilterPathPatterns":{"document":"Appointments/{documentId}"},"retry":false},"entryPoint":"sendEmail"}},"specVersion":"v1alpha1","requiredAPIs":[],"extensions":{}}
[debug] [2025-02-26T22:01:46.870Z] defaultcredentials: writing to file C:\Users\night\AppData\Roaming\firebase\sharjananstaniculas_gmail_com_application_default_credentials.json
[debug] [2025-02-26T22:01:46.871Z] Setting GAC to C:\Users\night\AppData\Roaming\firebase\sharjananstaniculas_gmail_com_application_default_credentials.json {"metadata":{"emulator":{"name":"functions"},"message":"Setting GAC to C:\\Users\\night\\AppData\\Roaming\\firebase\\sharjananstaniculas_gmail_com_application_default_credentials.json"}}
[info] +  functions: Loaded functions definitions from source: submit, sendEmail. {"metadata":{"emulator":{"name":"functions"},"message":"Loaded functions definitions from source: submit, sendEmail."}}
[debug] [2025-02-26T22:01:46.872Z] [worker-pool] Shutting down IDLE worker (us-central1-submit) {"metadata":{"emulator":{"name":"functions"},"message":"[worker-pool] Shutting down IDLE worker (us-central1-submit)"}}
[debug] [2025-02-26T22:01:46.872Z] [worker-us-central1-submit-de186f18-3542-4a1c-b424-1ad2ba1ba7b2]: FINISHING {"metadata":{"emulator":{"name":"functions"},"function":{"name":"us-central1-submit"},"extension":{},"message":"[worker-us-central1-submit-de186f18-3542-4a1c-b424-1ad2ba1ba7b2]: FINISHING"}}
[debug] [2025-02-26T22:01:46.873Z] [worker-pool] Shutting down IDLE worker (us-central1-sendEmail) {"metadata":{"emulator":{"name":"functions"},"message":"[worker-pool] Shutting down IDLE worker (us-central1-sendEmail)"}}
[debug] [2025-02-26T22:01:46.873Z] [worker-us-central1-sendEmail-9b71be5f-16e3-474b-83e0-8ac96e1cc18d]: FINISHING {"metadata":{"emulator":{"name":"functions"},"function":{"name":"us-central1-sendEmail"},"extension":{},"message":"[worker-us-central1-sendEmail-9b71be5f-16e3-474b-83e0-8ac96e1cc18d]: FINISHING"}}
[debug] [2025-02-26T22:01:46.876Z] Feb. 26, 2025 5:01:46 P.M. io.netty.channel.DefaultChannelPipeline onUnhandledInboundException
WARNING: An exceptionCaught() event was fired, and it reached at the tail of the pipeline. It usually means the last handler in the pipeline did not handle the exception.
java.net.SocketException: Connection reset
	at java.base/sun.nio.ch.SocketChannelImpl.throwConnectionReset(SocketChannelImpl.java:394)
	at java.base/sun.nio.ch.SocketChannelImpl.read(SocketChannelImpl.java:426)
	at io.netty.buffer.PooledByteBuf.setBytes(PooledByteBuf.java:255)
	at io.netty.buffer.AbstractByteBuf.writeBytes(AbstractByteBuf.java:1132)
	at io.netty.channel.socket.nio.NioSocketChannel.doReadBytes(NioSocketChannel.java:356)
	at io.netty.channel.nio.AbstractNioByteChannel$NioByteUnsafe.read(AbstractNioByteChannel.java:151)
	at io.netty.channel.nio.NioEventLoop.processSelectedKey(NioEventLoop.java:788)
	at io.netty.channel.nio.NioEventLoop.processSelectedKeysOptimized(NioEventLoop.java:724)
	at io.netty.channel.nio.NioEventLoop.processSelectedKeys(NioEventLoop.java:650)
	at io.netty.channel.nio.NioEventLoop.run(NioEventLoop.java:562)
	at io.netty.util.concurrent.SingleThreadEventExecutor$4.run(SingleThreadEventExecutor.java:994)
	at io.netty.util.internal.ThreadExecutorMap$2.run(ThreadExecutorMap.java:74)
	at io.netty.util.concurrent.FastThreadLocalRunnable.run(FastThreadLocalRunnable.java:30)
	at java.base/java.lang.Thread.run(Thread.java:842)

 {"metadata":{"emulator":{"name":"firestore"},"message":"Feb. 26, 2025 5:01:46 P.M. io.netty.channel.DefaultChannelPipeline onUnhandledInboundException\r\nWARNING: An exceptionCaught() event was fired, and it reached at the tail of the pipeline. It usually means the last handler in the pipeline did not handle the exception.\r\njava.net.SocketException: Connection reset\r\n\tat java.base/sun.nio.ch.SocketChannelImpl.throwConnectionReset(SocketChannelImpl.java:394)\r\n\tat java.base/sun.nio.ch.SocketChannelImpl.read(SocketChannelImpl.java:426)\r\n\tat io.netty.buffer.PooledByteBuf.setBytes(PooledByteBuf.java:255)\r\n\tat io.netty.buffer.AbstractByteBuf.writeBytes(AbstractByteBuf.java:1132)\r\n\tat io.netty.channel.socket.nio.NioSocketChannel.doReadBytes(NioSocketChannel.java:356)\r\n\tat io.netty.channel.nio.AbstractNioByteChannel$NioByteUnsafe.read(AbstractNioByteChannel.java:151)\r\n\tat io.netty.channel.nio.NioEventLoop.processSelectedKey(NioEventLoop.java:788)\r\n\tat io.netty.channel.nio.NioEventLoop.processSelectedKeysOptimized(NioEventLoop.java:724)\r\n\tat io.netty.channel.nio.NioEventLoop.processSelectedKeys(NioEventLoop.java:650)\r\n\tat io.netty.channel.nio.NioEventLoop.run(NioEventLoop.java:562)\r\n\tat io.netty.util.concurrent.SingleThreadEventExecutor$4.run(SingleThreadEventExecutor.java:994)\r\n\tat io.netty.util.internal.ThreadExecutorMap$2.run(ThreadExecutorMap.java:74)\r\n\tat io.netty.util.concurrent.FastThreadLocalRunnable.run(FastThreadLocalRunnable.java:30)\r\n\tat java.base/java.lang.Thread.run(Thread.java:842)\r\n\r\n"}}
[debug] [2025-02-26T22:01:46.884Z] [worker-us-central1-sendEmail-9b71be5f-16e3-474b-83e0-8ac96e1cc18d]: exited {"metadata":{"emulator":{"name":"functions"},"function":{"name":"us-central1-sendEmail"},"extension":{},"message":"[worker-us-central1-sendEmail-9b71be5f-16e3-474b-83e0-8ac96e1cc18d]: exited"}}
[debug] [2025-02-26T22:01:46.884Z] [worker-us-central1-sendEmail-9b71be5f-16e3-474b-83e0-8ac96e1cc18d]: FINISHED {"metadata":{"emulator":{"name":"functions"},"function":{"name":"us-central1-sendEmail"},"extension":{},"message":"[worker-us-central1-sendEmail-9b71be5f-16e3-474b-83e0-8ac96e1cc18d]: FINISHED"}}
[debug] [2025-02-26T22:01:46.886Z] [worker-us-central1-submit-de186f18-3542-4a1c-b424-1ad2ba1ba7b2]: exited {"metadata":{"emulator":{"name":"functions"},"function":{"name":"us-central1-submit"},"extension":{},"message":"[worker-us-central1-submit-de186f18-3542-4a1c-b424-1ad2ba1ba7b2]: exited"}}
[debug] [2025-02-26T22:01:46.886Z] [worker-us-central1-submit-de186f18-3542-4a1c-b424-1ad2ba1ba7b2]: FINISHED {"metadata":{"emulator":{"name":"functions"},"function":{"name":"us-central1-submit"},"extension":{},"message":"[worker-us-central1-submit-de186f18-3542-4a1c-b424-1ad2ba1ba7b2]: FINISHED"}}
[debug] [2025-02-26T22:01:59.335Z] Feb. 26, 2025 5:01:59 P.M. io.gapi.emulators.netty.HttpVersionRoutingHandler channelRead
INFO: Detected non-HTTP/2 connection.
 {"metadata":{"emulator":{"name":"firestore"},"message":"Feb. 26, 2025 5:01:59 P.M. io.gapi.emulators.netty.HttpVersionRoutingHandler channelRead\r\nINFO: Detected non-HTTP/2 connection.\r\n"}}
[debug] [2025-02-26T22:02:10.529Z] File C:\Users\night\Documents\GitHub\speedy\my-app\functions\index.js changed, reloading triggers {"metadata":{"emulator":{"name":"functions"},"message":"File C:\\Users\\night\\Documents\\GitHub\\speedy\\my-app\\functions\\index.js changed, reloading triggers"}}
[debug] [2025-02-26T22:02:11.533Z] Validating nodejs source
[debug] [2025-02-26T22:02:12.529Z] > [functions] package.json contents: {
  "name": "functions",
  "description": "Cloud Functions for Firebase",
  "scripts": {
    "serve": "firebase emulators:start --only functions",
    "shell": "firebase functions:shell",
    "start": "npm run shell",
    "deploy": "firebase deploy --only functions",
    "logs": "firebase functions:log"
  },
  "engines": {
    "node": "22"
  },
  "main": "index.js",
  "dependencies": {
    "firebase-admin": "^12.6.0",
    "firebase-functions": "^6.0.1"
  },
  "devDependencies": {
    "firebase-functions-test": "^3.1.0"
  },
  "private": true
}
[debug] [2025-02-26T22:02:12.530Z] Building nodejs source
[debug] [2025-02-26T22:02:12.530Z] Failed to find version of module node: reached end of search path C:\Users\night\Documents\GitHub\speedy\my-app\functions\node_modules
[warn] !  functions: Your requested "node" version "22" doesn't match your global version "20". Using node@20 from host. 
[info] i  functions: Loaded environment variables from .env. 
[debug] [2025-02-26T22:02:12.532Z] Could not find functions.yaml. Must use http discovery
[debug] [2025-02-26T22:02:12.536Z] Found firebase-functions binary at 'C:\Users\night\Documents\GitHub\speedy\my-app\functions\node_modules\.bin\firebase-functions'
[info] Serving at port 8805

[debug] [2025-02-26T22:02:12.961Z] Got response from /__/functions.yaml {"endpoints":{"submit":{"availableMemoryMb":null,"timeoutSeconds":null,"minInstances":null,"maxInstances":null,"ingressSettings":null,"concurrency":null,"serviceAccountEmail":null,"vpc":null,"platform":"gcfv2","labels":{},"httpsTrigger":{},"entryPoint":"submit"},"sendEmail":{"availableMemoryMb":null,"timeoutSeconds":null,"minInstances":null,"maxInstances":null,"ingressSettings":null,"concurrency":null,"serviceAccountEmail":null,"vpc":null,"platform":"gcfv2","labels":{},"eventTrigger":{"eventType":"google.cloud.firestore.document.v1.created","eventFilters":{"database":"(default)","namespace":"(default)"},"eventFilterPathPatterns":{"document":"Appointments/{documentId}"},"retry":false},"entryPoint":"sendEmail"}},"specVersion":"v1alpha1","requiredAPIs":[],"extensions":{}}
[debug] [2025-02-26T22:02:17.985Z] defaultcredentials: writing to file C:\Users\night\AppData\Roaming\firebase\sharjananstaniculas_gmail_com_application_default_credentials.json
[debug] [2025-02-26T22:02:17.986Z] Setting GAC to C:\Users\night\AppData\Roaming\firebase\sharjananstaniculas_gmail_com_application_default_credentials.json {"metadata":{"emulator":{"name":"functions"},"message":"Setting GAC to C:\\Users\\night\\AppData\\Roaming\\firebase\\sharjananstaniculas_gmail_com_application_default_credentials.json"}}
[info] +  functions: Loaded functions definitions from source: submit, sendEmail. {"metadata":{"emulator":{"name":"functions"},"message":"Loaded functions definitions from source: submit, sendEmail."}}
[debug] [2025-02-26T22:02:19.308Z] File C:\Users\night\Documents\GitHub\speedy\my-app\functions\index.js changed, reloading triggers {"metadata":{"emulator":{"name":"functions"},"message":"File C:\\Users\\night\\Documents\\GitHub\\speedy\\my-app\\functions\\index.js changed, reloading triggers"}}
[debug] [2025-02-26T22:02:20.314Z] Validating nodejs source
[debug] [2025-02-26T22:02:21.295Z] > [functions] package.json contents: {
  "name": "functions",
  "description": "Cloud Functions for Firebase",
  "scripts": {
    "serve": "firebase emulators:start --only functions",
    "shell": "firebase functions:shell",
    "start": "npm run shell",
    "deploy": "firebase deploy --only functions",
    "logs": "firebase functions:log"
  },
  "engines": {
    "node": "22"
  },
  "main": "index.js",
  "dependencies": {
    "firebase-admin": "^12.6.0",
    "firebase-functions": "^6.0.1"
  },
  "devDependencies": {
    "firebase-functions-test": "^3.1.0"
  },
  "private": true
}
[debug] [2025-02-26T22:02:21.295Z] Building nodejs source
[debug] [2025-02-26T22:02:21.295Z] Failed to find version of module node: reached end of search path C:\Users\night\Documents\GitHub\speedy\my-app\functions\node_modules
[warn] !  functions: Your requested "node" version "22" doesn't match your global version "20". Using node@20 from host. 
[info] i  functions: Loaded environment variables from .env. 
[debug] [2025-02-26T22:02:21.297Z] Could not find functions.yaml. Must use http discovery
[debug] [2025-02-26T22:02:21.300Z] Found firebase-functions binary at 'C:\Users\night\Documents\GitHub\speedy\my-app\functions\node_modules\.bin\firebase-functions'
[info] Serving at port 8258

[debug] [2025-02-26T22:02:21.711Z] Got response from /__/functions.yaml {"endpoints":{"submit":{"availableMemoryMb":null,"timeoutSeconds":null,"minInstances":null,"maxInstances":null,"ingressSettings":null,"concurrency":null,"serviceAccountEmail":null,"vpc":null,"platform":"gcfv2","labels":{},"httpsTrigger":{},"entryPoint":"submit"},"sendEmail":{"availableMemoryMb":null,"timeoutSeconds":null,"minInstances":null,"maxInstances":null,"ingressSettings":null,"concurrency":null,"serviceAccountEmail":null,"vpc":null,"platform":"gcfv2","labels":{},"eventTrigger":{"eventType":"google.cloud.firestore.document.v1.created","eventFilters":{"database":"(default)","namespace":"(default)"},"eventFilterPathPatterns":{"document":"Appointments/{documentId}"},"retry":false},"entryPoint":"sendEmail"}},"specVersion":"v1alpha1","requiredAPIs":[],"extensions":{}}
[debug] [2025-02-26T22:02:26.746Z] defaultcredentials: writing to file C:\Users\night\AppData\Roaming\firebase\sharjananstaniculas_gmail_com_application_default_credentials.json
[debug] [2025-02-26T22:02:26.747Z] Setting GAC to C:\Users\night\AppData\Roaming\firebase\sharjananstaniculas_gmail_com_application_default_credentials.json {"metadata":{"emulator":{"name":"functions"},"message":"Setting GAC to C:\\Users\\night\\AppData\\Roaming\\firebase\\sharjananstaniculas_gmail_com_application_default_credentials.json"}}
[info] +  functions: Loaded functions definitions from source: submit, sendEmail. {"metadata":{"emulator":{"name":"functions"},"message":"Loaded functions definitions from source: submit, sendEmail."}}
[debug] [2025-02-26T22:02:38.192Z] [work-queue] {"queuedWork":["/speedy-c4155/us-central1/submit-2025-02-26T22:02:38.192Z"],"queueLength":1,"runningWork":[],"workRunningCount":0}
[debug] [2025-02-26T22:02:38.193Z] [work-queue] {"queuedWork":[],"queueLength":0,"runningWork":["/speedy-c4155/us-central1/submit-2025-02-26T22:02:38.192Z"],"workRunningCount":1}
[debug] [2025-02-26T22:02:38.193Z] Accepted request OPTIONS /speedy-c4155/us-central1/submit --> us-central1-submit
[debug] [2025-02-26T22:02:38.197Z] [functions] Runtime ready! Sending request! {"metadata":{"emulator":{"name":"functions"},"message":"[functions] Runtime ready! Sending request!"}}
[debug] [2025-02-26T22:02:38.197Z] [functions] Got req.url=/speedy-c4155/us-central1/submit, mapping to path=/ {"metadata":{"emulator":{"name":"functions"},"message":"[functions] Got req.url=/speedy-c4155/us-central1/submit, mapping to path=/"}}
[debug] [2025-02-26T22:02:38.198Z] [worker-pool] Cleaned up workers for us-central1-submit: 1 --> 0 {"metadata":{"emulator":{"name":"functions"},"message":"[worker-pool] Cleaned up workers for us-central1-submit: 1 --> 0"}}
[debug] [2025-02-26T22:02:38.198Z] [worker-pool] Cleaned up workers for us-central1-sendEmail: 1 --> 0 {"metadata":{"emulator":{"name":"functions"},"message":"[worker-pool] Cleaned up workers for us-central1-sendEmail: 1 --> 0"}}
[info] i  functions: Loaded environment variables from .env. 
[debug] [2025-02-26T22:02:38.208Z] [worker-pool] addWorker(us-central1-submit) {"metadata":{"emulator":{"name":"functions"},"message":"[worker-pool] addWorker(us-central1-submit)"}}
[debug] [2025-02-26T22:02:38.209Z] [worker-pool] Adding worker with key us-central1-submit, total=1 {"metadata":{"emulator":{"name":"functions"},"message":"[worker-pool] Adding worker with key us-central1-submit, total=1"}}
[debug] [2025-02-26T22:02:39.071Z] [runtime-status] [20008] Resolved module firebase-admin {"declared":true,"installed":true,"version":"12.7.0","resolution":"C:\\Users\\night\\Documents\\GitHub\\speedy\\my-app\\functions\\node_modules\\firebase-admin\\lib\\index.js"} {"metadata":{"emulator":{"name":"functions"},"function":{"name":"us-central1-submit"},"extension":{},"message":"[runtime-status] [20008] Resolved module firebase-admin {\"declared\":true,\"installed\":true,\"version\":\"12.7.0\",\"resolution\":\"C:\\\\Users\\\\night\\\\Documents\\\\GitHub\\\\speedy\\\\my-app\\\\functions\\\\node_modules\\\\firebase-admin\\\\lib\\\\index.js\"}"}}
[debug] [2025-02-26T22:02:39.071Z] [runtime-status] [20008] Resolved module firebase-functions {"declared":true,"installed":true,"version":"6.3.2","resolution":"C:\\Users\\night\\Documents\\GitHub\\speedy\\my-app\\functions\\node_modules\\firebase-functions\\lib\\v2\\index.js"} {"metadata":{"emulator":{"name":"functions"},"function":{"name":"us-central1-submit"},"extension":{},"message":"[runtime-status] [20008] Resolved module firebase-functions {\"declared\":true,\"installed\":true,\"version\":\"6.3.2\",\"resolution\":\"C:\\\\Users\\\\night\\\\Documents\\\\GitHub\\\\speedy\\\\my-app\\\\functions\\\\node_modules\\\\firebase-functions\\\\lib\\\\v2\\\\index.js\"}"}}
[debug] [2025-02-26T22:02:39.072Z] [runtime-status] [20008] Outgoing network have been stubbed. [{"name":"http","status":"mocked"},{"name":"http","status":"mocked"},{"name":"https","status":"mocked"},{"name":"https","status":"mocked"},{"name":"net","status":"mocked"}] {"metadata":{"emulator":{"name":"functions"},"function":{"name":"us-central1-submit"},"extension":{},"message":"[runtime-status] [20008] Outgoing network have been stubbed. [{\"name\":\"http\",\"status\":\"mocked\"},{\"name\":\"http\",\"status\":\"mocked\"},{\"name\":\"https\",\"status\":\"mocked\"},{\"name\":\"https\",\"status\":\"mocked\"},{\"name\":\"net\",\"status\":\"mocked\"}]"}}
[debug] [2025-02-26T22:02:39.072Z] [runtime-status] [20008] Resolved module firebase-functions {"declared":true,"installed":true,"version":"6.3.2","resolution":"C:\\Users\\night\\Documents\\GitHub\\speedy\\my-app\\functions\\node_modules\\firebase-functions\\lib\\v2\\index.js"} {"metadata":{"emulator":{"name":"functions"},"function":{"name":"us-central1-submit"},"extension":{},"message":"[runtime-status] [20008] Resolved module firebase-functions {\"declared\":true,\"installed\":true,\"version\":\"6.3.2\",\"resolution\":\"C:\\\\Users\\\\night\\\\Documents\\\\GitHub\\\\speedy\\\\my-app\\\\functions\\\\node_modules\\\\firebase-functions\\\\lib\\\\v2\\\\index.js\"}"}}
[debug] [2025-02-26T22:02:39.249Z] [runtime-status] [20008] Checked functions.config() {"config":{}} {"metadata":{"emulator":{"name":"functions"},"function":{"name":"us-central1-submit"},"extension":{},"message":"[runtime-status] [20008] Checked functions.config() {\"config\":{}}"}}
[debug] [2025-02-26T22:02:39.250Z] [runtime-status] [20008] firebase-functions has been stubbed. {"functionsResolution":{"declared":true,"installed":true,"version":"6.3.2","resolution":"C:\\Users\\night\\Documents\\GitHub\\speedy\\my-app\\functions\\node_modules\\firebase-functions\\lib\\v2\\index.js"}} {"metadata":{"emulator":{"name":"functions"},"function":{"name":"us-central1-submit"},"extension":{},"message":"[runtime-status] [20008] firebase-functions has been stubbed. {\"functionsResolution\":{\"declared\":true,\"installed\":true,\"version\":\"6.3.2\",\"resolution\":\"C:\\\\Users\\\\night\\\\Documents\\\\GitHub\\\\speedy\\\\my-app\\\\functions\\\\node_modules\\\\firebase-functions\\\\lib\\\\v2\\\\index.js\"}}"}}
[debug] [2025-02-26T22:02:39.250Z] [runtime-status] [20008] Resolved module firebase-functions {"declared":true,"installed":true,"version":"6.3.2","resolution":"C:\\Users\\night\\Documents\\GitHub\\speedy\\my-app\\functions\\node_modules\\firebase-functions\\lib\\v2\\index.js"} {"metadata":{"emulator":{"name":"functions"},"function":{"name":"us-central1-submit"},"extension":{},"message":"[runtime-status] [20008] Resolved module firebase-functions {\"declared\":true,\"installed\":true,\"version\":\"6.3.2\",\"resolution\":\"C:\\\\Users\\\\night\\\\Documents\\\\GitHub\\\\speedy\\\\my-app\\\\functions\\\\node_modules\\\\firebase-functions\\\\lib\\\\v2\\\\index.js\"}"}}
[debug] [2025-02-26T22:02:39.252Z] [runtime-status] [20008] Resolved module firebase-admin {"declared":true,"installed":true,"version":"12.7.0","resolution":"C:\\Users\\night\\Documents\\GitHub\\speedy\\my-app\\functions\\node_modules\\firebase-admin\\lib\\index.js"} {"metadata":{"emulator":{"name":"functions"},"function":{"name":"us-central1-submit"},"extension":{},"message":"[runtime-status] [20008] Resolved module firebase-admin {\"declared\":true,\"installed\":true,\"version\":\"12.7.0\",\"resolution\":\"C:\\\\Users\\\\night\\\\Documents\\\\GitHub\\\\speedy\\\\my-app\\\\functions\\\\node_modules\\\\firebase-admin\\\\lib\\\\index.js\"}"}}
[debug] [2025-02-26T22:02:39.254Z] [runtime-status] [20008] Resolved module firebase-functions {"declared":true,"installed":true,"version":"6.3.2","resolution":"C:\\Users\\night\\Documents\\GitHub\\speedy\\my-app\\functions\\node_modules\\firebase-functions\\lib\\v2\\index.js"} {"metadata":{"emulator":{"name":"functions"},"function":{"name":"us-central1-submit"},"extension":{},"message":"[runtime-status] [20008] Resolved module firebase-functions {\"declared\":true,\"installed\":true,\"version\":\"6.3.2\",\"resolution\":\"C:\\\\Users\\\\night\\\\Documents\\\\GitHub\\\\speedy\\\\my-app\\\\functions\\\\node_modules\\\\firebase-functions\\\\lib\\\\v2\\\\index.js\"}"}}
[debug] [2025-02-26T22:02:39.254Z] [runtime-status] [20008] firebase-admin has been stubbed. {"adminResolution":{"declared":true,"installed":true,"version":"12.7.0","resolution":"C:\\Users\\night\\Documents\\GitHub\\speedy\\my-app\\functions\\node_modules\\firebase-admin\\lib\\index.js"}} {"metadata":{"emulator":{"name":"functions"},"function":{"name":"us-central1-submit"},"extension":{},"message":"[runtime-status] [20008] firebase-admin has been stubbed. {\"adminResolution\":{\"declared\":true,\"installed\":true,\"version\":\"12.7.0\",\"resolution\":\"C:\\\\Users\\\\night\\\\Documents\\\\GitHub\\\\speedy\\\\my-app\\\\functions\\\\node_modules\\\\firebase-admin\\\\lib\\\\index.js\"}}"}}
[debug] [2025-02-26T22:02:39.306Z] [runtime-status] [20008] Functions runtime initialized. {"cwd":"C:\\Users\\night\\Documents\\GitHub\\speedy\\my-app\\functions","node_version":"20.8.0"} {"metadata":{"emulator":{"name":"functions"},"function":{"name":"us-central1-submit"},"extension":{},"message":"[runtime-status] [20008] Functions runtime initialized. {\"cwd\":\"C:\\\\Users\\\\night\\\\Documents\\\\GitHub\\\\speedy\\\\my-app\\\\functions\",\"node_version\":\"20.8.0\"}"}}
[debug] [2025-02-26T22:02:39.306Z] [runtime-status] [20008] Listening to port: \\?\pipe\fire_emu_11f25135f6d84afb {"metadata":{"emulator":{"name":"functions"},"function":{"name":"us-central1-submit"},"extension":{},"message":"[runtime-status] [20008] Listening to port: \\\\?\\pipe\\fire_emu_11f25135f6d84afb"}}
[debug] [2025-02-26T22:02:39.416Z] [worker-us-central1-submit-1be72794-14f6-4242-adc4-cca18c0b86a6]: IDLE {"metadata":{"emulator":{"name":"functions"},"function":{"name":"us-central1-submit"},"extension":{},"message":"[worker-us-central1-submit-1be72794-14f6-4242-adc4-cca18c0b86a6]: IDLE"}}
[debug] [2025-02-26T22:02:39.417Z] [worker-pool] submitRequest(triggerId=us-central1-submit) {"metadata":{"emulator":{"name":"functions"},"message":"[worker-pool] submitRequest(triggerId=us-central1-submit)"}}
[info] i  functions: Beginning execution of "us-central1-submit" {"metadata":{"emulator":{"name":"functions"},"function":{"name":"us-central1-submit"},"extension":{},"message":"Beginning execution of \"us-central1-submit\""}}
[debug] [2025-02-26T22:02:39.418Z] [worker-us-central1-submit-1be72794-14f6-4242-adc4-cca18c0b86a6]: BUSY {"metadata":{"emulator":{"name":"functions"},"function":{"name":"us-central1-submit"},"extension":{},"message":"[worker-us-central1-submit-1be72794-14f6-4242-adc4-cca18c0b86a6]: BUSY"}}
[debug] [2025-02-26T22:02:39.421Z] Finishing up request with event=pause {"metadata":{"emulator":{"name":"functions"},"function":{"name":"us-central1-submit"},"extension":{},"message":"Finishing up request with event=pause"}}
[info] i  functions: Finished "us-central1-submit" in 3.0126ms {"metadata":{"emulator":{"name":"functions"},"function":{"name":"us-central1-submit"},"extension":{},"message":"Finished \"us-central1-submit\" in 3.0126ms"}}
[debug] [2025-02-26T22:02:39.422Z] [worker-us-central1-submit-1be72794-14f6-4242-adc4-cca18c0b86a6]: IDLE {"metadata":{"emulator":{"name":"functions"},"function":{"name":"us-central1-submit"},"extension":{},"message":"[worker-us-central1-submit-1be72794-14f6-4242-adc4-cca18c0b86a6]: IDLE"}}
[debug] [2025-02-26T22:02:39.422Z] Finishing up request with event=finish {"metadata":{"emulator":{"name":"functions"},"function":{"name":"us-central1-submit"},"extension":{},"message":"Finishing up request with event=finish"}}
[debug] [2025-02-26T22:02:39.422Z] Finishing up request with event=close {"metadata":{"emulator":{"name":"functions"},"function":{"name":"us-central1-submit"},"extension":{},"message":"Finishing up request with event=close"}}
[debug] [2025-02-26T22:02:39.422Z] [work-queue] {"queuedWork":[],"queueLength":0,"runningWork":[],"workRunningCount":0}
[debug] [2025-02-26T22:02:39.423Z] [work-queue] {"queuedWork":["/speedy-c4155/us-central1/submit-2025-02-26T22:02:39.423Z"],"queueLength":1,"runningWork":[],"workRunningCount":0}
[debug] [2025-02-26T22:02:39.423Z] [work-queue] {"queuedWork":[],"queueLength":0,"runningWork":["/speedy-c4155/us-central1/submit-2025-02-26T22:02:39.423Z"],"workRunningCount":1}
[debug] [2025-02-26T22:02:39.423Z] Accepted request POST /speedy-c4155/us-central1/submit --> us-central1-submit
[debug] [2025-02-26T22:02:39.423Z] [functions] Runtime ready! Sending request! {"metadata":{"emulator":{"name":"functions"},"message":"[functions] Runtime ready! Sending request!"}}
[debug] [2025-02-26T22:02:39.423Z] [functions] Got req.url=/speedy-c4155/us-central1/submit, mapping to path=/ {"metadata":{"emulator":{"name":"functions"},"message":"[functions] Got req.url=/speedy-c4155/us-central1/submit, mapping to path=/"}}
[debug] [2025-02-26T22:02:39.423Z] [worker-pool] submitRequest(triggerId=us-central1-submit) {"metadata":{"emulator":{"name":"functions"},"message":"[worker-pool] submitRequest(triggerId=us-central1-submit)"}}
[info] i  functions: Beginning execution of "us-central1-submit" {"metadata":{"emulator":{"name":"functions"},"function":{"name":"us-central1-submit"},"extension":{},"message":"Beginning execution of \"us-central1-submit\""}}
[debug] [2025-02-26T22:02:39.424Z] [worker-us-central1-submit-1be72794-14f6-4242-adc4-cca18c0b86a6]: BUSY {"metadata":{"emulator":{"name":"functions"},"function":{"name":"us-central1-submit"},"extension":{},"message":"[worker-us-central1-submit-1be72794-14f6-4242-adc4-cca18c0b86a6]: BUSY"}}
[debug] [2025-02-26T22:02:39.655Z] Feb. 26, 2025 5:02:39 P.M. io.gapi.emulators.netty.HttpVersionRoutingHandler channelRead
INFO: Detected HTTP/2 connection.
 {"metadata":{"emulator":{"name":"firestore"},"message":"Feb. 26, 2025 5:02:39 P.M. io.gapi.emulators.netty.HttpVersionRoutingHandler channelRead\r\nINFO: Detected HTTP/2 connection.\r\n"}}
[debug] [2025-02-26T22:02:39.682Z] [work-queue] {"queuedWork":["/functions/projects/speedy-c4155/triggers/us-central1-sendEmail-0-2025-02-26T22:02:39.682Z"],"queueLength":1,"runningWork":["/speedy-c4155/us-central1/submit-2025-02-26T22:02:39.423Z"],"workRunningCount":1}
[debug] [2025-02-26T22:02:39.682Z] [work-queue] {"queuedWork":[],"queueLength":0,"runningWork":["/speedy-c4155/us-central1/submit-2025-02-26T22:02:39.423Z","/functions/projects/speedy-c4155/triggers/us-central1-sendEmail-0-2025-02-26T22:02:39.682Z"],"workRunningCount":2}
[debug] [2025-02-26T22:02:39.682Z] Accepted request POST /functions/projects/speedy-c4155/triggers/us-central1-sendEmail-0 --> us-central1-sendEmail-0
[debug] [2025-02-26T22:02:39.683Z] [functions] Runtime ready! Sending request! {"metadata":{"emulator":{"name":"functions"},"message":"[functions] Runtime ready! Sending request!"}}
[debug] [2025-02-26T22:02:39.683Z] [functions] Got req.url=/functions/projects/speedy-c4155/triggers/us-central1-sendEmail-0, mapping to path=/functions/projects/ {"metadata":{"emulator":{"name":"functions"},"message":"[functions] Got req.url=/functions/projects/speedy-c4155/triggers/us-central1-sendEmail-0, mapping to path=/functions/projects/"}}
[info] i  functions: Loaded environment variables from .env. 
[debug] [2025-02-26T22:02:39.691Z] [worker-pool] addWorker(us-central1-sendEmail) {"metadata":{"emulator":{"name":"functions"},"message":"[worker-pool] addWorker(us-central1-sendEmail)"}}
[debug] [2025-02-26T22:02:39.692Z] [worker-pool] Adding worker with key us-central1-sendEmail, total=1 {"metadata":{"emulator":{"name":"functions"},"message":"[worker-pool] Adding worker with key us-central1-sendEmail, total=1"}}
[debug] [2025-02-26T22:02:39.693Z] Finishing up request with event=pause {"metadata":{"emulator":{"name":"functions"},"function":{"name":"us-central1-submit"},"extension":{},"message":"Finishing up request with event=pause"}}
[info] i  functions: Finished "us-central1-submit" in 269.1323ms {"metadata":{"emulator":{"name":"functions"},"function":{"name":"us-central1-submit"},"extension":{},"message":"Finished \"us-central1-submit\" in 269.1323ms"}}
[debug] [2025-02-26T22:02:39.695Z] [worker-us-central1-submit-1be72794-14f6-4242-adc4-cca18c0b86a6]: IDLE {"metadata":{"emulator":{"name":"functions"},"function":{"name":"us-central1-submit"},"extension":{},"message":"[worker-us-central1-submit-1be72794-14f6-4242-adc4-cca18c0b86a6]: IDLE"}}
[debug] [2025-02-26T22:02:39.696Z] Finishing up request with event=finish {"metadata":{"emulator":{"name":"functions"},"function":{"name":"us-central1-submit"},"extension":{},"message":"Finishing up request with event=finish"}}
[debug] [2025-02-26T22:02:39.696Z] Finishing up request with event=close {"metadata":{"emulator":{"name":"functions"},"function":{"name":"us-central1-submit"},"extension":{},"message":"Finishing up request with event=close"}}
[debug] [2025-02-26T22:02:39.696Z] [work-queue] {"queuedWork":[],"queueLength":0,"runningWork":["/functions/projects/speedy-c4155/triggers/us-central1-sendEmail-0-2025-02-26T22:02:39.682Z"],"workRunningCount":1}
[debug] [2025-02-26T22:02:40.529Z] [runtime-status] [9336] Resolved module firebase-admin {"declared":true,"installed":true,"version":"12.7.0","resolution":"C:\\Users\\night\\Documents\\GitHub\\speedy\\my-app\\functions\\node_modules\\firebase-admin\\lib\\index.js"} {"metadata":{"emulator":{"name":"functions"},"function":{"name":"us-central1-sendEmail"},"extension":{},"message":"[runtime-status] [9336] Resolved module firebase-admin {\"declared\":true,\"installed\":true,\"version\":\"12.7.0\",\"resolution\":\"C:\\\\Users\\\\night\\\\Documents\\\\GitHub\\\\speedy\\\\my-app\\\\functions\\\\node_modules\\\\firebase-admin\\\\lib\\\\index.js\"}"}}
[debug] [2025-02-26T22:02:40.530Z] [runtime-status] [9336] Resolved module firebase-functions {"declared":true,"installed":true,"version":"6.3.2","resolution":"C:\\Users\\night\\Documents\\GitHub\\speedy\\my-app\\functions\\node_modules\\firebase-functions\\lib\\v2\\index.js"} {"metadata":{"emulator":{"name":"functions"},"function":{"name":"us-central1-sendEmail"},"extension":{},"message":"[runtime-status] [9336] Resolved module firebase-functions {\"declared\":true,\"installed\":true,\"version\":\"6.3.2\",\"resolution\":\"C:\\\\Users\\\\night\\\\Documents\\\\GitHub\\\\speedy\\\\my-app\\\\functions\\\\node_modules\\\\firebase-functions\\\\lib\\\\v2\\\\index.js\"}"}}
[debug] [2025-02-26T22:02:40.530Z] [runtime-status] [9336] Outgoing network have been stubbed. [{"name":"http","status":"mocked"},{"name":"http","status":"mocked"},{"name":"https","status":"mocked"},{"name":"https","status":"mocked"},{"name":"net","status":"mocked"}] {"metadata":{"emulator":{"name":"functions"},"function":{"name":"us-central1-sendEmail"},"extension":{},"message":"[runtime-status] [9336] Outgoing network have been stubbed. [{\"name\":\"http\",\"status\":\"mocked\"},{\"name\":\"http\",\"status\":\"mocked\"},{\"name\":\"https\",\"status\":\"mocked\"},{\"name\":\"https\",\"status\":\"mocked\"},{\"name\":\"net\",\"status\":\"mocked\"}]"}}
[debug] [2025-02-26T22:02:40.530Z] [runtime-status] [9336] Resolved module firebase-functions {"declared":true,"installed":true,"version":"6.3.2","resolution":"C:\\Users\\night\\Documents\\GitHub\\speedy\\my-app\\functions\\node_modules\\firebase-functions\\lib\\v2\\index.js"} {"metadata":{"emulator":{"name":"functions"},"function":{"name":"us-central1-sendEmail"},"extension":{},"message":"[runtime-status] [9336] Resolved module firebase-functions {\"declared\":true,\"installed\":true,\"version\":\"6.3.2\",\"resolution\":\"C:\\\\Users\\\\night\\\\Documents\\\\GitHub\\\\speedy\\\\my-app\\\\functions\\\\node_modules\\\\firebase-functions\\\\lib\\\\v2\\\\index.js\"}"}}
[debug] [2025-02-26T22:02:40.708Z] [runtime-status] [9336] Checked functions.config() {"config":{}} {"metadata":{"emulator":{"name":"functions"},"function":{"name":"us-central1-sendEmail"},"extension":{},"message":"[runtime-status] [9336] Checked functions.config() {\"config\":{}}"}}
[debug] [2025-02-26T22:02:40.708Z] [runtime-status] [9336] firebase-functions has been stubbed. {"functionsResolution":{"declared":true,"installed":true,"version":"6.3.2","resolution":"C:\\Users\\night\\Documents\\GitHub\\speedy\\my-app\\functions\\node_modules\\firebase-functions\\lib\\v2\\index.js"}} {"metadata":{"emulator":{"name":"functions"},"function":{"name":"us-central1-sendEmail"},"extension":{},"message":"[runtime-status] [9336] firebase-functions has been stubbed. {\"functionsResolution\":{\"declared\":true,\"installed\":true,\"version\":\"6.3.2\",\"resolution\":\"C:\\\\Users\\\\night\\\\Documents\\\\GitHub\\\\speedy\\\\my-app\\\\functions\\\\node_modules\\\\firebase-functions\\\\lib\\\\v2\\\\index.js\"}}"}}
[debug] [2025-02-26T22:02:40.708Z] [runtime-status] [9336] Resolved module firebase-functions {"declared":true,"installed":true,"version":"6.3.2","resolution":"C:\\Users\\night\\Documents\\GitHub\\speedy\\my-app\\functions\\node_modules\\firebase-functions\\lib\\v2\\index.js"} {"metadata":{"emulator":{"name":"functions"},"function":{"name":"us-central1-sendEmail"},"extension":{},"message":"[runtime-status] [9336] Resolved module firebase-functions {\"declared\":true,\"installed\":true,\"version\":\"6.3.2\",\"resolution\":\"C:\\\\Users\\\\night\\\\Documents\\\\GitHub\\\\speedy\\\\my-app\\\\functions\\\\node_modules\\\\firebase-functions\\\\lib\\\\v2\\\\index.js\"}"}}
[debug] [2025-02-26T22:02:40.713Z] [runtime-status] [9336] Resolved module firebase-admin {"declared":true,"installed":true,"version":"12.7.0","resolution":"C:\\Users\\night\\Documents\\GitHub\\speedy\\my-app\\functions\\node_modules\\firebase-admin\\lib\\index.js"} {"metadata":{"emulator":{"name":"functions"},"function":{"name":"us-central1-sendEmail"},"extension":{},"message":"[runtime-status] [9336] Resolved module firebase-admin {\"declared\":true,\"installed\":true,\"version\":\"12.7.0\",\"resolution\":\"C:\\\\Users\\\\night\\\\Documents\\\\GitHub\\\\speedy\\\\my-app\\\\functions\\\\node_modules\\\\firebase-admin\\\\lib\\\\index.js\"}"}}
[debug] [2025-02-26T22:02:40.714Z] [runtime-status] [9336] Resolved module firebase-functions {"declared":true,"installed":true,"version":"6.3.2","resolution":"C:\\Users\\night\\Documents\\GitHub\\speedy\\my-app\\functions\\node_modules\\firebase-functions\\lib\\v2\\index.js"} {"metadata":{"emulator":{"name":"functions"},"function":{"name":"us-central1-sendEmail"},"extension":{},"message":"[runtime-status] [9336] Resolved module firebase-functions {\"declared\":true,\"installed\":true,\"version\":\"6.3.2\",\"resolution\":\"C:\\\\Users\\\\night\\\\Documents\\\\GitHub\\\\speedy\\\\my-app\\\\functions\\\\node_modules\\\\firebase-functions\\\\lib\\\\v2\\\\index.js\"}"}}
[debug] [2025-02-26T22:02:40.715Z] [runtime-status] [9336] firebase-admin has been stubbed. {"adminResolution":{"declared":true,"installed":true,"version":"12.7.0","resolution":"C:\\Users\\night\\Documents\\GitHub\\speedy\\my-app\\functions\\node_modules\\firebase-admin\\lib\\index.js"}} {"metadata":{"emulator":{"name":"functions"},"function":{"name":"us-central1-sendEmail"},"extension":{},"message":"[runtime-status] [9336] firebase-admin has been stubbed. {\"adminResolution\":{\"declared\":true,\"installed\":true,\"version\":\"12.7.0\",\"resolution\":\"C:\\\\Users\\\\night\\\\Documents\\\\GitHub\\\\speedy\\\\my-app\\\\functions\\\\node_modules\\\\firebase-admin\\\\lib\\\\index.js\"}}"}}
[debug] [2025-02-26T22:02:40.768Z] [runtime-status] [9336] Functions runtime initialized. {"cwd":"C:\\Users\\night\\Documents\\GitHub\\speedy\\my-app\\functions","node_version":"20.8.0"} {"metadata":{"emulator":{"name":"functions"},"function":{"name":"us-central1-sendEmail"},"extension":{},"message":"[runtime-status] [9336] Functions runtime initialized. {\"cwd\":\"C:\\\\Users\\\\night\\\\Documents\\\\GitHub\\\\speedy\\\\my-app\\\\functions\",\"node_version\":\"20.8.0\"}"}}
[debug] [2025-02-26T22:02:40.768Z] [runtime-status] [9336] Listening to port: \\?\pipe\fire_emu_53793018dfa9f6ea {"metadata":{"emulator":{"name":"functions"},"function":{"name":"us-central1-sendEmail"},"extension":{},"message":"[runtime-status] [9336] Listening to port: \\\\?\\pipe\\fire_emu_53793018dfa9f6ea"}}
[debug] [2025-02-26T22:02:40.812Z] [worker-us-central1-sendEmail-cddc70c7-d752-4278-9d14-506bfcfcf2b5]: IDLE {"metadata":{"emulator":{"name":"functions"},"function":{"name":"us-central1-sendEmail"},"extension":{},"message":"[worker-us-central1-sendEmail-cddc70c7-d752-4278-9d14-506bfcfcf2b5]: IDLE"}}
[debug] [2025-02-26T22:02:40.812Z] [worker-pool] submitRequest(triggerId=us-central1-sendEmail) {"metadata":{"emulator":{"name":"functions"},"message":"[worker-pool] submitRequest(triggerId=us-central1-sendEmail)"}}
[info] i  functions: Beginning execution of "us-central1-sendEmail" {"metadata":{"emulator":{"name":"functions"},"function":{"name":"us-central1-sendEmail"},"extension":{},"message":"Beginning execution of \"us-central1-sendEmail\""}}
[debug] [2025-02-26T22:02:40.813Z] [worker-us-central1-sendEmail-cddc70c7-d752-4278-9d14-506bfcfcf2b5]: BUSY {"metadata":{"emulator":{"name":"functions"},"function":{"name":"us-central1-sendEmail"},"extension":{},"message":"[worker-us-central1-sendEmail-cddc70c7-d752-4278-9d14-506bfcfcf2b5]: BUSY"}}
[debug] [2025-02-26T22:02:40.816Z] [runtime-status] [9336] RunCloudEvent {"specversion":"1.0","type":"google.cloud.firestore.document.v1.created","source":"//firestore.googleapis.com/projects/projects/speedy-c4155/databases/(default)","id":"a463b454-a13b-49e5-8619-3f8bb3117086","subject":"documents/Appointments/aW0zEPEVO2pZs1vrsgoy","time":"2025-02-26T22:02:39Z","datacontenttype":"application/protobuf","dataschema":"https://github.com/googleapis/google-cloudevents/blob/main/proto/google/events/cloud/firestore/v1/data.proto","location":"us-central1","project":"speedy-c4155","database":"(default)","namespace":"(default)","document":"Appointments/aW0zEPEVO2pZs1vrsgoy","data":{"type":"Buffer","data":[10,249,2,10,85,112,114,111,106,101,99,116,115,47,115,112,101,101,100,121,45,99,52,49,53,53,47,100,97,116,97,98,97,115,101,115,47,40,100,101,102,97,117,108,116,41,47,100,111,99,117,109,101,110,116,115,47,65,112,112,111,105,110,116,109,101,110,116,115,47,97,87,48,122,69,80,69,86,79,50,112,90,115,49,118,114,115,103,111,121,18,131,2,10,8,102,111,114,109,68,97,116,97,18,246,1,50,243,1,10,25,10,9,102,105,114,115,116,78,97,109,101,18,12,138,1,9,83,104,97,114,106,97,110,97,110,10,25,10,8,108,97,115,116,78,97,109,101,18,13,138,1,10,83,116,97,110,105,99,117,108,97,115,10,35,10,5,101,109,97,105,108,18,26,138,1,23,115,104,97,114,106,97,110,97,110,53,53,64,104,111,116,109,97,105,108,46,99,111,109,10,23,10,5,112,104,111,110,101,18,14,138,1,11,49,53,49,52,57,50,52,57,49,53,52,10,41,10,13,115,101,114,118,105,99,101,78,101,101,100,101,100,18,24,138,1,21,84,105,114,101,32,67,104,97,110,103,101,32,119,105,116,104,32,82,105,109,115,10,19,10,7,99,97,114,84,121,112,101,18,8,138,1,5,84,114,117,99,107,10,14,10,7,99,97,114,89,101,97,114,18,3,16,225,15,10,19,10,4,99,105,116,121,18,11,138,1,8,77,79,78,84,82,69,65,76,10,24,10,10,112,111,115,116,97,108,67,111,100,101,18,10,138,1,7,72,49,90,32,52,67,54,26,12,8,255,158,254,189,6,16,136,153,158,183,2,34,12,8,255,158,254,189,6,16,136,153,158,183,2,26,0]}} {"metadata":{"emulator":{"name":"functions"},"function":{"name":"us-central1-sendEmail"},"extension":{},"message":"[runtime-status] [9336] RunCloudEvent {\"specversion\":\"1.0\",\"type\":\"google.cloud.firestore.document.v1.created\",\"source\":\"//firestore.googleapis.com/projects/projects/speedy-c4155/databases/(default)\",\"id\":\"a463b454-a13b-49e5-8619-3f8bb3117086\",\"subject\":\"documents/Appointments/aW0zEPEVO2pZs1vrsgoy\",\"time\":\"2025-02-26T22:02:39Z\",\"datacontenttype\":\"application/protobuf\",\"dataschema\":\"https://github.com/googleapis/google-cloudevents/blob/main/proto/google/events/cloud/firestore/v1/data.proto\",\"location\":\"us-central1\",\"project\":\"speedy-c4155\",\"database\":\"(default)\",\"namespace\":\"(default)\",\"document\":\"Appointments/aW0zEPEVO2pZs1vrsgoy\",\"data\":{\"type\":\"Buffer\",\"data\":[10,249,2,10,85,112,114,111,106,101,99,116,115,47,115,112,101,101,100,121,45,99,52,49,53,53,47,100,97,116,97,98,97,115,101,115,47,40,100,101,102,97,117,108,116,41,47,100,111,99,117,109,101,110,116,115,47,65,112,112,111,105,110,116,109,101,110,116,115,47,97,87,48,122,69,80,69,86,79,50,112,90,115,49,118,114,115,103,111,121,18,131,2,10,8,102,111,114,109,68,97,116,97,18,246,1,50,243,1,10,25,10,9,102,105,114,115,116,78,97,109,101,18,12,138,1,9,83,104,97,114,106,97,110,97,110,10,25,10,8,108,97,115,116,78,97,109,101,18,13,138,1,10,83,116,97,110,105,99,117,108,97,115,10,35,10,5,101,109,97,105,108,18,26,138,1,23,115,104,97,114,106,97,110,97,110,53,53,64,104,111,116,109,97,105,108,46,99,111,109,10,23,10,5,112,104,111,110,101,18,14,138,1,11,49,53,49,52,57,50,52,57,49,53,52,10,41,10,13,115,101,114,118,105,99,101,78,101,101,100,101,100,18,24,138,1,21,84,105,114,101,32,67,104,97,110,103,101,32,119,105,116,104,32,82,105,109,115,10,19,10,7,99,97,114,84,121,112,101,18,8,138,1,5,84,114,117,99,107,10,14,10,7,99,97,114,89,101,97,114,18,3,16,225,15,10,19,10,4,99,105,116,121,18,11,138,1,8,77,79,78,84,82,69,65,76,10,24,10,10,112,111,115,116,97,108,67,111,100,101,18,10,138,1,7,72,49,90,32,52,67,54,26,12,8,255,158,254,189,6,16,136,153,158,183,2,34,12,8,255,158,254,189,6,16,136,153,158,183,2,26,0]}}"}}
[info] >  📩 Firestore Trigger Activated! {"user":"📩 Firestore Trigger Activated!","metadata":{"emulator":{"name":"functions"},"function":{"name":"us-central1-sendEmail"},"extension":{},"message":"\u001b[90m> \u001b[39m 📩 Firestore Trigger Activated!"}}
[info] >  🔥 Raw Appointment Data from Firestore: { {"user":"🔥 Raw Appointment Data from Firestore: {","metadata":{"emulator":{"name":"functions"},"function":{"name":"us-central1-sendEmail"},"extension":{},"message":"\u001b[90m> \u001b[39m 🔥 Raw Appointment Data from Firestore: {"}}
[info] >    formData: { {"user":"  formData: {","metadata":{"emulator":{"name":"functions"},"function":{"name":"us-central1-sendEmail"},"extension":{},"message":"\u001b[90m> \u001b[39m   formData: {"}}
[info] >      firstName: 'Sharjanan', {"user":"    firstName: 'Sharjanan',","metadata":{"emulator":{"name":"functions"},"function":{"name":"us-central1-sendEmail"},"extension":{},"message":"\u001b[90m> \u001b[39m     firstName: 'Sharjanan',"}}
[info] >      lastName: 'Staniculas', {"user":"    lastName: 'Staniculas',","metadata":{"emulator":{"name":"functions"},"function":{"name":"us-central1-sendEmail"},"extension":{},"message":"\u001b[90m> \u001b[39m     lastName: 'Staniculas',"}}
[info] >      email: 'sharjanan55@hotmail.com', {"user":"    email: 'sharjanan55@hotmail.com',","metadata":{"emulator":{"name":"functions"},"function":{"name":"us-central1-sendEmail"},"extension":{},"message":"\u001b[90m> \u001b[39m     email: 'sharjanan55@hotmail.com',"}}
[info] >      phone: '15149249154', {"user":"    phone: '15149249154',","metadata":{"emulator":{"name":"functions"},"function":{"name":"us-central1-sendEmail"},"extension":{},"message":"\u001b[90m> \u001b[39m     phone: '15149249154',"}}
[info] >      serviceNeeded: 'Tire Change with Rims', {"user":"    serviceNeeded: 'Tire Change with Rims',","metadata":{"emulator":{"name":"functions"},"function":{"name":"us-central1-sendEmail"},"extension":{},"message":"\u001b[90m> \u001b[39m     serviceNeeded: 'Tire Change with Rims',"}}
[info] >      carType: 'Truck', {"user":"    carType: 'Truck',","metadata":{"emulator":{"name":"functions"},"function":{"name":"us-central1-sendEmail"},"extension":{},"message":"\u001b[90m> \u001b[39m     carType: 'Truck',"}}
[info] >      carYear: 2017, {"user":"    carYear: 2017,","metadata":{"emulator":{"name":"functions"},"function":{"name":"us-central1-sendEmail"},"extension":{},"message":"\u001b[90m> \u001b[39m     carYear: 2017,"}}
[info] >      city: 'MONTREAL', {"user":"    city: 'MONTREAL',","metadata":{"emulator":{"name":"functions"},"function":{"name":"us-central1-sendEmail"},"extension":{},"message":"\u001b[90m> \u001b[39m     city: 'MONTREAL',"}}
[info] >      postalCode: 'H1Z 4C6' {"user":"    postalCode: 'H1Z 4C6'","metadata":{"emulator":{"name":"functions"},"function":{"name":"us-central1-sendEmail"},"extension":{},"message":"\u001b[90m> \u001b[39m     postalCode: 'H1Z 4C6'"}}
[info] >    } {"user":"  }","metadata":{"emulator":{"name":"functions"},"function":{"name":"us-central1-sendEmail"},"extension":{},"message":"\u001b[90m> \u001b[39m   }"}}
[info] >  } {"user":"}","metadata":{"emulator":{"name":"functions"},"function":{"name":"us-central1-sendEmail"},"extension":{},"message":"\u001b[90m> \u001b[39m }"}}
[info] >  ✅ Appointment Details: {"user":"✅ Appointment Details:","metadata":{"emulator":{"name":"functions"},"function":{"name":"us-central1-sendEmail"},"extension":{},"message":"\u001b[90m> \u001b[39m ✅ Appointment Details:"}}
[info] >        Name: Sharjanan Staniculas {"user":"      Name: Sharjanan Staniculas","metadata":{"emulator":{"name":"functions"},"function":{"name":"us-central1-sendEmail"},"extension":{},"message":"\u001b[90m> \u001b[39m       Name: Sharjanan Staniculas"}}
[info] >        Phone: 15149249154 {"user":"      Phone: 15149249154","metadata":{"emulator":{"name":"functions"},"function":{"name":"us-central1-sendEmail"},"extension":{},"message":"\u001b[90m> \u001b[39m       Phone: 15149249154"}}
[info] >        Email: sharjanan55@hotmail.com {"user":"      Email: sharjanan55@hotmail.com","metadata":{"emulator":{"name":"functions"},"function":{"name":"us-central1-sendEmail"},"extension":{},"message":"\u001b[90m> \u001b[39m       Email: sharjanan55@hotmail.com"}}
[info] >        Service: Tire Change with Rims {"user":"      Service: Tire Change with Rims","metadata":{"emulator":{"name":"functions"},"function":{"name":"us-central1-sendEmail"},"extension":{},"message":"\u001b[90m> \u001b[39m       Service: Tire Change with Rims"}}
[info] >        Car: 2017 Truck {"user":"      Car: 2017 Truck","metadata":{"emulator":{"name":"functions"},"function":{"name":"us-central1-sendEmail"},"extension":{},"message":"\u001b[90m> \u001b[39m       Car: 2017 Truck"}}
[info] >        Location: MONTREAL, H1Z 4C6 {"user":"      Location: MONTREAL, H1Z 4C6","metadata":{"emulator":{"name":"functions"},"function":{"name":"us-central1-sendEmail"},"extension":{},"message":"\u001b[90m> \u001b[39m       Location: MONTREAL, H1Z 4C6"}}
[info] >       {"user":"    ","metadata":{"emulator":{"name":"functions"},"function":{"name":"us-central1-sendEmail"},"extension":{},"message":"\u001b[90m> \u001b[39m     "}}
[info] >  📩 Email sent successfully to mechanic! {"user":"📩 Email sent successfully to mechanic!","metadata":{"emulator":{"name":"functions"},"function":{"name":"us-central1-sendEmail"},"extension":{},"message":"\u001b[90m> \u001b[39m 📩 Email sent successfully to mechanic!"}}
[debug] [2025-02-26T22:02:41.320Z] Finishing up request with event=pause {"metadata":{"emulator":{"name":"functions"},"function":{"name":"us-central1-sendEmail"},"extension":{},"message":"Finishing up request with event=pause"}}
[info] i  functions: Finished "us-central1-sendEmail" in 507.6452ms {"metadata":{"emulator":{"name":"functions"},"function":{"name":"us-central1-sendEmail"},"extension":{},"message":"Finished \"us-central1-sendEmail\" in 507.6452ms"}}
[debug] [2025-02-26T22:02:41.321Z] [worker-us-central1-sendEmail-cddc70c7-d752-4278-9d14-506bfcfcf2b5]: IDLE {"metadata":{"emulator":{"name":"functions"},"function":{"name":"us-central1-sendEmail"},"extension":{},"message":"[worker-us-central1-sendEmail-cddc70c7-d752-4278-9d14-506bfcfcf2b5]: IDLE"}}
[debug] [2025-02-26T22:02:41.321Z] Finishing up request with event=finish {"metadata":{"emulator":{"name":"functions"},"function":{"name":"us-central1-sendEmail"},"extension":{},"message":"Finishing up request with event=finish"}}
[debug] [2025-02-26T22:02:41.321Z] Finishing up request with event=close {"metadata":{"emulator":{"name":"functions"},"function":{"name":"us-central1-sendEmail"},"extension":{},"message":"Finishing up request with event=close"}}
[debug] [2025-02-26T22:02:41.321Z] [work-queue] {"queuedWork":[],"queueLength":0,"runningWork":[],"workRunningCount":0}
[debug] [2025-02-26T22:02:44.034Z] Feb. 26, 2025 5:02:44 P.M. com.google.cloud.datastore.emulator.firestore.websocket.WebSocketChannelHandler channelClosed
INFO: Websocket client disconnected
 {"metadata":{"emulator":{"name":"firestore"},"message":"Feb. 26, 2025 5:02:44 P.M. com.google.cloud.datastore.emulator.firestore.websocket.WebSocketChannelHandler channelClosed\r\nINFO: Websocket client disconnected\r\n"}}
[debug] [2025-02-26T22:02:44.061Z] Feb. 26, 2025 5:02:44 P.M. com.google.cloud.datastore.emulator.firestore.websocket.WebSocketChannelHandler initChannel
INFO: Connected to new websocket client
 {"metadata":{"emulator":{"name":"firestore"},"message":"Feb. 26, 2025 5:02:44 P.M. com.google.cloud.datastore.emulator.firestore.websocket.WebSocketChannelHandler initChannel\r\nINFO: Connected to new websocket client\r\n"}}
[debug] [2025-02-26T22:03:09.680Z] Feb. 26, 2025 5:03:09 P.M. io.gapi.emulators.netty.HttpVersionRoutingHandler channelRead
INFO: Detected non-HTTP/2 connection.
 {"metadata":{"emulator":{"name":"firestore"},"message":"Feb. 26, 2025 5:03:09 P.M. io.gapi.emulators.netty.HttpVersionRoutingHandler channelRead\r\nINFO: Detected non-HTTP/2 connection.\r\n"}}
[debug] [2025-02-26T22:04:09.700Z] Feb. 26, 2025 5:04:09 P.M. io.gapi.emulators.netty.HttpVersionRoutingHandler channelRead
INFO: Detected non-HTTP/2 connection.
 {"metadata":{"emulator":{"name":"firestore"},"message":"Feb. 26, 2025 5:04:09 P.M. io.gapi.emulators.netty.HttpVersionRoutingHandler channelRead\r\nINFO: Detected non-HTTP/2 connection.\r\n"}}
[debug] [2025-02-26T22:05:09.717Z] Feb. 26, 2025 5:05:09 P.M. io.gapi.emulators.netty.HttpVersionRoutingHandler channelRead
INFO: Detected non-HTTP/2 connection.
 {"metadata":{"emulator":{"name":"firestore"},"message":"Feb. 26, 2025 5:05:09 P.M. io.gapi.emulators.netty.HttpVersionRoutingHandler channelRead\r\nINFO: Detected non-HTTP/2 connection.\r\n"}}
[debug] [2025-02-26T22:06:09.737Z] Feb. 26, 2025 5:06:09 P.M. io.gapi.emulators.netty.HttpVersionRoutingHandler channelRead
INFO: Detected non-HTTP/2 connection.
 {"metadata":{"emulator":{"name":"firestore"},"message":"Feb. 26, 2025 5:06:09 P.M. io.gapi.emulators.netty.HttpVersionRoutingHandler channelRead\r\nINFO: Detected non-HTTP/2 connection.\r\n"}}
[debug] [2025-02-26T22:07:09.743Z] Feb. 26, 2025 5:07:09 P.M. io.gapi.emulators.netty.HttpVersionRoutingHandler channelRead
INFO: Detected non-HTTP/2 connection.
 {"metadata":{"emulator":{"name":"firestore"},"message":"Feb. 26, 2025 5:07:09 P.M. io.gapi.emulators.netty.HttpVersionRoutingHandler channelRead\r\nINFO: Detected non-HTTP/2 connection.\r\n"}}
[debug] [2025-02-26T22:08:09.763Z] Feb. 26, 2025 5:08:09 P.M. io.gapi.emulators.netty.HttpVersionRoutingHandler channelRead
INFO: Detected non-HTTP/2 connection.
 {"metadata":{"emulator":{"name":"firestore"},"message":"Feb. 26, 2025 5:08:09 P.M. io.gapi.emulators.netty.HttpVersionRoutingHandler channelRead\r\nINFO: Detected non-HTTP/2 connection.\r\n"}}
[debug] [2025-02-26T22:09:09.797Z] Feb. 26, 2025 5:09:09 P.M. io.gapi.emulators.netty.HttpVersionRoutingHandler channelRead
INFO: Detected non-HTTP/2 connection.
 {"metadata":{"emulator":{"name":"firestore"},"message":"Feb. 26, 2025 5:09:09 P.M. io.gapi.emulators.netty.HttpVersionRoutingHandler channelRead\r\nINFO: Detected non-HTTP/2 connection.\r\n"}}
[debug] [2025-02-26T22:10:09.824Z] Feb. 26, 2025 5:10:09 P.M. io.gapi.emulators.netty.HttpVersionRoutingHandler channelRead
INFO: Detected non-HTTP/2 connection.
 {"metadata":{"emulator":{"name":"firestore"},"message":"Feb. 26, 2025 5:10:09 P.M. io.gapi.emulators.netty.HttpVersionRoutingHandler channelRead\r\nINFO: Detected non-HTTP/2 connection.\r\n"}}
[debug] [2025-02-26T22:11:09.891Z] Feb. 26, 2025 5:11:09 P.M. io.gapi.emulators.netty.HttpVersionRoutingHandler channelRead
INFO: Detected non-HTTP/2 connection.
 {"metadata":{"emulator":{"name":"firestore"},"message":"Feb. 26, 2025 5:11:09 P.M. io.gapi.emulators.netty.HttpVersionRoutingHandler channelRead\r\nINFO: Detected non-HTTP/2 connection.\r\n"}}
[debug] [2025-02-26T22:12:09.912Z] Feb. 26, 2025 5:12:09 P.M. io.gapi.emulators.netty.HttpVersionRoutingHandler channelRead
INFO: Detected non-HTTP/2 connection.
 {"metadata":{"emulator":{"name":"firestore"},"message":"Feb. 26, 2025 5:12:09 P.M. io.gapi.emulators.netty.HttpVersionRoutingHandler channelRead\r\nINFO: Detected non-HTTP/2 connection.\r\n"}}
[debug] [2025-02-26T22:13:09.935Z] Feb. 26, 2025 5:13:09 P.M. io.gapi.emulators.netty.HttpVersionRoutingHandler channelRead
INFO: Detected non-HTTP/2 connection.
 {"metadata":{"emulator":{"name":"firestore"},"message":"Feb. 26, 2025 5:13:09 P.M. io.gapi.emulators.netty.HttpVersionRoutingHandler channelRead\r\nINFO: Detected non-HTTP/2 connection.\r\n"}}
[debug] [2025-02-26T22:14:09.951Z] Feb. 26, 2025 5:14:09 P.M. io.gapi.emulators.netty.HttpVersionRoutingHandler channelRead
INFO: Detected non-HTTP/2 connection.
 {"metadata":{"emulator":{"name":"firestore"},"message":"Feb. 26, 2025 5:14:09 P.M. io.gapi.emulators.netty.HttpVersionRoutingHandler channelRead\r\nINFO: Detected non-HTTP/2 connection.\r\n"}}
[debug] [2025-02-26T22:15:09.964Z] Feb. 26, 2025 5:15:09 P.M. io.gapi.emulators.netty.HttpVersionRoutingHandler channelRead
INFO: Detected non-HTTP/2 connection.
 {"metadata":{"emulator":{"name":"firestore"},"message":"Feb. 26, 2025 5:15:09 P.M. io.gapi.emulators.netty.HttpVersionRoutingHandler channelRead\r\nINFO: Detected non-HTTP/2 connection.\r\n"}}
[debug] [2025-02-26T22:16:09.983Z] Feb. 26, 2025 5:16:09 P.M. io.gapi.emulators.netty.HttpVersionRoutingHandler channelRead
INFO: Detected non-HTTP/2 connection.
 {"metadata":{"emulator":{"name":"firestore"},"message":"Feb. 26, 2025 5:16:09 P.M. io.gapi.emulators.netty.HttpVersionRoutingHandler channelRead\r\nINFO: Detected non-HTTP/2 connection.\r\n"}}
[debug] [2025-02-26T22:16:55.154Z] Feb. 26, 2025 5:16:55 P.M. io.gapi.emulators.netty.HttpVersionRoutingHandler channelRead
INFO: Detected non-HTTP/2 connection.
 {"metadata":{"emulator":{"name":"firestore"},"message":"Feb. 26, 2025 5:16:55 P.M. io.gapi.emulators.netty.HttpVersionRoutingHandler channelRead\r\nINFO: Detected non-HTTP/2 connection.\r\n"}}
[debug] [2025-02-26T22:17:55.205Z] Feb. 26, 2025 5:17:55 P.M. io.gapi.emulators.netty.HttpVersionRoutingHandler channelRead
INFO: Detected non-HTTP/2 connection.
 {"metadata":{"emulator":{"name":"firestore"},"message":"Feb. 26, 2025 5:17:55 P.M. io.gapi.emulators.netty.HttpVersionRoutingHandler channelRead\r\nINFO: Detected non-HTTP/2 connection.\r\n"}}
[debug] [2025-02-26T22:18:55.214Z] Feb. 26, 2025 5:18:55 P.M. io.gapi.emulators.netty.HttpVersionRoutingHandler channelRead
INFO: Detected non-HTTP/2 connection.
 {"metadata":{"emulator":{"name":"firestore"},"message":"Feb. 26, 2025 5:18:55 P.M. io.gapi.emulators.netty.HttpVersionRoutingHandler channelRead\r\nINFO: Detected non-HTTP/2 connection.\r\n"}}
[debug] [2025-02-26T22:19:55.218Z] Feb. 26, 2025 5:19:55 P.M. io.gapi.emulators.netty.HttpVersionRoutingHandler channelRead
INFO: Detected non-HTTP/2 connection.
 {"metadata":{"emulator":{"name":"firestore"},"message":"Feb. 26, 2025 5:19:55 P.M. io.gapi.emulators.netty.HttpVersionRoutingHandler channelRead\r\nINFO: Detected non-HTTP/2 connection.\r\n"}}
[debug] [2025-02-26T22:20:55.234Z] Feb. 26, 2025 5:20:55 P.M. io.gapi.emulators.netty.HttpVersionRoutingHandler channelRead
INFO: Detected non-HTTP/2 connection.
 {"metadata":{"emulator":{"name":"firestore"},"message":"Feb. 26, 2025 5:20:55 P.M. io.gapi.emulators.netty.HttpVersionRoutingHandler channelRead\r\nINFO: Detected non-HTTP/2 connection.\r\n"}}
[debug] [2025-02-26T22:21:55.237Z] Feb. 26, 2025 5:21:55 P.M. io.gapi.emulators.netty.HttpVersionRoutingHandler channelRead
INFO: Detected non-HTTP/2 connection.
 {"metadata":{"emulator":{"name":"firestore"},"message":"Feb. 26, 2025 5:21:55 P.M. io.gapi.emulators.netty.HttpVersionRoutingHandler channelRead\r\nINFO: Detected non-HTTP/2 connection.\r\n"}}
[debug] [2025-02-26T22:22:55.254Z] Feb. 26, 2025 5:22:55 P.M. io.gapi.emulators.netty.HttpVersionRoutingHandler channelRead
INFO: Detected non-HTTP/2 connection.
 {"metadata":{"emulator":{"name":"firestore"},"message":"Feb. 26, 2025 5:22:55 P.M. io.gapi.emulators.netty.HttpVersionRoutingHandler channelRead\r\nINFO: Detected non-HTTP/2 connection.\r\n"}}
[debug] [2025-02-26T22:23:55.265Z] Feb. 26, 2025 5:23:55 P.M. io.gapi.emulators.netty.HttpVersionRoutingHandler channelRead
INFO: Detected non-HTTP/2 connection.
 {"metadata":{"emulator":{"name":"firestore"},"message":"Feb. 26, 2025 5:23:55 P.M. io.gapi.emulators.netty.HttpVersionRoutingHandler channelRead\r\nINFO: Detected non-HTTP/2 connection.\r\n"}}
[debug] [2025-02-26T22:24:55.282Z] Feb. 26, 2025 5:24:55 P.M. io.gapi.emulators.netty.HttpVersionRoutingHandler channelRead
INFO: Detected non-HTTP/2 connection.
 {"metadata":{"emulator":{"name":"firestore"},"message":"Feb. 26, 2025 5:24:55 P.M. io.gapi.emulators.netty.HttpVersionRoutingHandler channelRead\r\nINFO: Detected non-HTTP/2 connection.\r\n"}}
[debug] [2025-02-26T22:25:55.299Z] Feb. 26, 2025 5:25:55 P.M. io.gapi.emulators.netty.HttpVersionRoutingHandler channelRead
INFO: Detected non-HTTP/2 connection.
 {"metadata":{"emulator":{"name":"firestore"},"message":"Feb. 26, 2025 5:25:55 P.M. io.gapi.emulators.netty.HttpVersionRoutingHandler channelRead\r\nINFO: Detected non-HTTP/2 connection.\r\n"}}
[debug] [2025-02-26T22:26:55.315Z] Feb. 26, 2025 5:26:55 P.M. io.gapi.emulators.netty.HttpVersionRoutingHandler channelRead
INFO: Detected non-HTTP/2 connection.
 {"metadata":{"emulator":{"name":"firestore"},"message":"Feb. 26, 2025 5:26:55 P.M. io.gapi.emulators.netty.HttpVersionRoutingHandler channelRead\r\nINFO: Detected non-HTTP/2 connection.\r\n"}}
[debug] [2025-02-26T22:28:11.071Z] Feb. 26, 2025 5:28:11 P.M. io.gapi.emulators.netty.HttpVersionRoutingHandler channelRead
INFO: Detected non-HTTP/2 connection.
 {"metadata":{"emulator":{"name":"firestore"},"message":"Feb. 26, 2025 5:28:11 P.M. io.gapi.emulators.netty.HttpVersionRoutingHandler channelRead\r\nINFO: Detected non-HTTP/2 connection.\r\n"}}
[debug] [2025-02-26T22:29:11.082Z] Feb. 26, 2025 5:29:11 P.M. io.gapi.emulators.netty.HttpVersionRoutingHandler channelRead
INFO: Detected non-HTTP/2 connection.
 {"metadata":{"emulator":{"name":"firestore"},"message":"Feb. 26, 2025 5:29:11 P.M. io.gapi.emulators.netty.HttpVersionRoutingHandler channelRead\r\nINFO: Detected non-HTTP/2 connection.\r\n"}}
[debug] [2025-02-26T22:30:11.088Z] Feb. 26, 2025 5:30:11 P.M. io.gapi.emulators.netty.HttpVersionRoutingHandler channelRead
INFO: Detected non-HTTP/2 connection.
 {"metadata":{"emulator":{"name":"firestore"},"message":"Feb. 26, 2025 5:30:11 P.M. io.gapi.emulators.netty.HttpVersionRoutingHandler channelRead\r\nINFO: Detected non-HTTP/2 connection.\r\n"}}
[debug] [2025-02-26T22:31:11.108Z] Feb. 26, 2025 5:31:11 P.M. io.gapi.emulators.netty.HttpVersionRoutingHandler channelRead
INFO: Detected non-HTTP/2 connection.
 {"metadata":{"emulator":{"name":"firestore"},"message":"Feb. 26, 2025 5:31:11 P.M. io.gapi.emulators.netty.HttpVersionRoutingHandler channelRead\r\nINFO: Detected non-HTTP/2 connection.\r\n"}}
[debug] [2025-02-26T22:32:11.117Z] Feb. 26, 2025 5:32:11 P.M. io.gapi.emulators.netty.HttpVersionRoutingHandler channelRead
INFO: Detected non-HTTP/2 connection.
 {"metadata":{"emulator":{"name":"firestore"},"message":"Feb. 26, 2025 5:32:11 P.M. io.gapi.emulators.netty.HttpVersionRoutingHandler channelRead\r\nINFO: Detected non-HTTP/2 connection.\r\n"}}
[debug] [2025-02-26T22:33:11.125Z] Feb. 26, 2025 5:33:11 P.M. io.gapi.emulators.netty.HttpVersionRoutingHandler channelRead
INFO: Detected non-HTTP/2 connection.
 {"metadata":{"emulator":{"name":"firestore"},"message":"Feb. 26, 2025 5:33:11 P.M. io.gapi.emulators.netty.HttpVersionRoutingHandler channelRead\r\nINFO: Detected non-HTTP/2 connection.\r\n"}}
[debug] [2025-02-26T22:33:15.676Z] Feb. 26, 2025 5:33:15 P.M. com.google.cloud.datastore.emulator.firestore.websocket.WebSocketChannelHandler channelClosed
INFO: Websocket client disconnected
Feb. 26, 2025 5:33:15 P.M. com.google.cloud.datastore.emulator.firestore.websocket.WebSocketChannelHandler channelClosed
INFO: Websocket client disconnected
 {"metadata":{"emulator":{"name":"firestore"},"message":"Feb. 26, 2025 5:33:15 P.M. com.google.cloud.datastore.emulator.firestore.websocket.WebSocketChannelHandler channelClosed\r\nINFO: Websocket client disconnected\r\nFeb. 26, 2025 5:33:15 P.M. com.google.cloud.datastore.emulator.firestore.websocket.WebSocketChannelHandler channelClosed\r\nINFO: Websocket client disconnected\r\n"}}
[debug] [2025-02-27T00:48:42.796Z] Feb. 26, 2025 7:48:42 P.M. com.google.cloud.datastore.emulator.firestore.websocket.WebSocketChannelHandler initChannel
INFO: Connected to new websocket client
 {"metadata":{"emulator":{"name":"firestore"},"message":"Feb. 26, 2025 7:48:42 P.M. com.google.cloud.datastore.emulator.firestore.websocket.WebSocketChannelHandler initChannel\r\nINFO: Connected to new websocket client\r\n"}}
[debug] [2025-02-27T00:48:42.820Z] Feb. 26, 2025 7:48:42 P.M. com.google.cloud.datastore.emulator.firestore.websocket.WebSocketChannelHandler initChannel
INFO: Connected to new websocket client
 {"metadata":{"emulator":{"name":"firestore"},"message":"Feb. 26, 2025 7:48:42 P.M. com.google.cloud.datastore.emulator.firestore.websocket.WebSocketChannelHandler initChannel\r\nINFO: Connected to new websocket client\r\n"}}
[debug] [2025-02-27T00:49:25.113Z] [work-queue] {"queuedWork":["/speedy-c4155/us-central1/submit-2025-02-27T00:49:25.113Z"],"queueLength":1,"runningWork":[],"workRunningCount":0}
[debug] [2025-02-27T00:49:25.113Z] [work-queue] {"queuedWork":[],"queueLength":0,"runningWork":["/speedy-c4155/us-central1/submit-2025-02-27T00:49:25.113Z"],"workRunningCount":1}
[debug] [2025-02-27T00:49:25.113Z] Accepted request OPTIONS /speedy-c4155/us-central1/submit --> us-central1-submit
[debug] [2025-02-27T00:49:25.115Z] [functions] Runtime ready! Sending request! {"metadata":{"emulator":{"name":"functions"},"message":"[functions] Runtime ready! Sending request!"}}
[debug] [2025-02-27T00:49:25.115Z] [functions] Got req.url=/speedy-c4155/us-central1/submit, mapping to path=/ {"metadata":{"emulator":{"name":"functions"},"message":"[functions] Got req.url=/speedy-c4155/us-central1/submit, mapping to path=/"}}
[debug] [2025-02-27T00:49:25.115Z] [worker-pool] submitRequest(triggerId=us-central1-submit) {"metadata":{"emulator":{"name":"functions"},"message":"[worker-pool] submitRequest(triggerId=us-central1-submit)"}}
[info] i  functions: Beginning execution of "us-central1-submit" {"metadata":{"emulator":{"name":"functions"},"function":{"name":"us-central1-submit"},"extension":{},"message":"Beginning execution of \"us-central1-submit\""}}
[debug] [2025-02-27T00:49:25.116Z] [worker-us-central1-submit-1be72794-14f6-4242-adc4-cca18c0b86a6]: BUSY {"metadata":{"emulator":{"name":"functions"},"function":{"name":"us-central1-submit"},"extension":{},"message":"[worker-us-central1-submit-1be72794-14f6-4242-adc4-cca18c0b86a6]: BUSY"}}
[debug] [2025-02-27T00:49:25.117Z] Finishing up request with event=pause {"metadata":{"emulator":{"name":"functions"},"function":{"name":"us-central1-submit"},"extension":{},"message":"Finishing up request with event=pause"}}
[info] i  functions: Finished "us-central1-submit" in 1.9434ms {"metadata":{"emulator":{"name":"functions"},"function":{"name":"us-central1-submit"},"extension":{},"message":"Finished \"us-central1-submit\" in 1.9434ms"}}
[debug] [2025-02-27T00:49:25.118Z] [worker-us-central1-submit-1be72794-14f6-4242-adc4-cca18c0b86a6]: IDLE {"metadata":{"emulator":{"name":"functions"},"function":{"name":"us-central1-submit"},"extension":{},"message":"[worker-us-central1-submit-1be72794-14f6-4242-adc4-cca18c0b86a6]: IDLE"}}
[debug] [2025-02-27T00:49:25.118Z] Finishing up request with event=finish {"metadata":{"emulator":{"name":"functions"},"function":{"name":"us-central1-submit"},"extension":{},"message":"Finishing up request with event=finish"}}
[debug] [2025-02-27T00:49:25.118Z] Finishing up request with event=close {"metadata":{"emulator":{"name":"functions"},"function":{"name":"us-central1-submit"},"extension":{},"message":"Finishing up request with event=close"}}
[debug] [2025-02-27T00:49:25.118Z] [work-queue] {"queuedWork":[],"queueLength":0,"runningWork":[],"workRunningCount":0}
[debug] [2025-02-27T00:49:25.119Z] [work-queue] {"queuedWork":["/speedy-c4155/us-central1/submit-2025-02-27T00:49:25.119Z"],"queueLength":1,"runningWork":[],"workRunningCount":0}
[debug] [2025-02-27T00:49:25.119Z] [work-queue] {"queuedWork":[],"queueLength":0,"runningWork":["/speedy-c4155/us-central1/submit-2025-02-27T00:49:25.119Z"],"workRunningCount":1}
[debug] [2025-02-27T00:49:25.119Z] Accepted request POST /speedy-c4155/us-central1/submit --> us-central1-submit
[debug] [2025-02-27T00:49:25.120Z] [functions] Runtime ready! Sending request! {"metadata":{"emulator":{"name":"functions"},"message":"[functions] Runtime ready! Sending request!"}}
[debug] [2025-02-27T00:49:25.120Z] [functions] Got req.url=/speedy-c4155/us-central1/submit, mapping to path=/ {"metadata":{"emulator":{"name":"functions"},"message":"[functions] Got req.url=/speedy-c4155/us-central1/submit, mapping to path=/"}}
[debug] [2025-02-27T00:49:25.120Z] [worker-pool] submitRequest(triggerId=us-central1-submit) {"metadata":{"emulator":{"name":"functions"},"message":"[worker-pool] submitRequest(triggerId=us-central1-submit)"}}
[info] i  functions: Beginning execution of "us-central1-submit" {"metadata":{"emulator":{"name":"functions"},"function":{"name":"us-central1-submit"},"extension":{},"message":"Beginning execution of \"us-central1-submit\""}}
[debug] [2025-02-27T00:49:25.121Z] [worker-us-central1-submit-1be72794-14f6-4242-adc4-cca18c0b86a6]: BUSY {"metadata":{"emulator":{"name":"functions"},"function":{"name":"us-central1-submit"},"extension":{},"message":"[worker-us-central1-submit-1be72794-14f6-4242-adc4-cca18c0b86a6]: BUSY"}}
[debug] [2025-02-27T00:49:25.126Z] Feb. 26, 2025 7:49:25 P.M. io.gapi.emulators.netty.HttpVersionRoutingHandler channelRead
INFO: Detected HTTP/2 connection.
 {"metadata":{"emulator":{"name":"firestore"},"message":"Feb. 26, 2025 7:49:25 P.M. io.gapi.emulators.netty.HttpVersionRoutingHandler channelRead\r\nINFO: Detected HTTP/2 connection.\r\n"}}
[debug] [2025-02-27T00:49:25.143Z] [work-queue] {"queuedWork":["/functions/projects/speedy-c4155/triggers/us-central1-sendEmail-0-2025-02-27T00:49:25.142Z"],"queueLength":1,"runningWork":["/speedy-c4155/us-central1/submit-2025-02-27T00:49:25.119Z"],"workRunningCount":1}
[debug] [2025-02-27T00:49:25.143Z] [work-queue] {"queuedWork":[],"queueLength":0,"runningWork":["/speedy-c4155/us-central1/submit-2025-02-27T00:49:25.119Z","/functions/projects/speedy-c4155/triggers/us-central1-sendEmail-0-2025-02-27T00:49:25.142Z"],"workRunningCount":2}
[debug] [2025-02-27T00:49:25.143Z] Accepted request POST /functions/projects/speedy-c4155/triggers/us-central1-sendEmail-0 --> us-central1-sendEmail-0
[debug] [2025-02-27T00:49:25.145Z] [functions] Runtime ready! Sending request! {"metadata":{"emulator":{"name":"functions"},"message":"[functions] Runtime ready! Sending request!"}}
[debug] [2025-02-27T00:49:25.145Z] [functions] Got req.url=/functions/projects/speedy-c4155/triggers/us-central1-sendEmail-0, mapping to path=/functions/projects/ {"metadata":{"emulator":{"name":"functions"},"message":"[functions] Got req.url=/functions/projects/speedy-c4155/triggers/us-central1-sendEmail-0, mapping to path=/functions/projects/"}}
[debug] [2025-02-27T00:49:25.145Z] [worker-pool] submitRequest(triggerId=us-central1-sendEmail) {"metadata":{"emulator":{"name":"functions"},"message":"[worker-pool] submitRequest(triggerId=us-central1-sendEmail)"}}
[info] i  functions: Beginning execution of "us-central1-sendEmail" {"metadata":{"emulator":{"name":"functions"},"function":{"name":"us-central1-sendEmail"},"extension":{},"message":"Beginning execution of \"us-central1-sendEmail\""}}
[debug] [2025-02-27T00:49:25.146Z] [worker-us-central1-sendEmail-cddc70c7-d752-4278-9d14-506bfcfcf2b5]: BUSY {"metadata":{"emulator":{"name":"functions"},"function":{"name":"us-central1-sendEmail"},"extension":{},"message":"[worker-us-central1-sendEmail-cddc70c7-d752-4278-9d14-506bfcfcf2b5]: BUSY"}}
[debug] [2025-02-27T00:49:25.148Z] Finishing up request with event=pause {"metadata":{"emulator":{"name":"functions"},"function":{"name":"us-central1-submit"},"extension":{},"message":"Finishing up request with event=pause"}}
[info] i  functions: Finished "us-central1-submit" in 27.5614ms {"metadata":{"emulator":{"name":"functions"},"function":{"name":"us-central1-submit"},"extension":{},"message":"Finished \"us-central1-submit\" in 27.5614ms"}}
[debug] [2025-02-27T00:49:25.149Z] [worker-us-central1-submit-1be72794-14f6-4242-adc4-cca18c0b86a6]: IDLE {"metadata":{"emulator":{"name":"functions"},"function":{"name":"us-central1-submit"},"extension":{},"message":"[worker-us-central1-submit-1be72794-14f6-4242-adc4-cca18c0b86a6]: IDLE"}}
[debug] [2025-02-27T00:49:25.149Z] Finishing up request with event=finish {"metadata":{"emulator":{"name":"functions"},"function":{"name":"us-central1-submit"},"extension":{},"message":"Finishing up request with event=finish"}}
[debug] [2025-02-27T00:49:25.149Z] Finishing up request with event=close {"metadata":{"emulator":{"name":"functions"},"function":{"name":"us-central1-submit"},"extension":{},"message":"Finishing up request with event=close"}}
[debug] [2025-02-27T00:49:25.149Z] [work-queue] {"queuedWork":[],"queueLength":0,"runningWork":["/functions/projects/speedy-c4155/triggers/us-central1-sendEmail-0-2025-02-27T00:49:25.142Z"],"workRunningCount":1}
[debug] [2025-02-27T00:49:25.150Z] [runtime-status] [9336] RunCloudEvent {"specversion":"1.0","type":"google.cloud.firestore.document.v1.created","source":"//firestore.googleapis.com/projects/projects/speedy-c4155/databases/(default)","id":"f567858b-b4ee-4321-871e-def5d65d6811","subject":"documents/Appointments/gKUE0CUQPRllz8NnoFU2","time":"2025-02-27T00:49:25Z","datacontenttype":"application/protobuf","dataschema":"https://github.com/googleapis/google-cloudevents/blob/main/proto/google/events/cloud/firestore/v1/data.proto","location":"us-central1","project":"speedy-c4155","database":"(default)","namespace":"(default)","document":"Appointments/gKUE0CUQPRllz8NnoFU2","data":{"type":"Buffer","data":[10,221,2,10,85,112,114,111,106,101,99,116,115,47,115,112,101,101,100,121,45,99,52,49,53,53,47,100,97,116,97,98,97,115,101,115,47,40,100,101,102,97,117,108,116,41,47,100,111,99,117,109,101,110,116,115,47,65,112,112,111,105,110,116,109,101,110,116,115,47,103,75,85,69,48,67,85,81,80,82,108,108,122,56,78,110,111,70,85,50,18,233,1,10,8,102,111,114,109,68,97,116,97,18,220,1,50,217,1,10,25,10,9,102,105,114,115,116,78,97,109,101,18,12,138,1,9,83,104,97,114,106,97,110,97,110,10,25,10,8,108,97,115,116,78,97,109,101,18,13,138,1,10,83,116,97,110,105,99,117,108,97,115,10,35,10,5,101,109,97,105,108,18,26,138,1,23,115,104,97,114,106,97,110,97,110,53,53,64,104,111,116,109,97,105,108,46,99,111,109,10,23,10,5,112,104,111,110,101,18,14,138,1,11,49,53,49,52,57,50,52,57,49,53,52,10,20,10,13,115,101,114,118,105,99,101,78,101,101,100,101,100,18,3,138,1,0,10,14,10,7,99,97,114,84,121,112,101,18,3,138,1,0,10,14,10,7,99,97,114,89,101,97,114,18,3,138,1,0,10,19,10,4,99,105,116,121,18,11,138,1,8,77,79,78,84,82,69,65,76,10,24,10,10,112,111,115,116,97,108,67,111,100,101,18,10,138,1,7,72,49,90,32,52,67,54,26,11,8,149,237,254,189,6,16,224,145,137,61,34,11,8,149,237,254,189,6,16,224,145,137,61,26,0]}} {"metadata":{"emulator":{"name":"functions"},"function":{"name":"us-central1-sendEmail"},"extension":{},"message":"[runtime-status] [9336] RunCloudEvent {\"specversion\":\"1.0\",\"type\":\"google.cloud.firestore.document.v1.created\",\"source\":\"//firestore.googleapis.com/projects/projects/speedy-c4155/databases/(default)\",\"id\":\"f567858b-b4ee-4321-871e-def5d65d6811\",\"subject\":\"documents/Appointments/gKUE0CUQPRllz8NnoFU2\",\"time\":\"2025-02-27T00:49:25Z\",\"datacontenttype\":\"application/protobuf\",\"dataschema\":\"https://github.com/googleapis/google-cloudevents/blob/main/proto/google/events/cloud/firestore/v1/data.proto\",\"location\":\"us-central1\",\"project\":\"speedy-c4155\",\"database\":\"(default)\",\"namespace\":\"(default)\",\"document\":\"Appointments/gKUE0CUQPRllz8NnoFU2\",\"data\":{\"type\":\"Buffer\",\"data\":[10,221,2,10,85,112,114,111,106,101,99,116,115,47,115,112,101,101,100,121,45,99,52,49,53,53,47,100,97,116,97,98,97,115,101,115,47,40,100,101,102,97,117,108,116,41,47,100,111,99,117,109,101,110,116,115,47,65,112,112,111,105,110,116,109,101,110,116,115,47,103,75,85,69,48,67,85,81,80,82,108,108,122,56,78,110,111,70,85,50,18,233,1,10,8,102,111,114,109,68,97,116,97,18,220,1,50,217,1,10,25,10,9,102,105,114,115,116,78,97,109,101,18,12,138,1,9,83,104,97,114,106,97,110,97,110,10,25,10,8,108,97,115,116,78,97,109,101,18,13,138,1,10,83,116,97,110,105,99,117,108,97,115,10,35,10,5,101,109,97,105,108,18,26,138,1,23,115,104,97,114,106,97,110,97,110,53,53,64,104,111,116,109,97,105,108,46,99,111,109,10,23,10,5,112,104,111,110,101,18,14,138,1,11,49,53,49,52,57,50,52,57,49,53,52,10,20,10,13,115,101,114,118,105,99,101,78,101,101,100,101,100,18,3,138,1,0,10,14,10,7,99,97,114,84,121,112,101,18,3,138,1,0,10,14,10,7,99,97,114,89,101,97,114,18,3,138,1,0,10,19,10,4,99,105,116,121,18,11,138,1,8,77,79,78,84,82,69,65,76,10,24,10,10,112,111,115,116,97,108,67,111,100,101,18,10,138,1,7,72,49,90,32,52,67,54,26,11,8,149,237,254,189,6,16,224,145,137,61,34,11,8,149,237,254,189,6,16,224,145,137,61,26,0]}}"}}
[info] >  📩 Firestore Trigger Activated! {"user":"📩 Firestore Trigger Activated!","metadata":{"emulator":{"name":"functions"},"function":{"name":"us-central1-sendEmail"},"extension":{},"message":"\u001b[90m> \u001b[39m 📩 Firestore Trigger Activated!"}}
[info] >  🔥 Raw Appointment Data from Firestore: { {"user":"🔥 Raw Appointment Data from Firestore: {","metadata":{"emulator":{"name":"functions"},"function":{"name":"us-central1-sendEmail"},"extension":{},"message":"\u001b[90m> \u001b[39m 🔥 Raw Appointment Data from Firestore: {"}}
[info] >    formData: { {"user":"  formData: {","metadata":{"emulator":{"name":"functions"},"function":{"name":"us-central1-sendEmail"},"extension":{},"message":"\u001b[90m> \u001b[39m   formData: {"}}
[info] >      firstName: 'Sharjanan', {"user":"    firstName: 'Sharjanan',","metadata":{"emulator":{"name":"functions"},"function":{"name":"us-central1-sendEmail"},"extension":{},"message":"\u001b[90m> \u001b[39m     firstName: 'Sharjanan',"}}
[info] >      lastName: 'Staniculas', {"user":"    lastName: 'Staniculas',","metadata":{"emulator":{"name":"functions"},"function":{"name":"us-central1-sendEmail"},"extension":{},"message":"\u001b[90m> \u001b[39m     lastName: 'Staniculas',"}}
[info] >      email: 'sharjanan55@hotmail.com', {"user":"    email: 'sharjanan55@hotmail.com',","metadata":{"emulator":{"name":"functions"},"function":{"name":"us-central1-sendEmail"},"extension":{},"message":"\u001b[90m> \u001b[39m     email: 'sharjanan55@hotmail.com',"}}
[info] >      phone: '15149249154', {"user":"    phone: '15149249154',","metadata":{"emulator":{"name":"functions"},"function":{"name":"us-central1-sendEmail"},"extension":{},"message":"\u001b[90m> \u001b[39m     phone: '15149249154',"}}
[info] >      serviceNeeded: '', {"user":"    serviceNeeded: '',","metadata":{"emulator":{"name":"functions"},"function":{"name":"us-central1-sendEmail"},"extension":{},"message":"\u001b[90m> \u001b[39m     serviceNeeded: '',"}}
[info] >      carType: '', {"user":"    carType: '',","metadata":{"emulator":{"name":"functions"},"function":{"name":"us-central1-sendEmail"},"extension":{},"message":"\u001b[90m> \u001b[39m     carType: '',"}}
[info] >      carYear: '', {"user":"    carYear: '',","metadata":{"emulator":{"name":"functions"},"function":{"name":"us-central1-sendEmail"},"extension":{},"message":"\u001b[90m> \u001b[39m     carYear: '',"}}
[info] >      city: 'MONTREAL', {"user":"    city: 'MONTREAL',","metadata":{"emulator":{"name":"functions"},"function":{"name":"us-central1-sendEmail"},"extension":{},"message":"\u001b[90m> \u001b[39m     city: 'MONTREAL',"}}
[info] >      postalCode: 'H1Z 4C6' {"user":"    postalCode: 'H1Z 4C6'","metadata":{"emulator":{"name":"functions"},"function":{"name":"us-central1-sendEmail"},"extension":{},"message":"\u001b[90m> \u001b[39m     postalCode: 'H1Z 4C6'"}}
[info] >    } {"user":"  }","metadata":{"emulator":{"name":"functions"},"function":{"name":"us-central1-sendEmail"},"extension":{},"message":"\u001b[90m> \u001b[39m   }"}}
[info] >  } {"user":"}","metadata":{"emulator":{"name":"functions"},"function":{"name":"us-central1-sendEmail"},"extension":{},"message":"\u001b[90m> \u001b[39m }"}}
[info] >  ✅ Appointment Details: {"user":"✅ Appointment Details:","metadata":{"emulator":{"name":"functions"},"function":{"name":"us-central1-sendEmail"},"extension":{},"message":"\u001b[90m> \u001b[39m ✅ Appointment Details:"}}
[info] >        Name: Sharjanan Staniculas {"user":"      Name: Sharjanan Staniculas","metadata":{"emulator":{"name":"functions"},"function":{"name":"us-central1-sendEmail"},"extension":{},"message":"\u001b[90m> \u001b[39m       Name: Sharjanan Staniculas"}}
[info] >        Phone: 15149249154 {"user":"      Phone: 15149249154","metadata":{"emulator":{"name":"functions"},"function":{"name":"us-central1-sendEmail"},"extension":{},"message":"\u001b[90m> \u001b[39m       Phone: 15149249154"}}
[info] >        Email: sharjanan55@hotmail.com {"user":"      Email: sharjanan55@hotmail.com","metadata":{"emulator":{"name":"functions"},"function":{"name":"us-central1-sendEmail"},"extension":{},"message":"\u001b[90m> \u001b[39m       Email: sharjanan55@hotmail.com"}}
[info] >        Service: Unknown Service {"user":"      Service: Unknown Service","metadata":{"emulator":{"name":"functions"},"function":{"name":"us-central1-sendEmail"},"extension":{},"message":"\u001b[90m> \u001b[39m       Service: Unknown Service"}}
[info] >        Car: N/A Unknown {"user":"      Car: N/A Unknown","metadata":{"emulator":{"name":"functions"},"function":{"name":"us-central1-sendEmail"},"extension":{},"message":"\u001b[90m> \u001b[39m       Car: N/A Unknown"}}
[info] >        Location: MONTREAL, H1Z 4C6 {"user":"      Location: MONTREAL, H1Z 4C6","metadata":{"emulator":{"name":"functions"},"function":{"name":"us-central1-sendEmail"},"extension":{},"message":"\u001b[90m> \u001b[39m       Location: MONTREAL, H1Z 4C6"}}
[info] >       {"user":"    ","metadata":{"emulator":{"name":"functions"},"function":{"name":"us-central1-sendEmail"},"extension":{},"message":"\u001b[90m> \u001b[39m     "}}
[info] >  📩 Email sent successfully to mechanic! {"user":"📩 Email sent successfully to mechanic!","metadata":{"emulator":{"name":"functions"},"function":{"name":"us-central1-sendEmail"},"extension":{},"message":"\u001b[90m> \u001b[39m 📩 Email sent successfully to mechanic!"}}
[debug] [2025-02-27T00:49:25.648Z] Finishing up request with event=pause {"metadata":{"emulator":{"name":"functions"},"function":{"name":"us-central1-sendEmail"},"extension":{},"message":"Finishing up request with event=pause"}}
[info] i  functions: Finished "us-central1-sendEmail" in 502.0208ms {"metadata":{"emulator":{"name":"functions"},"function":{"name":"us-central1-sendEmail"},"extension":{},"message":"Finished \"us-central1-sendEmail\" in 502.0208ms"}}
[debug] [2025-02-27T00:49:25.649Z] [worker-us-central1-sendEmail-cddc70c7-d752-4278-9d14-506bfcfcf2b5]: IDLE {"metadata":{"emulator":{"name":"functions"},"function":{"name":"us-central1-sendEmail"},"extension":{},"message":"[worker-us-central1-sendEmail-cddc70c7-d752-4278-9d14-506bfcfcf2b5]: IDLE"}}
[debug] [2025-02-27T00:49:25.649Z] Finishing up request with event=finish {"metadata":{"emulator":{"name":"functions"},"function":{"name":"us-central1-sendEmail"},"extension":{},"message":"Finishing up request with event=finish"}}
[debug] [2025-02-27T00:49:25.649Z] Finishing up request with event=close {"metadata":{"emulator":{"name":"functions"},"function":{"name":"us-central1-sendEmail"},"extension":{},"message":"Finishing up request with event=close"}}
[debug] [2025-02-27T00:49:25.649Z] [work-queue] {"queuedWork":[],"queueLength":0,"runningWork":[],"workRunningCount":0}
[debug] [2025-02-27T01:33:07.897Z] Feb. 26, 2025 8:33:07 P.M. com.google.cloud.datastore.emulator.firestore.websocket.WebSocketChannelHandler channelClosed
INFO: Websocket client disconnected
Feb. 26, 2025 8:33:07 P.M. com.google.cloud.datastore.emulator.firestore.websocket.WebSocketChannelHandler channelClosed
INFO: Websocket client disconnected
 {"metadata":{"emulator":{"name":"firestore"},"message":"Feb. 26, 2025 8:33:07 P.M. com.google.cloud.datastore.emulator.firestore.websocket.WebSocketChannelHandler channelClosed\r\nINFO: Websocket client disconnected\r\nFeb. 26, 2025 8:33:07 P.M. com.google.cloud.datastore.emulator.firestore.websocket.WebSocketChannelHandler channelClosed\r\nINFO: Websocket client disconnected\r\n"}}
[debug] [2025-02-27T01:53:38.854Z] Feb. 26, 2025 8:53:38 P.M. com.google.cloud.datastore.emulator.firestore.websocket.WebSocketChannelHandler initChannel
INFO: Connected to new websocket client
 {"metadata":{"emulator":{"name":"firestore"},"message":"Feb. 26, 2025 8:53:38 P.M. com.google.cloud.datastore.emulator.firestore.websocket.WebSocketChannelHandler initChannel\r\nINFO: Connected to new websocket client\r\n"}}
[debug] [2025-02-27T01:53:38.964Z] Feb. 26, 2025 8:53:38 P.M. com.google.cloud.datastore.emulator.firestore.websocket.WebSocketChannelHandler initChannel
INFO: Connected to new websocket client
 {"metadata":{"emulator":{"name":"firestore"},"message":"Feb. 26, 2025 8:53:38 P.M. com.google.cloud.datastore.emulator.firestore.websocket.WebSocketChannelHandler initChannel\r\nINFO: Connected to new websocket client\r\n"}}
[debug] [2025-02-27T02:00:40.054Z] [work-queue] {"queuedWork":["/speedy-c4155/us-central1/submit-2025-02-27T02:00:40.054Z"],"queueLength":1,"runningWork":[],"workRunningCount":0}
[debug] [2025-02-27T02:00:40.054Z] [work-queue] {"queuedWork":[],"queueLength":0,"runningWork":["/speedy-c4155/us-central1/submit-2025-02-27T02:00:40.054Z"],"workRunningCount":1}
[debug] [2025-02-27T02:00:40.054Z] Accepted request OPTIONS /speedy-c4155/us-central1/submit --> us-central1-submit
[debug] [2025-02-27T02:00:40.055Z] [functions] Runtime ready! Sending request! {"metadata":{"emulator":{"name":"functions"},"message":"[functions] Runtime ready! Sending request!"}}
[debug] [2025-02-27T02:00:40.056Z] [functions] Got req.url=/speedy-c4155/us-central1/submit, mapping to path=/ {"metadata":{"emulator":{"name":"functions"},"message":"[functions] Got req.url=/speedy-c4155/us-central1/submit, mapping to path=/"}}
[debug] [2025-02-27T02:00:40.056Z] [worker-pool] submitRequest(triggerId=us-central1-submit) {"metadata":{"emulator":{"name":"functions"},"message":"[worker-pool] submitRequest(triggerId=us-central1-submit)"}}
[info] i  functions: Beginning execution of "us-central1-submit" {"metadata":{"emulator":{"name":"functions"},"function":{"name":"us-central1-submit"},"extension":{},"message":"Beginning execution of \"us-central1-submit\""}}
[debug] [2025-02-27T02:00:40.056Z] [worker-us-central1-submit-1be72794-14f6-4242-adc4-cca18c0b86a6]: BUSY {"metadata":{"emulator":{"name":"functions"},"function":{"name":"us-central1-submit"},"extension":{},"message":"[worker-us-central1-submit-1be72794-14f6-4242-adc4-cca18c0b86a6]: BUSY"}}
[debug] [2025-02-27T02:00:40.058Z] Finishing up request with event=pause {"metadata":{"emulator":{"name":"functions"},"function":{"name":"us-central1-submit"},"extension":{},"message":"Finishing up request with event=pause"}}
[info] i  functions: Finished "us-central1-submit" in 1.9299ms {"metadata":{"emulator":{"name":"functions"},"function":{"name":"us-central1-submit"},"extension":{},"message":"Finished \"us-central1-submit\" in 1.9299ms"}}
[debug] [2025-02-27T02:00:40.059Z] [worker-us-central1-submit-1be72794-14f6-4242-adc4-cca18c0b86a6]: IDLE {"metadata":{"emulator":{"name":"functions"},"function":{"name":"us-central1-submit"},"extension":{},"message":"[worker-us-central1-submit-1be72794-14f6-4242-adc4-cca18c0b86a6]: IDLE"}}
[debug] [2025-02-27T02:00:40.059Z] Finishing up request with event=finish {"metadata":{"emulator":{"name":"functions"},"function":{"name":"us-central1-submit"},"extension":{},"message":"Finishing up request with event=finish"}}
[debug] [2025-02-27T02:00:40.059Z] Finishing up request with event=close {"metadata":{"emulator":{"name":"functions"},"function":{"name":"us-central1-submit"},"extension":{},"message":"Finishing up request with event=close"}}
[debug] [2025-02-27T02:00:40.059Z] [work-queue] {"queuedWork":[],"queueLength":0,"runningWork":[],"workRunningCount":0}
[debug] [2025-02-27T02:00:40.060Z] [work-queue] {"queuedWork":["/speedy-c4155/us-central1/submit-2025-02-27T02:00:40.060Z"],"queueLength":1,"runningWork":[],"workRunningCount":0}
[debug] [2025-02-27T02:00:40.060Z] [work-queue] {"queuedWork":[],"queueLength":0,"runningWork":["/speedy-c4155/us-central1/submit-2025-02-27T02:00:40.060Z"],"workRunningCount":1}
[debug] [2025-02-27T02:00:40.060Z] Accepted request POST /speedy-c4155/us-central1/submit --> us-central1-submit
[debug] [2025-02-27T02:00:40.061Z] [functions] Runtime ready! Sending request! {"metadata":{"emulator":{"name":"functions"},"message":"[functions] Runtime ready! Sending request!"}}
[debug] [2025-02-27T02:00:40.062Z] [functions] Got req.url=/speedy-c4155/us-central1/submit, mapping to path=/ {"metadata":{"emulator":{"name":"functions"},"message":"[functions] Got req.url=/speedy-c4155/us-central1/submit, mapping to path=/"}}
[debug] [2025-02-27T02:00:40.062Z] [worker-pool] submitRequest(triggerId=us-central1-submit) {"metadata":{"emulator":{"name":"functions"},"message":"[worker-pool] submitRequest(triggerId=us-central1-submit)"}}
[info] i  functions: Beginning execution of "us-central1-submit" {"metadata":{"emulator":{"name":"functions"},"function":{"name":"us-central1-submit"},"extension":{},"message":"Beginning execution of \"us-central1-submit\""}}
[debug] [2025-02-27T02:00:40.062Z] [worker-us-central1-submit-1be72794-14f6-4242-adc4-cca18c0b86a6]: BUSY {"metadata":{"emulator":{"name":"functions"},"function":{"name":"us-central1-submit"},"extension":{},"message":"[worker-us-central1-submit-1be72794-14f6-4242-adc4-cca18c0b86a6]: BUSY"}}
[debug] [2025-02-27T02:00:40.079Z] Feb. 26, 2025 9:00:40 P.M. io.gapi.emulators.netty.HttpVersionRoutingHandler channelRead
INFO: Detected HTTP/2 connection.
 {"metadata":{"emulator":{"name":"firestore"},"message":"Feb. 26, 2025 9:00:40 P.M. io.gapi.emulators.netty.HttpVersionRoutingHandler channelRead\r\nINFO: Detected HTTP/2 connection.\r\n"}}
[debug] [2025-02-27T02:00:40.098Z] [work-queue] {"queuedWork":["/functions/projects/speedy-c4155/triggers/us-central1-sendEmail-0-2025-02-27T02:00:40.098Z"],"queueLength":1,"runningWork":["/speedy-c4155/us-central1/submit-2025-02-27T02:00:40.060Z"],"workRunningCount":1}
[debug] [2025-02-27T02:00:40.099Z] [work-queue] {"queuedWork":[],"queueLength":0,"runningWork":["/speedy-c4155/us-central1/submit-2025-02-27T02:00:40.060Z","/functions/projects/speedy-c4155/triggers/us-central1-sendEmail-0-2025-02-27T02:00:40.098Z"],"workRunningCount":2}
[debug] [2025-02-27T02:00:40.099Z] Accepted request POST /functions/projects/speedy-c4155/triggers/us-central1-sendEmail-0 --> us-central1-sendEmail-0
[debug] [2025-02-27T02:00:40.100Z] [functions] Runtime ready! Sending request! {"metadata":{"emulator":{"name":"functions"},"message":"[functions] Runtime ready! Sending request!"}}
[debug] [2025-02-27T02:00:40.101Z] [functions] Got req.url=/functions/projects/speedy-c4155/triggers/us-central1-sendEmail-0, mapping to path=/functions/projects/ {"metadata":{"emulator":{"name":"functions"},"message":"[functions] Got req.url=/functions/projects/speedy-c4155/triggers/us-central1-sendEmail-0, mapping to path=/functions/projects/"}}
[debug] [2025-02-27T02:00:40.101Z] [worker-pool] submitRequest(triggerId=us-central1-sendEmail) {"metadata":{"emulator":{"name":"functions"},"message":"[worker-pool] submitRequest(triggerId=us-central1-sendEmail)"}}
[info] i  functions: Beginning execution of "us-central1-sendEmail" {"metadata":{"emulator":{"name":"functions"},"function":{"name":"us-central1-sendEmail"},"extension":{},"message":"Beginning execution of \"us-central1-sendEmail\""}}
[debug] [2025-02-27T02:00:40.101Z] [worker-us-central1-sendEmail-cddc70c7-d752-4278-9d14-506bfcfcf2b5]: BUSY {"metadata":{"emulator":{"name":"functions"},"function":{"name":"us-central1-sendEmail"},"extension":{},"message":"[worker-us-central1-sendEmail-cddc70c7-d752-4278-9d14-506bfcfcf2b5]: BUSY"}}
[debug] [2025-02-27T02:00:40.102Z] Finishing up request with event=pause {"metadata":{"emulator":{"name":"functions"},"function":{"name":"us-central1-submit"},"extension":{},"message":"Finishing up request with event=pause"}}
[info] i  functions: Finished "us-central1-submit" in 40.6279ms {"metadata":{"emulator":{"name":"functions"},"function":{"name":"us-central1-submit"},"extension":{},"message":"Finished \"us-central1-submit\" in 40.6279ms"}}
[debug] [2025-02-27T02:00:40.103Z] [worker-us-central1-submit-1be72794-14f6-4242-adc4-cca18c0b86a6]: IDLE {"metadata":{"emulator":{"name":"functions"},"function":{"name":"us-central1-submit"},"extension":{},"message":"[worker-us-central1-submit-1be72794-14f6-4242-adc4-cca18c0b86a6]: IDLE"}}
[debug] [2025-02-27T02:00:40.103Z] Finishing up request with event=finish {"metadata":{"emulator":{"name":"functions"},"function":{"name":"us-central1-submit"},"extension":{},"message":"Finishing up request with event=finish"}}
[debug] [2025-02-27T02:00:40.103Z] Finishing up request with event=close {"metadata":{"emulator":{"name":"functions"},"function":{"name":"us-central1-submit"},"extension":{},"message":"Finishing up request with event=close"}}
[debug] [2025-02-27T02:00:40.103Z] [work-queue] {"queuedWork":[],"queueLength":0,"runningWork":["/functions/projects/speedy-c4155/triggers/us-central1-sendEmail-0-2025-02-27T02:00:40.098Z"],"workRunningCount":1}
[debug] [2025-02-27T02:00:40.103Z] [runtime-status] [9336] RunCloudEvent {"specversion":"1.0","type":"google.cloud.firestore.document.v1.created","source":"//firestore.googleapis.com/projects/projects/speedy-c4155/databases/(default)","id":"b872dda2-3b54-4758-bd67-0a372cc8d555","subject":"documents/Appointments/SKlIOsqnGCMaFoFI3nmH","time":"2025-02-27T02:00:40Z","datacontenttype":"application/protobuf","dataschema":"https://github.com/googleapis/google-cloudevents/blob/main/proto/google/events/cloud/firestore/v1/data.proto","location":"us-central1","project":"speedy-c4155","database":"(default)","namespace":"(default)","document":"Appointments/SKlIOsqnGCMaFoFI3nmH","data":{"type":"Buffer","data":[10,243,2,10,85,112,114,111,106,101,99,116,115,47,115,112,101,101,100,121,45,99,52,49,53,53,47,100,97,116,97,98,97,115,101,115,47,40,100,101,102,97,117,108,116,41,47,100,111,99,117,109,101,110,116,115,47,65,112,112,111,105,110,116,109,101,110,116,115,47,83,75,108,73,79,115,113,110,71,67,77,97,70,111,70,73,51,110,109,72,18,255,1,10,8,102,111,114,109,68,97,116,97,18,242,1,50,239,1,10,25,10,9,102,105,114,115,116,78,97,109,101,18,12,138,1,9,83,104,97,114,106,97,110,97,110,10,25,10,8,108,97,115,116,78,97,109,101,18,13,138,1,10,83,116,97,110,105,99,117,108,97,115,10,35,10,5,101,109,97,105,108,18,26,138,1,23,115,104,97,114,106,97,110,97,110,53,53,64,104,111,116,109,97,105,108,46,99,111,109,10,23,10,5,112,104,111,110,101,18,14,138,1,11,49,53,49,52,57,50,52,57,49,53,52,10,36,10,13,115,101,114,118,105,99,101,78,101,101,100,101,100,18,19,138,1,16,71,101,110,101,114,97,108,32,77,101,99,104,97,110,105,99,10,20,10,7,99,97,114,84,121,112,101,18,9,138,1,6,80,105,99,107,117,112,10,14,10,7,99,97,114,89,101,97,114,18,3,16,225,15,10,19,10,4,99,105,116,121,18,11,138,1,8,77,79,78,84,82,69,65,76,10,24,10,10,112,111,115,116,97,108,67,111,100,101,18,10,138,1,7,72,49,90,32,52,67,54,26,11,8,200,142,255,189,6,16,200,189,188,40,34,11,8,200,142,255,189,6,16,200,189,188,40,26,0]}} {"metadata":{"emulator":{"name":"functions"},"function":{"name":"us-central1-sendEmail"},"extension":{},"message":"[runtime-status] [9336] RunCloudEvent {\"specversion\":\"1.0\",\"type\":\"google.cloud.firestore.document.v1.created\",\"source\":\"//firestore.googleapis.com/projects/projects/speedy-c4155/databases/(default)\",\"id\":\"b872dda2-3b54-4758-bd67-0a372cc8d555\",\"subject\":\"documents/Appointments/SKlIOsqnGCMaFoFI3nmH\",\"time\":\"2025-02-27T02:00:40Z\",\"datacontenttype\":\"application/protobuf\",\"dataschema\":\"https://github.com/googleapis/google-cloudevents/blob/main/proto/google/events/cloud/firestore/v1/data.proto\",\"location\":\"us-central1\",\"project\":\"speedy-c4155\",\"database\":\"(default)\",\"namespace\":\"(default)\",\"document\":\"Appointments/SKlIOsqnGCMaFoFI3nmH\",\"data\":{\"type\":\"Buffer\",\"data\":[10,243,2,10,85,112,114,111,106,101,99,116,115,47,115,112,101,101,100,121,45,99,52,49,53,53,47,100,97,116,97,98,97,115,101,115,47,40,100,101,102,97,117,108,116,41,47,100,111,99,117,109,101,110,116,115,47,65,112,112,111,105,110,116,109,101,110,116,115,47,83,75,108,73,79,115,113,110,71,67,77,97,70,111,70,73,51,110,109,72,18,255,1,10,8,102,111,114,109,68,97,116,97,18,242,1,50,239,1,10,25,10,9,102,105,114,115,116,78,97,109,101,18,12,138,1,9,83,104,97,114,106,97,110,97,110,10,25,10,8,108,97,115,116,78,97,109,101,18,13,138,1,10,83,116,97,110,105,99,117,108,97,115,10,35,10,5,101,109,97,105,108,18,26,138,1,23,115,104,97,114,106,97,110,97,110,53,53,64,104,111,116,109,97,105,108,46,99,111,109,10,23,10,5,112,104,111,110,101,18,14,138,1,11,49,53,49,52,57,50,52,57,49,53,52,10,36,10,13,115,101,114,118,105,99,101,78,101,101,100,101,100,18,19,138,1,16,71,101,110,101,114,97,108,32,77,101,99,104,97,110,105,99,10,20,10,7,99,97,114,84,121,112,101,18,9,138,1,6,80,105,99,107,117,112,10,14,10,7,99,97,114,89,101,97,114,18,3,16,225,15,10,19,10,4,99,105,116,121,18,11,138,1,8,77,79,78,84,82,69,65,76,10,24,10,10,112,111,115,116,97,108,67,111,100,101,18,10,138,1,7,72,49,90,32,52,67,54,26,11,8,200,142,255,189,6,16,200,189,188,40,34,11,8,200,142,255,189,6,16,200,189,188,40,26,0]}}"}}
[info] >  📩 Firestore Trigger Activated! {"user":"📩 Firestore Trigger Activated!","metadata":{"emulator":{"name":"functions"},"function":{"name":"us-central1-sendEmail"},"extension":{},"message":"\u001b[90m> \u001b[39m 📩 Firestore Trigger Activated!"}}
[info] >  🔥 Raw Appointment Data from Firestore: { {"user":"🔥 Raw Appointment Data from Firestore: {","metadata":{"emulator":{"name":"functions"},"function":{"name":"us-central1-sendEmail"},"extension":{},"message":"\u001b[90m> \u001b[39m 🔥 Raw Appointment Data from Firestore: {"}}
[info] >    formData: { {"user":"  formData: {","metadata":{"emulator":{"name":"functions"},"function":{"name":"us-central1-sendEmail"},"extension":{},"message":"\u001b[90m> \u001b[39m   formData: {"}}
[info] >      firstName: 'Sharjanan', {"user":"    firstName: 'Sharjanan',","metadata":{"emulator":{"name":"functions"},"function":{"name":"us-central1-sendEmail"},"extension":{},"message":"\u001b[90m> \u001b[39m     firstName: 'Sharjanan',"}}
[info] >      lastName: 'Staniculas', {"user":"    lastName: 'Staniculas',","metadata":{"emulator":{"name":"functions"},"function":{"name":"us-central1-sendEmail"},"extension":{},"message":"\u001b[90m> \u001b[39m     lastName: 'Staniculas',"}}
[info] >      email: 'sharjanan55@hotmail.com', {"user":"    email: 'sharjanan55@hotmail.com',","metadata":{"emulator":{"name":"functions"},"function":{"name":"us-central1-sendEmail"},"extension":{},"message":"\u001b[90m> \u001b[39m     email: 'sharjanan55@hotmail.com',"}}
[info] >      phone: '15149249154', {"user":"    phone: '15149249154',","metadata":{"emulator":{"name":"functions"},"function":{"name":"us-central1-sendEmail"},"extension":{},"message":"\u001b[90m> \u001b[39m     phone: '15149249154',"}}
[info] >      serviceNeeded: 'General Mechanic', {"user":"    serviceNeeded: 'General Mechanic',","metadata":{"emulator":{"name":"functions"},"function":{"name":"us-central1-sendEmail"},"extension":{},"message":"\u001b[90m> \u001b[39m     serviceNeeded: 'General Mechanic',"}}
[info] >      carType: 'Pickup', {"user":"    carType: 'Pickup',","metadata":{"emulator":{"name":"functions"},"function":{"name":"us-central1-sendEmail"},"extension":{},"message":"\u001b[90m> \u001b[39m     carType: 'Pickup',"}}
[info] >      carYear: 2017, {"user":"    carYear: 2017,","metadata":{"emulator":{"name":"functions"},"function":{"name":"us-central1-sendEmail"},"extension":{},"message":"\u001b[90m> \u001b[39m     carYear: 2017,"}}
[info] >      city: 'MONTREAL', {"user":"    city: 'MONTREAL',","metadata":{"emulator":{"name":"functions"},"function":{"name":"us-central1-sendEmail"},"extension":{},"message":"\u001b[90m> \u001b[39m     city: 'MONTREAL',"}}
[info] >      postalCode: 'H1Z 4C6' {"user":"    postalCode: 'H1Z 4C6'","metadata":{"emulator":{"name":"functions"},"function":{"name":"us-central1-sendEmail"},"extension":{},"message":"\u001b[90m> \u001b[39m     postalCode: 'H1Z 4C6'"}}
[info] >    } {"user":"  }","metadata":{"emulator":{"name":"functions"},"function":{"name":"us-central1-sendEmail"},"extension":{},"message":"\u001b[90m> \u001b[39m   }"}}
[info] >  } {"user":"}","metadata":{"emulator":{"name":"functions"},"function":{"name":"us-central1-sendEmail"},"extension":{},"message":"\u001b[90m> \u001b[39m }"}}
[info] >  ✅ Appointment Details: {"user":"✅ Appointment Details:","metadata":{"emulator":{"name":"functions"},"function":{"name":"us-central1-sendEmail"},"extension":{},"message":"\u001b[90m> \u001b[39m ✅ Appointment Details:"}}
[info] >        Name: Sharjanan Staniculas {"user":"      Name: Sharjanan Staniculas","metadata":{"emulator":{"name":"functions"},"function":{"name":"us-central1-sendEmail"},"extension":{},"message":"\u001b[90m> \u001b[39m       Name: Sharjanan Staniculas"}}
[info] >        Phone: 15149249154 {"user":"      Phone: 15149249154","metadata":{"emulator":{"name":"functions"},"function":{"name":"us-central1-sendEmail"},"extension":{},"message":"\u001b[90m> \u001b[39m       Phone: 15149249154"}}
[info] >        Email: sharjanan55@hotmail.com {"user":"      Email: sharjanan55@hotmail.com","metadata":{"emulator":{"name":"functions"},"function":{"name":"us-central1-sendEmail"},"extension":{},"message":"\u001b[90m> \u001b[39m       Email: sharjanan55@hotmail.com"}}
[info] >        Service: General Mechanic {"user":"      Service: General Mechanic","metadata":{"emulator":{"name":"functions"},"function":{"name":"us-central1-sendEmail"},"extension":{},"message":"\u001b[90m> \u001b[39m       Service: General Mechanic"}}
[info] >        Car: 2017 Pickup {"user":"      Car: 2017 Pickup","metadata":{"emulator":{"name":"functions"},"function":{"name":"us-central1-sendEmail"},"extension":{},"message":"\u001b[90m> \u001b[39m       Car: 2017 Pickup"}}
[info] >        Location: MONTREAL, H1Z 4C6 {"user":"      Location: MONTREAL, H1Z 4C6","metadata":{"emulator":{"name":"functions"},"function":{"name":"us-central1-sendEmail"},"extension":{},"message":"\u001b[90m> \u001b[39m       Location: MONTREAL, H1Z 4C6"}}
[info] >       {"user":"    ","metadata":{"emulator":{"name":"functions"},"function":{"name":"us-central1-sendEmail"},"extension":{},"message":"\u001b[90m> \u001b[39m     "}}
[info] >  📩 Email sent successfully to mechanic! {"user":"📩 Email sent successfully to mechanic!","metadata":{"emulator":{"name":"functions"},"function":{"name":"us-central1-sendEmail"},"extension":{},"message":"\u001b[90m> \u001b[39m 📩 Email sent successfully to mechanic!"}}
[debug] [2025-02-27T02:00:40.675Z] Finishing up request with event=pause {"metadata":{"emulator":{"name":"functions"},"function":{"name":"us-central1-sendEmail"},"extension":{},"message":"Finishing up request with event=pause"}}
[info] i  functions: Finished "us-central1-sendEmail" in 573.8827ms {"metadata":{"emulator":{"name":"functions"},"function":{"name":"us-central1-sendEmail"},"extension":{},"message":"Finished \"us-central1-sendEmail\" in 573.8827ms"}}
[debug] [2025-02-27T02:00:40.676Z] [worker-us-central1-sendEmail-cddc70c7-d752-4278-9d14-506bfcfcf2b5]: IDLE {"metadata":{"emulator":{"name":"functions"},"function":{"name":"us-central1-sendEmail"},"extension":{},"message":"[worker-us-central1-sendEmail-cddc70c7-d752-4278-9d14-506bfcfcf2b5]: IDLE"}}
[debug] [2025-02-27T02:00:40.676Z] Finishing up request with event=finish {"metadata":{"emulator":{"name":"functions"},"function":{"name":"us-central1-sendEmail"},"extension":{},"message":"Finishing up request with event=finish"}}
[debug] [2025-02-27T02:00:40.676Z] Finishing up request with event=close {"metadata":{"emulator":{"name":"functions"},"function":{"name":"us-central1-sendEmail"},"extension":{},"message":"Finishing up request with event=close"}}
[debug] [2025-02-27T02:00:40.676Z] [work-queue] {"queuedWork":[],"queueLength":0,"runningWork":[],"workRunningCount":0}
[debug] [2025-02-27T02:30:19.235Z] File C:\Users\night\Documents\GitHub\speedy\my-app\functions\email.js changed, reloading triggers {"metadata":{"emulator":{"name":"functions"},"message":"File C:\\Users\\night\\Documents\\GitHub\\speedy\\my-app\\functions\\email.js changed, reloading triggers"}}
[debug] [2025-02-27T02:30:20.241Z] Validating nodejs source
[debug] [2025-02-27T02:30:21.290Z] > [functions] package.json contents: {
  "name": "functions",
  "description": "Cloud Functions for Firebase",
  "scripts": {
    "serve": "firebase emulators:start --only functions",
    "shell": "firebase functions:shell",
    "start": "npm run shell",
    "deploy": "firebase deploy --only functions",
    "logs": "firebase functions:log"
  },
  "engines": {
    "node": "22"
  },
  "main": "index.js",
  "dependencies": {
    "firebase-admin": "^12.6.0",
    "firebase-functions": "^6.0.1"
  },
  "devDependencies": {
    "firebase-functions-test": "^3.1.0"
  },
  "private": true
}
[debug] [2025-02-27T02:30:21.290Z] Building nodejs source
[debug] [2025-02-27T02:30:21.291Z] Failed to find version of module node: reached end of search path C:\Users\night\Documents\GitHub\speedy\my-app\functions\node_modules
[warn] !  functions: Your requested "node" version "22" doesn't match your global version "20". Using node@20 from host. 
[info] i  functions: Loaded environment variables from .env. 
[debug] [2025-02-27T02:30:21.295Z] Could not find functions.yaml. Must use http discovery
[debug] [2025-02-27T02:30:21.300Z] Found firebase-functions binary at 'C:\Users\night\Documents\GitHub\speedy\my-app\functions\node_modules\.bin\firebase-functions'
[info] Serving at port 8448

[debug] [2025-02-27T02:30:21.954Z] Got response from /__/functions.yaml {"endpoints":{"submit":{"availableMemoryMb":null,"timeoutSeconds":null,"minInstances":null,"maxInstances":null,"ingressSettings":null,"concurrency":null,"serviceAccountEmail":null,"vpc":null,"platform":"gcfv2","labels":{},"httpsTrigger":{},"entryPoint":"submit"},"sendEmail":{"availableMemoryMb":null,"timeoutSeconds":null,"minInstances":null,"maxInstances":null,"ingressSettings":null,"concurrency":null,"serviceAccountEmail":null,"vpc":null,"platform":"gcfv2","labels":{},"eventTrigger":{"eventType":"google.cloud.firestore.document.v1.created","eventFilters":{"database":"(default)","namespace":"(default)"},"eventFilterPathPatterns":{"document":"Appointments/{documentId}"},"retry":false},"entryPoint":"sendEmail"}},"specVersion":"v1alpha1","requiredAPIs":[],"extensions":{}}
[debug] [2025-02-27T02:30:26.986Z] defaultcredentials: writing to file C:\Users\night\AppData\Roaming\firebase\sharjananstaniculas_gmail_com_application_default_credentials.json
[debug] [2025-02-27T02:30:26.987Z] Setting GAC to C:\Users\night\AppData\Roaming\firebase\sharjananstaniculas_gmail_com_application_default_credentials.json {"metadata":{"emulator":{"name":"functions"},"message":"Setting GAC to C:\\Users\\night\\AppData\\Roaming\\firebase\\sharjananstaniculas_gmail_com_application_default_credentials.json"}}
[info] +  functions: Loaded functions definitions from source: submit, sendEmail. {"metadata":{"emulator":{"name":"functions"},"message":"Loaded functions definitions from source: submit, sendEmail."}}
[debug] [2025-02-27T02:30:26.988Z] [worker-pool] Shutting down IDLE worker (us-central1-submit) {"metadata":{"emulator":{"name":"functions"},"message":"[worker-pool] Shutting down IDLE worker (us-central1-submit)"}}
[debug] [2025-02-27T02:30:26.988Z] [worker-us-central1-submit-1be72794-14f6-4242-adc4-cca18c0b86a6]: FINISHING {"metadata":{"emulator":{"name":"functions"},"function":{"name":"us-central1-submit"},"extension":{},"message":"[worker-us-central1-submit-1be72794-14f6-4242-adc4-cca18c0b86a6]: FINISHING"}}
[debug] [2025-02-27T02:30:26.989Z] [worker-pool] Shutting down IDLE worker (us-central1-sendEmail) {"metadata":{"emulator":{"name":"functions"},"message":"[worker-pool] Shutting down IDLE worker (us-central1-sendEmail)"}}
[debug] [2025-02-27T02:30:26.989Z] [worker-us-central1-sendEmail-cddc70c7-d752-4278-9d14-506bfcfcf2b5]: FINISHING {"metadata":{"emulator":{"name":"functions"},"function":{"name":"us-central1-sendEmail"},"extension":{},"message":"[worker-us-central1-sendEmail-cddc70c7-d752-4278-9d14-506bfcfcf2b5]: FINISHING"}}
[debug] [2025-02-27T02:30:26.998Z] [worker-us-central1-sendEmail-cddc70c7-d752-4278-9d14-506bfcfcf2b5]: exited {"metadata":{"emulator":{"name":"functions"},"function":{"name":"us-central1-sendEmail"},"extension":{},"message":"[worker-us-central1-sendEmail-cddc70c7-d752-4278-9d14-506bfcfcf2b5]: exited"}}
[debug] [2025-02-27T02:30:26.998Z] [worker-us-central1-sendEmail-cddc70c7-d752-4278-9d14-506bfcfcf2b5]: FINISHED {"metadata":{"emulator":{"name":"functions"},"function":{"name":"us-central1-sendEmail"},"extension":{},"message":"[worker-us-central1-sendEmail-cddc70c7-d752-4278-9d14-506bfcfcf2b5]: FINISHED"}}
[debug] [2025-02-27T02:30:27.002Z] [worker-us-central1-submit-1be72794-14f6-4242-adc4-cca18c0b86a6]: exited {"metadata":{"emulator":{"name":"functions"},"function":{"name":"us-central1-submit"},"extension":{},"message":"[worker-us-central1-submit-1be72794-14f6-4242-adc4-cca18c0b86a6]: exited"}}
[debug] [2025-02-27T02:30:27.002Z] [worker-us-central1-submit-1be72794-14f6-4242-adc4-cca18c0b86a6]: FINISHED {"metadata":{"emulator":{"name":"functions"},"function":{"name":"us-central1-submit"},"extension":{},"message":"[worker-us-central1-submit-1be72794-14f6-4242-adc4-cca18c0b86a6]: FINISHED"}}
[debug] [2025-02-27T02:30:27.018Z] Feb. 26, 2025 9:30:26 P.M. io.netty.channel.DefaultChannelPipeline onUnhandledInboundException
WARNING: An exceptionCaught() event was fired, and it reached at the tail of the pipeline. It usually means the last handler in the pipeline did not handle the exception.
java.net.SocketException: Connection reset
	at java.base/sun.nio.ch.SocketChannelImpl.throwConnectionReset(SocketChannelImpl.java:394)
	at java.base/sun.nio.ch.SocketChannelImpl.read(SocketChannelImpl.java:426)
	at io.netty.buffer.PooledByteBuf.setBytes(PooledByteBuf.java:255)
	at io.netty.buffer.AbstractByteBuf.writeBytes(AbstractByteBuf.java:1132)
	at io.netty.channel.socket.nio.NioSocketChannel.doReadBytes(NioSocketChannel.java:356)
	at io.netty.channel.nio.AbstractNioByteChannel$NioByteUnsafe.read(AbstractNioByteChannel.java:151)
	at io.netty.channel.nio.NioEventLoop.processSelectedKey(NioEventLoop.java:788)
	at io.netty.channel.nio.NioEventLoop.processSelectedKeysOptimized(NioEventLoop.java:724)
	at io.netty.channel.nio.NioEventLoop.processSelectedKeys(NioEventLoop.java:650)
	at io.netty.channel.nio.NioEventLoop.run(NioEventLoop.java:562)
	at io.netty.util.concurrent.SingleThreadEventExecutor$4.run(SingleThreadEventExecutor.java:994)
	at io.netty.util.internal.ThreadExecutorMap$2.run(ThreadExecutorMap.java:74)
	at io.netty.util.concurrent.FastThreadLocalRunnable.run(FastThreadLocalRunnable.java:30)
	at java.base/java.lang.Thread.run(Thread.java:842)

 {"metadata":{"emulator":{"name":"firestore"},"message":"Feb. 26, 2025 9:30:26 P.M. io.netty.channel.DefaultChannelPipeline onUnhandledInboundException\r\nWARNING: An exceptionCaught() event was fired, and it reached at the tail of the pipeline. It usually means the last handler in the pipeline did not handle the exception.\r\njava.net.SocketException: Connection reset\r\n\tat java.base/sun.nio.ch.SocketChannelImpl.throwConnectionReset(SocketChannelImpl.java:394)\r\n\tat java.base/sun.nio.ch.SocketChannelImpl.read(SocketChannelImpl.java:426)\r\n\tat io.netty.buffer.PooledByteBuf.setBytes(PooledByteBuf.java:255)\r\n\tat io.netty.buffer.AbstractByteBuf.writeBytes(AbstractByteBuf.java:1132)\r\n\tat io.netty.channel.socket.nio.NioSocketChannel.doReadBytes(NioSocketChannel.java:356)\r\n\tat io.netty.channel.nio.AbstractNioByteChannel$NioByteUnsafe.read(AbstractNioByteChannel.java:151)\r\n\tat io.netty.channel.nio.NioEventLoop.processSelectedKey(NioEventLoop.java:788)\r\n\tat io.netty.channel.nio.NioEventLoop.processSelectedKeysOptimized(NioEventLoop.java:724)\r\n\tat io.netty.channel.nio.NioEventLoop.processSelectedKeys(NioEventLoop.java:650)\r\n\tat io.netty.channel.nio.NioEventLoop.run(NioEventLoop.java:562)\r\n\tat io.netty.util.concurrent.SingleThreadEventExecutor$4.run(SingleThreadEventExecutor.java:994)\r\n\tat io.netty.util.internal.ThreadExecutorMap$2.run(ThreadExecutorMap.java:74)\r\n\tat io.netty.util.concurrent.FastThreadLocalRunnable.run(FastThreadLocalRunnable.java:30)\r\n\tat java.base/java.lang.Thread.run(Thread.java:842)\r\n\r\n"}}
[debug] [2025-02-27T02:30:46.482Z] File C:\Users\night\Documents\GitHub\speedy\my-app\functions\email.js changed, reloading triggers {"metadata":{"emulator":{"name":"functions"},"message":"File C:\\Users\\night\\Documents\\GitHub\\speedy\\my-app\\functions\\email.js changed, reloading triggers"}}
[debug] [2025-02-27T02:30:47.494Z] Validating nodejs source
[debug] [2025-02-27T02:30:48.422Z] > [functions] package.json contents: {
  "name": "functions",
  "description": "Cloud Functions for Firebase",
  "scripts": {
    "serve": "firebase emulators:start --only functions",
    "shell": "firebase functions:shell",
    "start": "npm run shell",
    "deploy": "firebase deploy --only functions",
    "logs": "firebase functions:log"
  },
  "engines": {
    "node": "22"
  },
  "main": "index.js",
  "dependencies": {
    "firebase-admin": "^12.6.0",
    "firebase-functions": "^6.0.1"
  },
  "devDependencies": {
    "firebase-functions-test": "^3.1.0"
  },
  "private": true
}
[debug] [2025-02-27T02:30:48.422Z] Building nodejs source
[debug] [2025-02-27T02:30:48.422Z] Failed to find version of module node: reached end of search path C:\Users\night\Documents\GitHub\speedy\my-app\functions\node_modules
[warn] !  functions: Your requested "node" version "22" doesn't match your global version "20". Using node@20 from host. 
[info] i  functions: Loaded environment variables from .env. 
[debug] [2025-02-27T02:30:48.424Z] Could not find functions.yaml. Must use http discovery
[debug] [2025-02-27T02:30:48.428Z] Found firebase-functions binary at 'C:\Users\night\Documents\GitHub\speedy\my-app\functions\node_modules\.bin\firebase-functions'
[info] Serving at port 8958

[debug] [2025-02-27T02:30:48.855Z] Got response from /__/functions.yaml {"endpoints":{"submit":{"availableMemoryMb":null,"timeoutSeconds":null,"minInstances":null,"maxInstances":null,"ingressSettings":null,"concurrency":null,"serviceAccountEmail":null,"vpc":null,"platform":"gcfv2","labels":{},"httpsTrigger":{},"entryPoint":"submit"},"sendEmail":{"availableMemoryMb":null,"timeoutSeconds":null,"minInstances":null,"maxInstances":null,"ingressSettings":null,"concurrency":null,"serviceAccountEmail":null,"vpc":null,"platform":"gcfv2","labels":{},"eventTrigger":{"eventType":"google.cloud.firestore.document.v1.created","eventFilters":{"database":"(default)","namespace":"(default)"},"eventFilterPathPatterns":{"document":"Appointments/{documentId}"},"retry":false},"entryPoint":"sendEmail"}},"specVersion":"v1alpha1","requiredAPIs":[],"extensions":{}}
[debug] [2025-02-27T02:30:53.877Z] defaultcredentials: writing to file C:\Users\night\AppData\Roaming\firebase\sharjananstaniculas_gmail_com_application_default_credentials.json
[debug] [2025-02-27T02:30:53.877Z] Setting GAC to C:\Users\night\AppData\Roaming\firebase\sharjananstaniculas_gmail_com_application_default_credentials.json {"metadata":{"emulator":{"name":"functions"},"message":"Setting GAC to C:\\Users\\night\\AppData\\Roaming\\firebase\\sharjananstaniculas_gmail_com_application_default_credentials.json"}}
[info] +  functions: Loaded functions definitions from source: submit, sendEmail. {"metadata":{"emulator":{"name":"functions"},"message":"Loaded functions definitions from source: submit, sendEmail."}}
[debug] [2025-02-27T02:31:12.758Z] File C:\Users\night\Documents\GitHub\speedy\my-app\functions\YelpRecentLoginEmail.js changed, reloading triggers {"metadata":{"emulator":{"name":"functions"},"message":"File C:\\Users\\night\\Documents\\GitHub\\speedy\\my-app\\functions\\YelpRecentLoginEmail.js changed, reloading triggers"}}
[debug] [2025-02-27T02:31:13.765Z] Validating nodejs source
[debug] [2025-02-27T02:31:14.704Z] > [functions] package.json contents: {
  "name": "functions",
  "description": "Cloud Functions for Firebase",
  "scripts": {
    "serve": "firebase emulators:start --only functions",
    "shell": "firebase functions:shell",
    "start": "npm run shell",
    "deploy": "firebase deploy --only functions",
    "logs": "firebase functions:log"
  },
  "engines": {
    "node": "22"
  },
  "main": "index.js",
  "dependencies": {
    "firebase-admin": "^12.6.0",
    "firebase-functions": "^6.0.1"
  },
  "devDependencies": {
    "firebase-functions-test": "^3.1.0"
  },
  "private": true
}
[debug] [2025-02-27T02:31:14.704Z] Building nodejs source
[debug] [2025-02-27T02:31:14.704Z] Failed to find version of module node: reached end of search path C:\Users\night\Documents\GitHub\speedy\my-app\functions\node_modules
[warn] !  functions: Your requested "node" version "22" doesn't match your global version "20". Using node@20 from host. 
[info] i  functions: Loaded environment variables from .env. 
[debug] [2025-02-27T02:31:14.705Z] Could not find functions.yaml. Must use http discovery
[debug] [2025-02-27T02:31:14.709Z] Found firebase-functions binary at 'C:\Users\night\Documents\GitHub\speedy\my-app\functions\node_modules\.bin\firebase-functions'
[info] Serving at port 8795

[debug] [2025-02-27T02:31:15.125Z] Got response from /__/functions.yaml {"endpoints":{"submit":{"availableMemoryMb":null,"timeoutSeconds":null,"minInstances":null,"maxInstances":null,"ingressSettings":null,"concurrency":null,"serviceAccountEmail":null,"vpc":null,"platform":"gcfv2","labels":{},"httpsTrigger":{},"entryPoint":"submit"},"sendEmail":{"availableMemoryMb":null,"timeoutSeconds":null,"minInstances":null,"maxInstances":null,"ingressSettings":null,"concurrency":null,"serviceAccountEmail":null,"vpc":null,"platform":"gcfv2","labels":{},"eventTrigger":{"eventType":"google.cloud.firestore.document.v1.created","eventFilters":{"database":"(default)","namespace":"(default)"},"eventFilterPathPatterns":{"document":"Appointments/{documentId}"},"retry":false},"entryPoint":"sendEmail"}},"specVersion":"v1alpha1","requiredAPIs":[],"extensions":{}}
[debug] [2025-02-27T02:31:20.164Z] defaultcredentials: writing to file C:\Users\night\AppData\Roaming\firebase\sharjananstaniculas_gmail_com_application_default_credentials.json
[debug] [2025-02-27T02:31:20.164Z] Setting GAC to C:\Users\night\AppData\Roaming\firebase\sharjananstaniculas_gmail_com_application_default_credentials.json {"metadata":{"emulator":{"name":"functions"},"message":"Setting GAC to C:\\Users\\night\\AppData\\Roaming\\firebase\\sharjananstaniculas_gmail_com_application_default_credentials.json"}}
[info] +  functions: Loaded functions definitions from source: submit, sendEmail. {"metadata":{"emulator":{"name":"functions"},"message":"Loaded functions definitions from source: submit, sendEmail."}}
[debug] [2025-02-27T02:33:35.831Z] File C:\Users\night\Documents\GitHub\speedy\my-app\functions\tsconfig.json changed, reloading triggers {"metadata":{"emulator":{"name":"functions"},"message":"File C:\\Users\\night\\Documents\\GitHub\\speedy\\my-app\\functions\\tsconfig.json changed, reloading triggers"}}
[debug] [2025-02-27T02:33:36.847Z] Validating nodejs source
[debug] [2025-02-27T02:33:37.835Z] > [functions] package.json contents: {
  "name": "functions",
  "description": "Cloud Functions for Firebase",
  "scripts": {
    "serve": "firebase emulators:start --only functions",
    "shell": "firebase functions:shell",
    "start": "npm run shell",
    "deploy": "firebase deploy --only functions",
    "logs": "firebase functions:log"
  },
  "engines": {
    "node": "22"
  },
  "main": "index.js",
  "dependencies": {
    "firebase-admin": "^12.6.0",
    "firebase-functions": "^6.0.1"
  },
  "devDependencies": {
    "firebase-functions-test": "^3.1.0"
  },
  "private": true
}
[debug] [2025-02-27T02:33:37.835Z] Building nodejs source
[debug] [2025-02-27T02:33:37.835Z] Failed to find version of module node: reached end of search path C:\Users\night\Documents\GitHub\speedy\my-app\functions\node_modules
[warn] !  functions: Your requested "node" version "22" doesn't match your global version "20". Using node@20 from host. 
[info] i  functions: Loaded environment variables from .env. 
[debug] [2025-02-27T02:33:37.837Z] Could not find functions.yaml. Must use http discovery
[debug] [2025-02-27T02:33:37.842Z] Found firebase-functions binary at 'C:\Users\night\Documents\GitHub\speedy\my-app\functions\node_modules\.bin\firebase-functions'
[info] Serving at port 8098

[debug] [2025-02-27T02:33:38.275Z] Got response from /__/functions.yaml {"endpoints":{"submit":{"availableMemoryMb":null,"timeoutSeconds":null,"minInstances":null,"maxInstances":null,"ingressSettings":null,"concurrency":null,"serviceAccountEmail":null,"vpc":null,"platform":"gcfv2","labels":{},"httpsTrigger":{},"entryPoint":"submit"},"sendEmail":{"availableMemoryMb":null,"timeoutSeconds":null,"minInstances":null,"maxInstances":null,"ingressSettings":null,"concurrency":null,"serviceAccountEmail":null,"vpc":null,"platform":"gcfv2","labels":{},"eventTrigger":{"eventType":"google.cloud.firestore.document.v1.created","eventFilters":{"database":"(default)","namespace":"(default)"},"eventFilterPathPatterns":{"document":"Appointments/{documentId}"},"retry":false},"entryPoint":"sendEmail"}},"specVersion":"v1alpha1","requiredAPIs":[],"extensions":{}}
[debug] [2025-02-27T02:33:40.064Z] File C:\Users\night\Documents\GitHub\speedy\my-app\functions\YelpRecentLoginEmail.ts changed, reloading triggers {"metadata":{"emulator":{"name":"functions"},"message":"File C:\\Users\\night\\Documents\\GitHub\\speedy\\my-app\\functions\\YelpRecentLoginEmail.ts changed, reloading triggers"}}
[debug] [2025-02-27T02:33:41.067Z] Validating nodejs source
[debug] [2025-02-27T02:33:42.142Z] > [functions] package.json contents: {
  "name": "functions",
  "description": "Cloud Functions for Firebase",
  "scripts": {
    "serve": "firebase emulators:start --only functions",
    "shell": "firebase functions:shell",
    "start": "npm run shell",
    "deploy": "firebase deploy --only functions",
    "logs": "firebase functions:log"
  },
  "engines": {
    "node": "22"
  },
  "main": "index.js",
  "dependencies": {
    "firebase-admin": "^12.6.0",
    "firebase-functions": "^6.0.1"
  },
  "devDependencies": {
    "firebase-functions-test": "^3.1.0"
  },
  "private": true
}
[debug] [2025-02-27T02:33:42.142Z] Building nodejs source
[debug] [2025-02-27T02:33:42.142Z] Failed to find version of module node: reached end of search path C:\Users\night\Documents\GitHub\speedy\my-app\functions\node_modules
[warn] !  functions: Your requested "node" version "22" doesn't match your global version "20". Using node@20 from host. 
[info] i  functions: Loaded environment variables from .env. 
[debug] [2025-02-27T02:33:42.143Z] Could not find functions.yaml. Must use http discovery
[debug] [2025-02-27T02:33:42.147Z] Found firebase-functions binary at 'C:\Users\night\Documents\GitHub\speedy\my-app\functions\node_modules\.bin\firebase-functions'
[info] Serving at port 8144

[debug] [2025-02-27T02:33:42.576Z] Got response from /__/functions.yaml {"endpoints":{"submit":{"availableMemoryMb":null,"timeoutSeconds":null,"minInstances":null,"maxInstances":null,"ingressSettings":null,"concurrency":null,"serviceAccountEmail":null,"vpc":null,"platform":"gcfv2","labels":{},"httpsTrigger":{},"entryPoint":"submit"},"sendEmail":{"availableMemoryMb":null,"timeoutSeconds":null,"minInstances":null,"maxInstances":null,"ingressSettings":null,"concurrency":null,"serviceAccountEmail":null,"vpc":null,"platform":"gcfv2","labels":{},"eventTrigger":{"eventType":"google.cloud.firestore.document.v1.created","eventFilters":{"database":"(default)","namespace":"(default)"},"eventFilterPathPatterns":{"document":"Appointments/{documentId}"},"retry":false},"entryPoint":"sendEmail"}},"specVersion":"v1alpha1","requiredAPIs":[],"extensions":{}}
[debug] [2025-02-27T02:33:43.301Z] defaultcredentials: writing to file C:\Users\night\AppData\Roaming\firebase\sharjananstaniculas_gmail_com_application_default_credentials.json
[debug] [2025-02-27T02:33:43.301Z] Setting GAC to C:\Users\night\AppData\Roaming\firebase\sharjananstaniculas_gmail_com_application_default_credentials.json {"metadata":{"emulator":{"name":"functions"},"message":"Setting GAC to C:\\Users\\night\\AppData\\Roaming\\firebase\\sharjananstaniculas_gmail_com_application_default_credentials.json"}}
[info] +  functions: Loaded functions definitions from source: submit, sendEmail. {"metadata":{"emulator":{"name":"functions"},"message":"Loaded functions definitions from source: submit, sendEmail."}}
[debug] [2025-02-27T02:33:47.606Z] defaultcredentials: writing to file C:\Users\night\AppData\Roaming\firebase\sharjananstaniculas_gmail_com_application_default_credentials.json
[debug] [2025-02-27T02:33:47.606Z] Setting GAC to C:\Users\night\AppData\Roaming\firebase\sharjananstaniculas_gmail_com_application_default_credentials.json {"metadata":{"emulator":{"name":"functions"},"message":"Setting GAC to C:\\Users\\night\\AppData\\Roaming\\firebase\\sharjananstaniculas_gmail_com_application_default_credentials.json"}}
[info] +  functions: Loaded functions definitions from source: submit, sendEmail. {"metadata":{"emulator":{"name":"functions"},"message":"Loaded functions definitions from source: submit, sendEmail."}}
[debug] [2025-02-27T02:33:53.354Z] File C:\Users\night\Documents\GitHub\speedy\my-app\functions\tsconfig.json changed, reloading triggers {"metadata":{"emulator":{"name":"functions"},"message":"File C:\\Users\\night\\Documents\\GitHub\\speedy\\my-app\\functions\\tsconfig.json changed, reloading triggers"}}
[debug] [2025-02-27T02:33:54.360Z] Validating nodejs source
[debug] [2025-02-27T02:33:55.270Z] > [functions] package.json contents: {
  "name": "functions",
  "description": "Cloud Functions for Firebase",
  "scripts": {
    "serve": "firebase emulators:start --only functions",
    "shell": "firebase functions:shell",
    "start": "npm run shell",
    "deploy": "firebase deploy --only functions",
    "logs": "firebase functions:log"
  },
  "engines": {
    "node": "22"
  },
  "main": "index.js",
  "dependencies": {
    "firebase-admin": "^12.6.0",
    "firebase-functions": "^6.0.1"
  },
  "devDependencies": {
    "firebase-functions-test": "^3.1.0"
  },
  "private": true
}
[debug] [2025-02-27T02:33:55.270Z] Building nodejs source
[debug] [2025-02-27T02:33:55.270Z] Failed to find version of module node: reached end of search path C:\Users\night\Documents\GitHub\speedy\my-app\functions\node_modules
[warn] !  functions: Your requested "node" version "22" doesn't match your global version "20". Using node@20 from host. 
[info] i  functions: Loaded environment variables from .env. 
[debug] [2025-02-27T02:33:55.272Z] Could not find functions.yaml. Must use http discovery
[debug] [2025-02-27T02:33:55.275Z] Found firebase-functions binary at 'C:\Users\night\Documents\GitHub\speedy\my-app\functions\node_modules\.bin\firebase-functions'
[info] Serving at port 8971

[debug] [2025-02-27T02:33:55.697Z] Got response from /__/functions.yaml {"endpoints":{"submit":{"availableMemoryMb":null,"timeoutSeconds":null,"minInstances":null,"maxInstances":null,"ingressSettings":null,"concurrency":null,"serviceAccountEmail":null,"vpc":null,"platform":"gcfv2","labels":{},"httpsTrigger":{},"entryPoint":"submit"},"sendEmail":{"availableMemoryMb":null,"timeoutSeconds":null,"minInstances":null,"maxInstances":null,"ingressSettings":null,"concurrency":null,"serviceAccountEmail":null,"vpc":null,"platform":"gcfv2","labels":{},"eventTrigger":{"eventType":"google.cloud.firestore.document.v1.created","eventFilters":{"database":"(default)","namespace":"(default)"},"eventFilterPathPatterns":{"document":"Appointments/{documentId}"},"retry":false},"entryPoint":"sendEmail"}},"specVersion":"v1alpha1","requiredAPIs":[],"extensions":{}}
[debug] [2025-02-27T02:34:00.730Z] defaultcredentials: writing to file C:\Users\night\AppData\Roaming\firebase\sharjananstaniculas_gmail_com_application_default_credentials.json
[debug] [2025-02-27T02:34:00.730Z] Setting GAC to C:\Users\night\AppData\Roaming\firebase\sharjananstaniculas_gmail_com_application_default_credentials.json {"metadata":{"emulator":{"name":"functions"},"message":"Setting GAC to C:\\Users\\night\\AppData\\Roaming\\firebase\\sharjananstaniculas_gmail_com_application_default_credentials.json"}}
[info] +  functions: Loaded functions definitions from source: submit, sendEmail. {"metadata":{"emulator":{"name":"functions"},"message":"Loaded functions definitions from source: submit, sendEmail."}}
[debug] [2025-02-27T02:34:52.587Z] File C:\Users\night\Documents\GitHub\speedy\my-app\functions\YelpRecentLoginEmail.ts changed, reloading triggers {"metadata":{"emulator":{"name":"functions"},"message":"File C:\\Users\\night\\Documents\\GitHub\\speedy\\my-app\\functions\\YelpRecentLoginEmail.ts changed, reloading triggers"}}
[debug] [2025-02-27T02:34:53.600Z] Validating nodejs source
[debug] [2025-02-27T02:34:54.587Z] > [functions] package.json contents: {
  "name": "functions",
  "description": "Cloud Functions for Firebase",
  "scripts": {
    "serve": "firebase emulators:start --only functions",
    "shell": "firebase functions:shell",
    "start": "npm run shell",
    "deploy": "firebase deploy --only functions",
    "logs": "firebase functions:log"
  },
  "engines": {
    "node": "22"
  },
  "main": "index.js",
  "dependencies": {
    "firebase-admin": "^12.6.0",
    "firebase-functions": "^6.0.1"
  },
  "devDependencies": {
    "firebase-functions-test": "^3.1.0"
  },
  "private": true
}
[debug] [2025-02-27T02:34:54.588Z] Building nodejs source
[debug] [2025-02-27T02:34:54.588Z] Failed to find version of module node: reached end of search path C:\Users\night\Documents\GitHub\speedy\my-app\functions\node_modules
[warn] !  functions: Your requested "node" version "22" doesn't match your global version "20". Using node@20 from host. 
[info] i  functions: Loaded environment variables from .env. 
[debug] [2025-02-27T02:34:54.589Z] Could not find functions.yaml. Must use http discovery
[debug] [2025-02-27T02:34:54.593Z] Found firebase-functions binary at 'C:\Users\night\Documents\GitHub\speedy\my-app\functions\node_modules\.bin\firebase-functions'
[info] Serving at port 8752

[debug] [2025-02-27T02:34:55.026Z] Got response from /__/functions.yaml {"endpoints":{"submit":{"availableMemoryMb":null,"timeoutSeconds":null,"minInstances":null,"maxInstances":null,"ingressSettings":null,"concurrency":null,"serviceAccountEmail":null,"vpc":null,"platform":"gcfv2","labels":{},"httpsTrigger":{},"entryPoint":"submit"},"sendEmail":{"availableMemoryMb":null,"timeoutSeconds":null,"minInstances":null,"maxInstances":null,"ingressSettings":null,"concurrency":null,"serviceAccountEmail":null,"vpc":null,"platform":"gcfv2","labels":{},"eventTrigger":{"eventType":"google.cloud.firestore.document.v1.created","eventFilters":{"database":"(default)","namespace":"(default)"},"eventFilterPathPatterns":{"document":"Appointments/{documentId}"},"retry":false},"entryPoint":"sendEmail"}},"specVersion":"v1alpha1","requiredAPIs":[],"extensions":{}}
[debug] [2025-02-27T02:35:00.044Z] defaultcredentials: writing to file C:\Users\night\AppData\Roaming\firebase\sharjananstaniculas_gmail_com_application_default_credentials.json
[debug] [2025-02-27T02:35:00.045Z] Setting GAC to C:\Users\night\AppData\Roaming\firebase\sharjananstaniculas_gmail_com_application_default_credentials.json {"metadata":{"emulator":{"name":"functions"},"message":"Setting GAC to C:\\Users\\night\\AppData\\Roaming\\firebase\\sharjananstaniculas_gmail_com_application_default_credentials.json"}}
[info] +  functions: Loaded functions definitions from source: submit, sendEmail. {"metadata":{"emulator":{"name":"functions"},"message":"Loaded functions definitions from source: submit, sendEmail."}}
[debug] [2025-02-27T02:35:59.675Z] File C:\Users\night\Documents\GitHub\speedy\my-app\functions\YelpRecentLoginEmail.ts changed, reloading triggers {"metadata":{"emulator":{"name":"functions"},"message":"File C:\\Users\\night\\Documents\\GitHub\\speedy\\my-app\\functions\\YelpRecentLoginEmail.ts changed, reloading triggers"}}
[debug] [2025-02-27T02:36:00.678Z] Validating nodejs source
[debug] [2025-02-27T02:36:01.627Z] > [functions] package.json contents: {
  "name": "functions",
  "description": "Cloud Functions for Firebase",
  "scripts": {
    "serve": "firebase emulators:start --only functions",
    "shell": "firebase functions:shell",
    "start": "npm run shell",
    "deploy": "firebase deploy --only functions",
    "logs": "firebase functions:log"
  },
  "engines": {
    "node": "22"
  },
  "main": "index.js",
  "dependencies": {
    "firebase-admin": "^12.6.0",
    "firebase-functions": "^6.0.1"
  },
  "devDependencies": {
    "firebase-functions-test": "^3.1.0"
  },
  "private": true
}
[debug] [2025-02-27T02:36:01.628Z] Building nodejs source
[debug] [2025-02-27T02:36:01.628Z] Failed to find version of module node: reached end of search path C:\Users\night\Documents\GitHub\speedy\my-app\functions\node_modules
[warn] !  functions: Your requested "node" version "22" doesn't match your global version "20". Using node@20 from host. 
[info] i  functions: Loaded environment variables from .env. 
[debug] [2025-02-27T02:36:01.629Z] Could not find functions.yaml. Must use http discovery
[debug] [2025-02-27T02:36:01.633Z] Found firebase-functions binary at 'C:\Users\night\Documents\GitHub\speedy\my-app\functions\node_modules\.bin\firebase-functions'
[info] Serving at port 8522

[debug] [2025-02-27T02:36:02.097Z] Got response from /__/functions.yaml {"endpoints":{"submit":{"availableMemoryMb":null,"timeoutSeconds":null,"minInstances":null,"maxInstances":null,"ingressSettings":null,"concurrency":null,"serviceAccountEmail":null,"vpc":null,"platform":"gcfv2","labels":{},"httpsTrigger":{},"entryPoint":"submit"},"sendEmail":{"availableMemoryMb":null,"timeoutSeconds":null,"minInstances":null,"maxInstances":null,"ingressSettings":null,"concurrency":null,"serviceAccountEmail":null,"vpc":null,"platform":"gcfv2","labels":{},"eventTrigger":{"eventType":"google.cloud.firestore.document.v1.created","eventFilters":{"database":"(default)","namespace":"(default)"},"eventFilterPathPatterns":{"document":"Appointments/{documentId}"},"retry":false},"entryPoint":"sendEmail"}},"specVersion":"v1alpha1","requiredAPIs":[],"extensions":{}}
[debug] [2025-02-27T02:36:07.120Z] defaultcredentials: writing to file C:\Users\night\AppData\Roaming\firebase\sharjananstaniculas_gmail_com_application_default_credentials.json
[debug] [2025-02-27T02:36:07.120Z] Setting GAC to C:\Users\night\AppData\Roaming\firebase\sharjananstaniculas_gmail_com_application_default_credentials.json {"metadata":{"emulator":{"name":"functions"},"message":"Setting GAC to C:\\Users\\night\\AppData\\Roaming\\firebase\\sharjananstaniculas_gmail_com_application_default_credentials.json"}}
[info] +  functions: Loaded functions definitions from source: submit, sendEmail. {"metadata":{"emulator":{"name":"functions"},"message":"Loaded functions definitions from source: submit, sendEmail."}}
[debug] [2025-02-27T02:38:40.674Z] File C:\Users\night\Documents\GitHub\speedy\my-app\functions\tsconfig.json changed, reloading triggers {"metadata":{"emulator":{"name":"functions"},"message":"File C:\\Users\\night\\Documents\\GitHub\\speedy\\my-app\\functions\\tsconfig.json changed, reloading triggers"}}
[debug] [2025-02-27T02:38:41.688Z] Validating nodejs source
[debug] [2025-02-27T02:38:42.740Z] > [functions] package.json contents: {
  "name": "functions",
  "description": "Cloud Functions for Firebase",
  "scripts": {
    "serve": "firebase emulators:start --only functions",
    "shell": "firebase functions:shell",
    "start": "npm run shell",
    "deploy": "firebase deploy --only functions",
    "logs": "firebase functions:log"
  },
  "engines": {
    "node": "22"
  },
  "main": "index.js",
  "dependencies": {
    "firebase-admin": "^12.6.0",
    "firebase-functions": "^6.0.1"
  },
  "devDependencies": {
    "firebase-functions-test": "^3.1.0"
  },
  "private": true
}
[debug] [2025-02-27T02:38:42.740Z] Building nodejs source
[debug] [2025-02-27T02:38:42.740Z] Failed to find version of module node: reached end of search path C:\Users\night\Documents\GitHub\speedy\my-app\functions\node_modules
[warn] !  functions: Your requested "node" version "22" doesn't match your global version "20". Using node@20 from host. 
[info] i  functions: Loaded environment variables from .env. 
[debug] [2025-02-27T02:38:42.741Z] Could not find functions.yaml. Must use http discovery
[debug] [2025-02-27T02:38:42.746Z] Found firebase-functions binary at 'C:\Users\night\Documents\GitHub\speedy\my-app\functions\node_modules\.bin\firebase-functions'
[info] Serving at port 8077

[debug] [2025-02-27T02:38:43.166Z] Got response from /__/functions.yaml {"endpoints":{"submit":{"availableMemoryMb":null,"timeoutSeconds":null,"minInstances":null,"maxInstances":null,"ingressSettings":null,"concurrency":null,"serviceAccountEmail":null,"vpc":null,"platform":"gcfv2","labels":{},"httpsTrigger":{},"entryPoint":"submit"},"sendEmail":{"availableMemoryMb":null,"timeoutSeconds":null,"minInstances":null,"maxInstances":null,"ingressSettings":null,"concurrency":null,"serviceAccountEmail":null,"vpc":null,"platform":"gcfv2","labels":{},"eventTrigger":{"eventType":"google.cloud.firestore.document.v1.created","eventFilters":{"database":"(default)","namespace":"(default)"},"eventFilterPathPatterns":{"document":"Appointments/{documentId}"},"retry":false},"entryPoint":"sendEmail"}},"specVersion":"v1alpha1","requiredAPIs":[],"extensions":{}}
[debug] [2025-02-27T02:38:48.189Z] defaultcredentials: writing to file C:\Users\night\AppData\Roaming\firebase\sharjananstaniculas_gmail_com_application_default_credentials.json
[debug] [2025-02-27T02:38:48.189Z] Setting GAC to C:\Users\night\AppData\Roaming\firebase\sharjananstaniculas_gmail_com_application_default_credentials.json {"metadata":{"emulator":{"name":"functions"},"message":"Setting GAC to C:\\Users\\night\\AppData\\Roaming\\firebase\\sharjananstaniculas_gmail_com_application_default_credentials.json"}}
[info] +  functions: Loaded functions definitions from source: submit, sendEmail. {"metadata":{"emulator":{"name":"functions"},"message":"Loaded functions definitions from source: submit, sendEmail."}}
[debug] [2025-02-27T02:38:50.370Z] File C:\Users\night\Documents\GitHub\speedy\my-app\functions\YelpRecentLoginEmail.ts changed, reloading triggers {"metadata":{"emulator":{"name":"functions"},"message":"File C:\\Users\\night\\Documents\\GitHub\\speedy\\my-app\\functions\\YelpRecentLoginEmail.ts changed, reloading triggers"}}
[debug] [2025-02-27T02:38:51.375Z] Validating nodejs source
[debug] [2025-02-27T02:38:52.336Z] > [functions] package.json contents: {
  "name": "functions",
  "description": "Cloud Functions for Firebase",
  "scripts": {
    "serve": "firebase emulators:start --only functions",
    "shell": "firebase functions:shell",
    "start": "npm run shell",
    "deploy": "firebase deploy --only functions",
    "logs": "firebase functions:log"
  },
  "engines": {
    "node": "22"
  },
  "main": "index.js",
  "dependencies": {
    "firebase-admin": "^12.6.0",
    "firebase-functions": "^6.0.1"
  },
  "devDependencies": {
    "firebase-functions-test": "^3.1.0"
  },
  "private": true
}
[debug] [2025-02-27T02:38:52.337Z] Building nodejs source
[debug] [2025-02-27T02:38:52.337Z] Failed to find version of module node: reached end of search path C:\Users\night\Documents\GitHub\speedy\my-app\functions\node_modules
[warn] !  functions: Your requested "node" version "22" doesn't match your global version "20". Using node@20 from host. 
[info] i  functions: Loaded environment variables from .env. 
[debug] [2025-02-27T02:38:52.338Z] Could not find functions.yaml. Must use http discovery
[debug] [2025-02-27T02:38:52.342Z] Found firebase-functions binary at 'C:\Users\night\Documents\GitHub\speedy\my-app\functions\node_modules\.bin\firebase-functions'
[info] Serving at port 8276

[debug] [2025-02-27T02:38:52.765Z] Got response from /__/functions.yaml {"endpoints":{"submit":{"availableMemoryMb":null,"timeoutSeconds":null,"minInstances":null,"maxInstances":null,"ingressSettings":null,"concurrency":null,"serviceAccountEmail":null,"vpc":null,"platform":"gcfv2","labels":{},"httpsTrigger":{},"entryPoint":"submit"},"sendEmail":{"availableMemoryMb":null,"timeoutSeconds":null,"minInstances":null,"maxInstances":null,"ingressSettings":null,"concurrency":null,"serviceAccountEmail":null,"vpc":null,"platform":"gcfv2","labels":{},"eventTrigger":{"eventType":"google.cloud.firestore.document.v1.created","eventFilters":{"database":"(default)","namespace":"(default)"},"eventFilterPathPatterns":{"document":"Appointments/{documentId}"},"retry":false},"entryPoint":"sendEmail"}},"specVersion":"v1alpha1","requiredAPIs":[],"extensions":{}}
[debug] [2025-02-27T02:38:57.800Z] defaultcredentials: writing to file C:\Users\night\AppData\Roaming\firebase\sharjananstaniculas_gmail_com_application_default_credentials.json
[debug] [2025-02-27T02:38:57.801Z] Setting GAC to C:\Users\night\AppData\Roaming\firebase\sharjananstaniculas_gmail_com_application_default_credentials.json {"metadata":{"emulator":{"name":"functions"},"message":"Setting GAC to C:\\Users\\night\\AppData\\Roaming\\firebase\\sharjananstaniculas_gmail_com_application_default_credentials.json"}}
[info] +  functions: Loaded functions definitions from source: submit, sendEmail. {"metadata":{"emulator":{"name":"functions"},"message":"Loaded functions definitions from source: submit, sendEmail."}}
[debug] [2025-02-27T03:23:33.825Z] Feb. 26, 2025 10:23:33 P.M. com.google.cloud.datastore.emulator.firestore.websocket.WebSocketChannelHandler channelClosed
INFO: Websocket client disconnected
Feb. 26, 2025 10:23:33 P.M. com.google.cloud.datastore.emulator.firestore.websocket.WebSocketChannelHandler channelClosed
INFO: Websocket client disconnected
 {"metadata":{"emulator":{"name":"firestore"},"message":"Feb. 26, 2025 10:23:33 P.M. com.google.cloud.datastore.emulator.firestore.websocket.WebSocketChannelHandler channelClosed\r\nINFO: Websocket client disconnected\r\nFeb. 26, 2025 10:23:33 P.M. com.google.cloud.datastore.emulator.firestore.websocket.WebSocketChannelHandler channelClosed\r\nINFO: Websocket client disconnected\r\n"}}
[debug] [2025-02-27T06:25:05.250Z] Feb. 27, 2025 1:25:05 A.M. com.google.cloud.datastore.emulator.firestore.websocket.WebSocketChannelHandler initChannel
INFO: Connected to new websocket client
 {"metadata":{"emulator":{"name":"firestore"},"message":"Feb. 27, 2025 1:25:05 A.M. com.google.cloud.datastore.emulator.firestore.websocket.WebSocketChannelHandler initChannel\r\nINFO: Connected to new websocket client\r\n"}}
[debug] [2025-02-27T06:25:05.351Z] Feb. 27, 2025 1:25:05 A.M. com.google.cloud.datastore.emulator.firestore.websocket.WebSocketChannelHandler initChannel
INFO: Connected to new websocket client
 {"metadata":{"emulator":{"name":"firestore"},"message":"Feb. 27, 2025 1:25:05 A.M. com.google.cloud.datastore.emulator.firestore.websocket.WebSocketChannelHandler initChannel\r\nINFO: Connected to new websocket client\r\n"}}
[debug] [2025-02-27T06:55:29.741Z] Feb. 27, 2025 1:55:29 A.M. com.google.cloud.datastore.emulator.firestore.websocket.WebSocketChannelHandler channelClosed
INFO: Websocket client disconnected
 {"metadata":{"emulator":{"name":"firestore"},"message":"Feb. 27, 2025 1:55:29 A.M. com.google.cloud.datastore.emulator.firestore.websocket.WebSocketChannelHandler channelClosed\r\nINFO: Websocket client disconnected\r\n"}}
[debug] [2025-02-27T06:55:29.742Z] Feb. 27, 2025 1:55:29 A.M. com.google.cloud.datastore.emulator.firestore.websocket.WebSocketChannelHandler channelClosed
INFO: Websocket client disconnected
 {"metadata":{"emulator":{"name":"firestore"},"message":"Feb. 27, 2025 1:55:29 A.M. com.google.cloud.datastore.emulator.firestore.websocket.WebSocketChannelHandler channelClosed\r\nINFO: Websocket client disconnected\r\n"}}
[debug] [2025-02-27T09:57:00.786Z] Feb. 27, 2025 4:57:00 A.M. com.google.cloud.datastore.emulator.firestore.websocket.WebSocketChannelHandler initChannel
INFO: Connected to new websocket client
 {"metadata":{"emulator":{"name":"firestore"},"message":"Feb. 27, 2025 4:57:00 A.M. com.google.cloud.datastore.emulator.firestore.websocket.WebSocketChannelHandler initChannel\r\nINFO: Connected to new websocket client\r\n"}}
[debug] [2025-02-27T09:57:00.821Z] Feb. 27, 2025 4:57:00 A.M. com.google.cloud.datastore.emulator.firestore.websocket.WebSocketChannelHandler initChannel
INFO: Connected to new websocket client
 {"metadata":{"emulator":{"name":"firestore"},"message":"Feb. 27, 2025 4:57:00 A.M. com.google.cloud.datastore.emulator.firestore.websocket.WebSocketChannelHandler initChannel\r\nINFO: Connected to new websocket client\r\n"}}
[debug] [2025-02-27T10:27:25.890Z] Feb. 27, 2025 5:27:25 A.M. com.google.cloud.datastore.emulator.firestore.websocket.WebSocketChannelHandler channelClosed
INFO: Websocket client disconnected
 {"metadata":{"emulator":{"name":"firestore"},"message":"Feb. 27, 2025 5:27:25 A.M. com.google.cloud.datastore.emulator.firestore.websocket.WebSocketChannelHandler channelClosed\r\nINFO: Websocket client disconnected\r\n"}}
[debug] [2025-02-27T10:27:25.890Z] Feb. 27, 2025 5:27:25 A.M. com.google.cloud.datastore.emulator.firestore.websocket.WebSocketChannelHandler channelClosed
INFO: Websocket client disconnected
 {"metadata":{"emulator":{"name":"firestore"},"message":"Feb. 27, 2025 5:27:25 A.M. com.google.cloud.datastore.emulator.firestore.websocket.WebSocketChannelHandler channelClosed\r\nINFO: Websocket client disconnected\r\n"}}
[debug] [2025-02-27T13:28:57.089Z] Feb. 27, 2025 8:28:57 A.M. com.google.cloud.datastore.emulator.firestore.websocket.WebSocketChannelHandler initChannel
INFO: Connected to new websocket client
 {"metadata":{"emulator":{"name":"firestore"},"message":"Feb. 27, 2025 8:28:57 A.M. com.google.cloud.datastore.emulator.firestore.websocket.WebSocketChannelHandler initChannel\r\nINFO: Connected to new websocket client\r\n"}}
[debug] [2025-02-27T13:28:57.130Z] Feb. 27, 2025 8:28:57 A.M. com.google.cloud.datastore.emulator.firestore.websocket.WebSocketChannelHandler initChannel
INFO: Connected to new websocket client
 {"metadata":{"emulator":{"name":"firestore"},"message":"Feb. 27, 2025 8:28:57 A.M. com.google.cloud.datastore.emulator.firestore.websocket.WebSocketChannelHandler initChannel\r\nINFO: Connected to new websocket client\r\n"}}
[debug] [2025-02-27T13:59:21.842Z] Feb. 27, 2025 8:59:21 A.M. com.google.cloud.datastore.emulator.firestore.websocket.WebSocketChannelHandler channelClosed
INFO: Websocket client disconnected
Feb. 27, 2025 8:59:21 A.M. com.google.cloud.datastore.emulator.firestore.websocket.WebSocketChannelHandler channelClosed
INFO: Websocket client disconnected
 {"metadata":{"emulator":{"name":"firestore"},"message":"Feb. 27, 2025 8:59:21 A.M. com.google.cloud.datastore.emulator.firestore.websocket.WebSocketChannelHandler channelClosed\r\nINFO: Websocket client disconnected\r\nFeb. 27, 2025 8:59:21 A.M. com.google.cloud.datastore.emulator.firestore.websocket.WebSocketChannelHandler channelClosed\r\nINFO: Websocket client disconnected\r\n"}}
[debug] [2025-02-27T17:00:52.851Z] Feb. 27, 2025 12:00:52 P.M. com.google.cloud.datastore.emulator.firestore.websocket.WebSocketChannelHandler initChannel
INFO: Connected to new websocket client
 {"metadata":{"emulator":{"name":"firestore"},"message":"Feb. 27, 2025 12:00:52 P.M. com.google.cloud.datastore.emulator.firestore.websocket.WebSocketChannelHandler initChannel\r\nINFO: Connected to new websocket client\r\n"}}
[debug] [2025-02-27T17:00:53.014Z] Feb. 27, 2025 12:00:53 P.M. com.google.cloud.datastore.emulator.firestore.websocket.WebSocketChannelHandler initChannel
INFO: Connected to new websocket client
 {"metadata":{"emulator":{"name":"firestore"},"message":"Feb. 27, 2025 12:00:53 P.M. com.google.cloud.datastore.emulator.firestore.websocket.WebSocketChannelHandler initChannel\r\nINFO: Connected to new websocket client\r\n"}}
[debug] [2025-02-27T17:31:17.792Z] Feb. 27, 2025 12:31:17 P.M. com.google.cloud.datastore.emulator.firestore.websocket.WebSocketChannelHandler channelClosed
INFO: Websocket client disconnected
Feb. 27, 2025 12:31:17 P.M. com.google.cloud.datastore.emulator.firestore.websocket.WebSocketChannelHandler channelClosed
INFO: Websocket client disconnected
 {"metadata":{"emulator":{"name":"firestore"},"message":"Feb. 27, 2025 12:31:17 P.M. com.google.cloud.datastore.emulator.firestore.websocket.WebSocketChannelHandler channelClosed\r\nINFO: Websocket client disconnected\r\nFeb. 27, 2025 12:31:17 P.M. com.google.cloud.datastore.emulator.firestore.websocket.WebSocketChannelHandler channelClosed\r\nINFO: Websocket client disconnected\r\n"}}
[debug] [2025-02-27T20:32:49.427Z] Feb. 27, 2025 3:32:49 P.M. com.google.cloud.datastore.emulator.firestore.websocket.WebSocketChannelHandler initChannel
INFO: Connected to new websocket client
 {"metadata":{"emulator":{"name":"firestore"},"message":"Feb. 27, 2025 3:32:49 P.M. com.google.cloud.datastore.emulator.firestore.websocket.WebSocketChannelHandler initChannel\r\nINFO: Connected to new websocket client\r\n"}}
[debug] [2025-02-27T20:32:49.485Z] Feb. 27, 2025 3:32:49 P.M. com.google.cloud.datastore.emulator.firestore.websocket.WebSocketChannelHandler initChannel
INFO: Connected to new websocket client
 {"metadata":{"emulator":{"name":"firestore"},"message":"Feb. 27, 2025 3:32:49 P.M. com.google.cloud.datastore.emulator.firestore.websocket.WebSocketChannelHandler initChannel\r\nINFO: Connected to new websocket client\r\n"}}
[debug] [2025-02-27T21:03:13.831Z] Feb. 27, 2025 4:03:13 P.M. com.google.cloud.datastore.emulator.firestore.websocket.WebSocketChannelHandler channelClosed
INFO: Websocket client disconnected
 {"metadata":{"emulator":{"name":"firestore"},"message":"Feb. 27, 2025 4:03:13 P.M. com.google.cloud.datastore.emulator.firestore.websocket.WebSocketChannelHandler channelClosed\r\nINFO: Websocket client disconnected\r\n"}}
[debug] [2025-02-27T21:03:13.831Z] Feb. 27, 2025 4:03:13 P.M. com.google.cloud.datastore.emulator.firestore.websocket.WebSocketChannelHandler channelClosed
INFO: Websocket client disconnected
 {"metadata":{"emulator":{"name":"firestore"},"message":"Feb. 27, 2025 4:03:13 P.M. com.google.cloud.datastore.emulator.firestore.websocket.WebSocketChannelHandler channelClosed\r\nINFO: Websocket client disconnected\r\n"}}
[debug] [2025-02-28T00:04:45.098Z] Feb. 27, 2025 7:04:45 P.M. com.google.cloud.datastore.emulator.firestore.websocket.WebSocketChannelHandler initChannel
INFO: Connected to new websocket client
 {"metadata":{"emulator":{"name":"firestore"},"message":"Feb. 27, 2025 7:04:45 P.M. com.google.cloud.datastore.emulator.firestore.websocket.WebSocketChannelHandler initChannel\r\nINFO: Connected to new websocket client\r\n"}}
[debug] [2025-02-28T00:04:45.127Z] Feb. 27, 2025 7:04:45 P.M. com.google.cloud.datastore.emulator.firestore.websocket.WebSocketChannelHandler initChannel
INFO: Connected to new websocket client
 {"metadata":{"emulator":{"name":"firestore"},"message":"Feb. 27, 2025 7:04:45 P.M. com.google.cloud.datastore.emulator.firestore.websocket.WebSocketChannelHandler initChannel\r\nINFO: Connected to new websocket client\r\n"}}
[debug] [2025-02-28T00:35:09.878Z] Feb. 27, 2025 7:35:09 P.M. com.google.cloud.datastore.emulator.firestore.websocket.WebSocketChannelHandler channelClosed
INFO: Websocket client disconnected
 {"metadata":{"emulator":{"name":"firestore"},"message":"Feb. 27, 2025 7:35:09 P.M. com.google.cloud.datastore.emulator.firestore.websocket.WebSocketChannelHandler channelClosed\r\nINFO: Websocket client disconnected\r\n"}}
[debug] [2025-02-28T00:35:09.882Z] Feb. 27, 2025 7:35:09 P.M. com.google.cloud.datastore.emulator.firestore.websocket.WebSocketChannelHandler channelClosed
INFO: Websocket client disconnected
 {"metadata":{"emulator":{"name":"firestore"},"message":"Feb. 27, 2025 7:35:09 P.M. com.google.cloud.datastore.emulator.firestore.websocket.WebSocketChannelHandler channelClosed\r\nINFO: Websocket client disconnected\r\n"}}
[debug] [2025-02-28T03:28:29.095Z] Feb. 27, 2025 10:28:29 P.M. com.google.cloud.datastore.emulator.firestore.websocket.WebSocketChannelHandler initChannel
INFO: Connected to new websocket client
 {"metadata":{"emulator":{"name":"firestore"},"message":"Feb. 27, 2025 10:28:29 P.M. com.google.cloud.datastore.emulator.firestore.websocket.WebSocketChannelHandler initChannel\r\nINFO: Connected to new websocket client\r\n"}}
[debug] [2025-02-28T03:28:29.120Z] Feb. 27, 2025 10:28:29 P.M. com.google.cloud.datastore.emulator.firestore.websocket.WebSocketChannelHandler initChannel
INFO: Connected to new websocket client
 {"metadata":{"emulator":{"name":"firestore"},"message":"Feb. 27, 2025 10:28:29 P.M. com.google.cloud.datastore.emulator.firestore.websocket.WebSocketChannelHandler initChannel\r\nINFO: Connected to new websocket client\r\n"}}
[debug] [2025-02-28T04:05:24.100Z] Feb. 27, 2025 11:05:24 P.M. com.google.cloud.datastore.emulator.firestore.websocket.WebSocketChannelHandler channelClosed
INFO: Websocket client disconnected
Feb. 27, 2025 11:05:24 P.M. com.google.cloud.datastore.emulator.firestore.websocket.WebSocketChannelHandler channelClosed
INFO: Websocket client disconnected
 {"metadata":{"emulator":{"name":"firestore"},"message":"Feb. 27, 2025 11:05:24 P.M. com.google.cloud.datastore.emulator.firestore.websocket.WebSocketChannelHandler channelClosed\r\nINFO: Websocket client disconnected\r\nFeb. 27, 2025 11:05:24 P.M. com.google.cloud.datastore.emulator.firestore.websocket.WebSocketChannelHandler channelClosed\r\nINFO: Websocket client disconnected\r\n"}}
[debug] [2025-02-28T05:01:43.036Z] Feb. 28, 2025 12:01:43 A.M. com.google.cloud.datastore.emulator.firestore.websocket.WebSocketChannelHandler initChannel
INFO: Connected to new websocket client
 {"metadata":{"emulator":{"name":"firestore"},"message":"Feb. 28, 2025 12:01:43 A.M. com.google.cloud.datastore.emulator.firestore.websocket.WebSocketChannelHandler initChannel\r\nINFO: Connected to new websocket client\r\n"}}
[debug] [2025-02-28T05:01:43.061Z] Feb. 28, 2025 12:01:43 A.M. com.google.cloud.datastore.emulator.firestore.websocket.WebSocketChannelHandler initChannel
INFO: Connected to new websocket client
 {"metadata":{"emulator":{"name":"firestore"},"message":"Feb. 28, 2025 12:01:43 A.M. com.google.cloud.datastore.emulator.firestore.websocket.WebSocketChannelHandler initChannel\r\nINFO: Connected to new websocket client\r\n"}}
[debug] [2025-02-28T05:32:07.826Z] Feb. 28, 2025 12:32:07 A.M. com.google.cloud.datastore.emulator.firestore.websocket.WebSocketChannelHandler channelClosed
INFO: Websocket client disconnected
Feb. 28, 2025 12:32:07 A.M. com.google.cloud.datastore.emulator.firestore.websocket.WebSocketChannelHandler channelClosed
INFO: Websocket client disconnected
 {"metadata":{"emulator":{"name":"firestore"},"message":"Feb. 28, 2025 12:32:07 A.M. com.google.cloud.datastore.emulator.firestore.websocket.WebSocketChannelHandler channelClosed\r\nINFO: Websocket client disconnected\r\nFeb. 28, 2025 12:32:07 A.M. com.google.cloud.datastore.emulator.firestore.websocket.WebSocketChannelHandler channelClosed\r\nINFO: Websocket client disconnected\r\n"}}
[debug] [2025-02-28T08:33:39.497Z] Feb. 28, 2025 3:33:39 A.M. com.google.cloud.datastore.emulator.firestore.websocket.WebSocketChannelHandler initChannel
INFO: Connected to new websocket client
 {"metadata":{"emulator":{"name":"firestore"},"message":"Feb. 28, 2025 3:33:39 A.M. com.google.cloud.datastore.emulator.firestore.websocket.WebSocketChannelHandler initChannel\r\nINFO: Connected to new websocket client\r\n"}}
[debug] [2025-02-28T08:33:39.531Z] Feb. 28, 2025 3:33:39 A.M. com.google.cloud.datastore.emulator.firestore.websocket.WebSocketChannelHandler initChannel
INFO: Connected to new websocket client
 {"metadata":{"emulator":{"name":"firestore"},"message":"Feb. 28, 2025 3:33:39 A.M. com.google.cloud.datastore.emulator.firestore.websocket.WebSocketChannelHandler initChannel\r\nINFO: Connected to new websocket client\r\n"}}
[debug] [2025-02-28T09:04:03.850Z] Feb. 28, 2025 4:04:03 A.M. com.google.cloud.datastore.emulator.firestore.websocket.WebSocketChannelHandler channelClosed
INFO: Websocket client disconnected
Feb. 28, 2025 4:04:03 A.M. com.google.cloud.datastore.emulator.firestore.websocket.WebSocketChannelHandler channelClosed
INFO: Websocket client disconnected
 {"metadata":{"emulator":{"name":"firestore"},"message":"Feb. 28, 2025 4:04:03 A.M. com.google.cloud.datastore.emulator.firestore.websocket.WebSocketChannelHandler channelClosed\r\nINFO: Websocket client disconnected\r\nFeb. 28, 2025 4:04:03 A.M. com.google.cloud.datastore.emulator.firestore.websocket.WebSocketChannelHandler channelClosed\r\nINFO: Websocket client disconnected\r\n"}}
[debug] [2025-02-28T12:05:34.818Z] Feb. 28, 2025 7:05:34 A.M. com.google.cloud.datastore.emulator.firestore.websocket.WebSocketChannelHandler initChannel
INFO: Connected to new websocket client
 {"metadata":{"emulator":{"name":"firestore"},"message":"Feb. 28, 2025 7:05:34 A.M. com.google.cloud.datastore.emulator.firestore.websocket.WebSocketChannelHandler initChannel\r\nINFO: Connected to new websocket client\r\n"}}
[debug] [2025-02-28T12:05:34.869Z] Feb. 28, 2025 7:05:34 A.M. com.google.cloud.datastore.emulator.firestore.websocket.WebSocketChannelHandler initChannel
INFO: Connected to new websocket client
 {"metadata":{"emulator":{"name":"firestore"},"message":"Feb. 28, 2025 7:05:34 A.M. com.google.cloud.datastore.emulator.firestore.websocket.WebSocketChannelHandler initChannel\r\nINFO: Connected to new websocket client\r\n"}}
[debug] [2025-02-28T12:36:29.867Z] Feb. 28, 2025 7:36:29 A.M. com.google.cloud.datastore.emulator.firestore.websocket.WebSocketChannelHandler channelClosed
INFO: Websocket client disconnected
Feb. 28, 2025 7:36:29 A.M. com.google.cloud.datastore.emulator.firestore.websocket.WebSocketChannelHandler channelClosed
INFO: Websocket client disconnected
 {"metadata":{"emulator":{"name":"firestore"},"message":"Feb. 28, 2025 7:36:29 A.M. com.google.cloud.datastore.emulator.firestore.websocket.WebSocketChannelHandler channelClosed\r\nINFO: Websocket client disconnected\r\nFeb. 28, 2025 7:36:29 A.M. com.google.cloud.datastore.emulator.firestore.websocket.WebSocketChannelHandler channelClosed\r\nINFO: Websocket client disconnected\r\n"}}
[debug] [2025-02-28T15:38:01.089Z] Feb. 28, 2025 10:38:01 A.M. com.google.cloud.datastore.emulator.firestore.websocket.WebSocketChannelHandler initChannel
INFO: Connected to new websocket client
 {"metadata":{"emulator":{"name":"firestore"},"message":"Feb. 28, 2025 10:38:01 A.M. com.google.cloud.datastore.emulator.firestore.websocket.WebSocketChannelHandler initChannel\r\nINFO: Connected to new websocket client\r\n"}}
[debug] [2025-02-28T15:38:01.173Z] Feb. 28, 2025 10:38:01 A.M. com.google.cloud.datastore.emulator.firestore.websocket.WebSocketChannelHandler initChannel
INFO: Connected to new websocket client
 {"metadata":{"emulator":{"name":"firestore"},"message":"Feb. 28, 2025 10:38:01 A.M. com.google.cloud.datastore.emulator.firestore.websocket.WebSocketChannelHandler initChannel\r\nINFO: Connected to new websocket client\r\n"}}
[debug] [2025-02-28T16:08:25.841Z] Feb. 28, 2025 11:08:25 A.M. com.google.cloud.datastore.emulator.firestore.websocket.WebSocketChannelHandler channelClosed
INFO: Websocket client disconnected
Feb. 28, 2025 11:08:25 A.M. com.google.cloud.datastore.emulator.firestore.websocket.WebSocketChannelHandler channelClosed
INFO: Websocket client disconnected
 {"metadata":{"emulator":{"name":"firestore"},"message":"Feb. 28, 2025 11:08:25 A.M. com.google.cloud.datastore.emulator.firestore.websocket.WebSocketChannelHandler channelClosed\r\nINFO: Websocket client disconnected\r\nFeb. 28, 2025 11:08:25 A.M. com.google.cloud.datastore.emulator.firestore.websocket.WebSocketChannelHandler channelClosed\r\nINFO: Websocket client disconnected\r\n"}}
[debug] [2025-02-28T19:09:57.060Z] Feb. 28, 2025 2:09:57 P.M. com.google.cloud.datastore.emulator.firestore.websocket.WebSocketChannelHandler initChannel
INFO: Connected to new websocket client
 {"metadata":{"emulator":{"name":"firestore"},"message":"Feb. 28, 2025 2:09:57 P.M. com.google.cloud.datastore.emulator.firestore.websocket.WebSocketChannelHandler initChannel\r\nINFO: Connected to new websocket client\r\n"}}
[debug] [2025-02-28T19:09:57.097Z] Feb. 28, 2025 2:09:57 P.M. com.google.cloud.datastore.emulator.firestore.websocket.WebSocketChannelHandler initChannel
INFO: Connected to new websocket client
 {"metadata":{"emulator":{"name":"firestore"},"message":"Feb. 28, 2025 2:09:57 P.M. com.google.cloud.datastore.emulator.firestore.websocket.WebSocketChannelHandler initChannel\r\nINFO: Connected to new websocket client\r\n"}}
[debug] [2025-02-28T19:40:21.810Z] Feb. 28, 2025 2:40:21 P.M. com.google.cloud.datastore.emulator.firestore.websocket.WebSocketChannelHandler channelClosed
INFO: Websocket client disconnected
Feb. 28, 2025 2:40:21 P.M. com.google.cloud.datastore.emulator.firestore.websocket.WebSocketChannelHandler channelClosed
INFO: Websocket client disconnected
 {"metadata":{"emulator":{"name":"firestore"},"message":"Feb. 28, 2025 2:40:21 P.M. com.google.cloud.datastore.emulator.firestore.websocket.WebSocketChannelHandler channelClosed\r\nINFO: Websocket client disconnected\r\nFeb. 28, 2025 2:40:21 P.M. com.google.cloud.datastore.emulator.firestore.websocket.WebSocketChannelHandler channelClosed\r\nINFO: Websocket client disconnected\r\n"}}
[debug] [2025-02-28T22:41:52.809Z] Feb. 28, 2025 5:41:52 P.M. com.google.cloud.datastore.emulator.firestore.websocket.WebSocketChannelHandler initChannel
INFO: Connected to new websocket client
 {"metadata":{"emulator":{"name":"firestore"},"message":"Feb. 28, 2025 5:41:52 P.M. com.google.cloud.datastore.emulator.firestore.websocket.WebSocketChannelHandler initChannel\r\nINFO: Connected to new websocket client\r\n"}}
[debug] [2025-02-28T22:41:52.942Z] Feb. 28, 2025 5:41:52 P.M. com.google.cloud.datastore.emulator.firestore.websocket.WebSocketChannelHandler initChannel
INFO: Connected to new websocket client
 {"metadata":{"emulator":{"name":"firestore"},"message":"Feb. 28, 2025 5:41:52 P.M. com.google.cloud.datastore.emulator.firestore.websocket.WebSocketChannelHandler initChannel\r\nINFO: Connected to new websocket client\r\n"}}
[debug] [2025-02-28T23:12:18.012Z] Feb. 28, 2025 6:12:18 P.M. com.google.cloud.datastore.emulator.firestore.websocket.WebSocketChannelHandler channelClosed
INFO: Websocket client disconnected
Feb. 28, 2025 6:12:18 P.M. com.google.cloud.datastore.emulator.firestore.websocket.WebSocketChannelHandler channelClosed
INFO: Websocket client disconnected
 {"metadata":{"emulator":{"name":"firestore"},"message":"Feb. 28, 2025 6:12:18 P.M. com.google.cloud.datastore.emulator.firestore.websocket.WebSocketChannelHandler channelClosed\r\nINFO: Websocket client disconnected\r\nFeb. 28, 2025 6:12:18 P.M. com.google.cloud.datastore.emulator.firestore.websocket.WebSocketChannelHandler channelClosed\r\nINFO: Websocket client disconnected\r\n"}}
[debug] [2025-03-01T02:13:48.524Z] Feb. 28, 2025 9:13:48 P.M. com.google.cloud.datastore.emulator.firestore.websocket.WebSocketChannelHandler initChannel
INFO: Connected to new websocket client
 {"metadata":{"emulator":{"name":"firestore"},"message":"Feb. 28, 2025 9:13:48 P.M. com.google.cloud.datastore.emulator.firestore.websocket.WebSocketChannelHandler initChannel\r\nINFO: Connected to new websocket client\r\n"}}
[debug] [2025-03-01T02:13:48.597Z] Feb. 28, 2025 9:13:48 P.M. com.google.cloud.datastore.emulator.firestore.websocket.WebSocketChannelHandler initChannel
INFO: Connected to new websocket client
 {"metadata":{"emulator":{"name":"firestore"},"message":"Feb. 28, 2025 9:13:48 P.M. com.google.cloud.datastore.emulator.firestore.websocket.WebSocketChannelHandler initChannel\r\nINFO: Connected to new websocket client\r\n"}}
[debug] [2025-03-01T02:44:12.797Z] Feb. 28, 2025 9:44:12 P.M. com.google.cloud.datastore.emulator.firestore.websocket.WebSocketChannelHandler channelClosed
INFO: Websocket client disconnected
 {"metadata":{"emulator":{"name":"firestore"},"message":"Feb. 28, 2025 9:44:12 P.M. com.google.cloud.datastore.emulator.firestore.websocket.WebSocketChannelHandler channelClosed\r\nINFO: Websocket client disconnected\r\n"}}
[debug] [2025-03-01T02:44:12.798Z] Feb. 28, 2025 9:44:12 P.M. com.google.cloud.datastore.emulator.firestore.websocket.WebSocketChannelHandler channelClosed
INFO: Websocket client disconnected
 {"metadata":{"emulator":{"name":"firestore"},"message":"Feb. 28, 2025 9:44:12 P.M. com.google.cloud.datastore.emulator.firestore.websocket.WebSocketChannelHandler channelClosed\r\nINFO: Websocket client disconnected\r\n"}}
[debug] [2025-03-01T05:45:45.196Z] Mar. 01, 2025 12:45:45 A.M. com.google.cloud.datastore.emulator.firestore.websocket.WebSocketChannelHandler initChannel
INFO: Connected to new websocket client
 {"metadata":{"emulator":{"name":"firestore"},"message":"Mar. 01, 2025 12:45:45 A.M. com.google.cloud.datastore.emulator.firestore.websocket.WebSocketChannelHandler initChannel\r\nINFO: Connected to new websocket client\r\n"}}
[debug] [2025-03-01T05:45:45.323Z] Mar. 01, 2025 12:45:45 A.M. com.google.cloud.datastore.emulator.firestore.websocket.WebSocketChannelHandler initChannel
INFO: Connected to new websocket client
 {"metadata":{"emulator":{"name":"firestore"},"message":"Mar. 01, 2025 12:45:45 A.M. com.google.cloud.datastore.emulator.firestore.websocket.WebSocketChannelHandler initChannel\r\nINFO: Connected to new websocket client\r\n"}}
[debug] [2025-03-01T06:16:05.956Z] Mar. 01, 2025 1:16:05 A.M. com.google.cloud.datastore.emulator.firestore.websocket.WebSocketChannelHandler channelClosed
INFO: Websocket client disconnected
 {"metadata":{"emulator":{"name":"firestore"},"message":"Mar. 01, 2025 1:16:05 A.M. com.google.cloud.datastore.emulator.firestore.websocket.WebSocketChannelHandler channelClosed\r\nINFO: Websocket client disconnected\r\n"}}
[debug] [2025-03-01T06:16:05.957Z] Mar. 01, 2025 1:16:05 A.M. com.google.cloud.datastore.emulator.firestore.websocket.WebSocketChannelHandler channelClosed
INFO: Websocket client disconnected
 {"metadata":{"emulator":{"name":"firestore"},"message":"Mar. 01, 2025 1:16:05 A.M. com.google.cloud.datastore.emulator.firestore.websocket.WebSocketChannelHandler channelClosed\r\nINFO: Websocket client disconnected\r\n"}}
[debug] [2025-03-01T09:17:36.828Z] Mar. 01, 2025 4:17:36 A.M. com.google.cloud.datastore.emulator.firestore.websocket.WebSocketChannelHandler initChannel
INFO: Connected to new websocket client
 {"metadata":{"emulator":{"name":"firestore"},"message":"Mar. 01, 2025 4:17:36 A.M. com.google.cloud.datastore.emulator.firestore.websocket.WebSocketChannelHandler initChannel\r\nINFO: Connected to new websocket client\r\n"}}
[debug] [2025-03-01T09:17:36.872Z] Mar. 01, 2025 4:17:36 A.M. com.google.cloud.datastore.emulator.firestore.websocket.WebSocketChannelHandler initChannel
INFO: Connected to new websocket client
 {"metadata":{"emulator":{"name":"firestore"},"message":"Mar. 01, 2025 4:17:36 A.M. com.google.cloud.datastore.emulator.firestore.websocket.WebSocketChannelHandler initChannel\r\nINFO: Connected to new websocket client\r\n"}}
[debug] [2025-03-01T09:48:01.817Z] Mar. 01, 2025 4:48:01 A.M. com.google.cloud.datastore.emulator.firestore.websocket.WebSocketChannelHandler channelClosed
INFO: Websocket client disconnected
Mar. 01, 2025 4:48:01 A.M. com.google.cloud.datastore.emulator.firestore.websocket.WebSocketChannelHandler channelClosed
INFO: Websocket client disconnected
 {"metadata":{"emulator":{"name":"firestore"},"message":"Mar. 01, 2025 4:48:01 A.M. com.google.cloud.datastore.emulator.firestore.websocket.WebSocketChannelHandler channelClosed\r\nINFO: Websocket client disconnected\r\nMar. 01, 2025 4:48:01 A.M. com.google.cloud.datastore.emulator.firestore.websocket.WebSocketChannelHandler channelClosed\r\nINFO: Websocket client disconnected\r\n"}}
[debug] [2025-03-01T12:49:39.181Z] Mar. 01, 2025 7:49:39 A.M. com.google.cloud.datastore.emulator.firestore.websocket.WebSocketChannelHandler initChannel
INFO: Connected to new websocket client
 {"metadata":{"emulator":{"name":"firestore"},"message":"Mar. 01, 2025 7:49:39 A.M. com.google.cloud.datastore.emulator.firestore.websocket.WebSocketChannelHandler initChannel\r\nINFO: Connected to new websocket client\r\n"}}
[debug] [2025-03-01T12:49:39.194Z] Mar. 01, 2025 7:49:39 A.M. com.google.cloud.datastore.emulator.firestore.websocket.WebSocketChannelHandler initChannel
INFO: Connected to new websocket client
 {"metadata":{"emulator":{"name":"firestore"},"message":"Mar. 01, 2025 7:49:39 A.M. com.google.cloud.datastore.emulator.firestore.websocket.WebSocketChannelHandler initChannel\r\nINFO: Connected to new websocket client\r\n"}}
[debug] [2025-03-01T13:19:57.838Z] Mar. 01, 2025 8:19:57 A.M. com.google.cloud.datastore.emulator.firestore.websocket.WebSocketChannelHandler channelClosed
INFO: Websocket client disconnected
 {"metadata":{"emulator":{"name":"firestore"},"message":"Mar. 01, 2025 8:19:57 A.M. com.google.cloud.datastore.emulator.firestore.websocket.WebSocketChannelHandler channelClosed\r\nINFO: Websocket client disconnected\r\n"}}
[debug] [2025-03-01T13:19:57.838Z] Mar. 01, 2025 8:19:57 A.M. com.google.cloud.datastore.emulator.firestore.websocket.WebSocketChannelHandler channelClosed
INFO: Websocket client disconnected
 {"metadata":{"emulator":{"name":"firestore"},"message":"Mar. 01, 2025 8:19:57 A.M. com.google.cloud.datastore.emulator.firestore.websocket.WebSocketChannelHandler channelClosed\r\nINFO: Websocket client disconnected\r\n"}}
[debug] [2025-03-01T14:20:39.786Z] Mar. 01, 2025 9:20:39 A.M. com.google.cloud.datastore.emulator.firestore.websocket.WebSocketChannelHandler initChannel
INFO: Connected to new websocket client
 {"metadata":{"emulator":{"name":"firestore"},"message":"Mar. 01, 2025 9:20:39 A.M. com.google.cloud.datastore.emulator.firestore.websocket.WebSocketChannelHandler initChannel\r\nINFO: Connected to new websocket client\r\n"}}
[debug] [2025-03-01T14:20:39.840Z] Mar. 01, 2025 9:20:39 A.M. com.google.cloud.datastore.emulator.firestore.websocket.WebSocketChannelHandler initChannel
INFO: Connected to new websocket client
 {"metadata":{"emulator":{"name":"firestore"},"message":"Mar. 01, 2025 9:20:39 A.M. com.google.cloud.datastore.emulator.firestore.websocket.WebSocketChannelHandler initChannel\r\nINFO: Connected to new websocket client\r\n"}}
[debug] [2025-03-01T14:23:15.364Z] File C:\Users\night\Documents\GitHub\speedy\my-app\functions\YelpRecentLoginEmail.ts changed, reloading triggers {"metadata":{"emulator":{"name":"functions"},"message":"File C:\\Users\\night\\Documents\\GitHub\\speedy\\my-app\\functions\\YelpRecentLoginEmail.ts changed, reloading triggers"}}
[debug] [2025-03-01T14:23:16.412Z] Validating nodejs source
[debug] [2025-03-01T14:23:17.726Z] > [functions] package.json contents: {
  "name": "functions",
  "description": "Cloud Functions for Firebase",
  "scripts": {
    "serve": "firebase emulators:start --only functions",
    "shell": "firebase functions:shell",
    "start": "npm run shell",
    "deploy": "firebase deploy --only functions",
    "logs": "firebase functions:log"
  },
  "engines": {
    "node": "22"
  },
  "main": "index.js",
  "dependencies": {
    "firebase-admin": "^12.6.0",
    "firebase-functions": "^6.0.1"
  },
  "devDependencies": {
    "firebase-functions-test": "^3.1.0"
  },
  "private": true
}
[debug] [2025-03-01T14:23:17.727Z] Building nodejs source
[debug] [2025-03-01T14:23:17.728Z] Failed to find version of module node: reached end of search path C:\Users\night\Documents\GitHub\speedy\my-app\functions\node_modules
[warn] !  functions: Your requested "node" version "22" doesn't match your global version "20". Using node@20 from host. 
[info] i  functions: Loaded environment variables from .env. 
[debug] [2025-03-01T14:23:17.749Z] Could not find functions.yaml. Must use http discovery
[debug] [2025-03-01T14:23:17.760Z] Found firebase-functions binary at 'C:\Users\night\Documents\GitHub\speedy\my-app\functions\node_modules\.bin\firebase-functions'
[info] Serving at port 8524

[debug] [2025-03-01T14:23:18.189Z] File C:\Users\night\Documents\GitHub\speedy\my-app\functions\YelpRecentLoginEmail.ts changed, reloading triggers {"metadata":{"emulator":{"name":"functions"},"message":"File C:\\Users\\night\\Documents\\GitHub\\speedy\\my-app\\functions\\YelpRecentLoginEmail.ts changed, reloading triggers"}}
[debug] [2025-03-01T14:23:18.678Z] Got response from /__/functions.yaml {"endpoints":{"submit":{"availableMemoryMb":null,"timeoutSeconds":null,"minInstances":null,"maxInstances":null,"ingressSettings":null,"concurrency":null,"serviceAccountEmail":null,"vpc":null,"platform":"gcfv2","labels":{},"httpsTrigger":{},"entryPoint":"submit"},"sendEmail":{"availableMemoryMb":null,"timeoutSeconds":null,"minInstances":null,"maxInstances":null,"ingressSettings":null,"concurrency":null,"serviceAccountEmail":null,"vpc":null,"platform":"gcfv2","labels":{},"eventTrigger":{"eventType":"google.cloud.firestore.document.v1.created","eventFilters":{"database":"(default)","namespace":"(default)"},"eventFilterPathPatterns":{"document":"Appointments/{documentId}"},"retry":false},"entryPoint":"sendEmail"}},"specVersion":"v1alpha1","requiredAPIs":[],"extensions":{}}
[debug] [2025-03-01T14:23:19.199Z] Validating nodejs source
[debug] [2025-03-01T14:23:20.175Z] > [functions] package.json contents: {
  "name": "functions",
  "description": "Cloud Functions for Firebase",
  "scripts": {
    "serve": "firebase emulators:start --only functions",
    "shell": "firebase functions:shell",
    "start": "npm run shell",
    "deploy": "firebase deploy --only functions",
    "logs": "firebase functions:log"
  },
  "engines": {
    "node": "22"
  },
  "main": "index.js",
  "dependencies": {
    "firebase-admin": "^12.6.0",
    "firebase-functions": "^6.0.1"
  },
  "devDependencies": {
    "firebase-functions-test": "^3.1.0"
  },
  "private": true
}
[debug] [2025-03-01T14:23:20.175Z] Building nodejs source
[debug] [2025-03-01T14:23:20.175Z] Failed to find version of module node: reached end of search path C:\Users\night\Documents\GitHub\speedy\my-app\functions\node_modules
[warn] !  functions: Your requested "node" version "22" doesn't match your global version "20". Using node@20 from host. 
[info] i  functions: Loaded environment variables from .env. 
[debug] [2025-03-01T14:23:20.177Z] Could not find functions.yaml. Must use http discovery
[debug] [2025-03-01T14:23:20.181Z] Found firebase-functions binary at 'C:\Users\night\Documents\GitHub\speedy\my-app\functions\node_modules\.bin\firebase-functions'
[info] Serving at port 8494

[debug] [2025-03-01T14:23:20.625Z] Got response from /__/functions.yaml {"endpoints":{"submit":{"availableMemoryMb":null,"timeoutSeconds":null,"minInstances":null,"maxInstances":null,"ingressSettings":null,"concurrency":null,"serviceAccountEmail":null,"vpc":null,"platform":"gcfv2","labels":{},"httpsTrigger":{},"entryPoint":"submit"},"sendEmail":{"availableMemoryMb":null,"timeoutSeconds":null,"minInstances":null,"maxInstances":null,"ingressSettings":null,"concurrency":null,"serviceAccountEmail":null,"vpc":null,"platform":"gcfv2","labels":{},"eventTrigger":{"eventType":"google.cloud.firestore.document.v1.created","eventFilters":{"database":"(default)","namespace":"(default)"},"eventFilterPathPatterns":{"document":"Appointments/{documentId}"},"retry":false},"entryPoint":"sendEmail"}},"specVersion":"v1alpha1","requiredAPIs":[],"extensions":{}}
[debug] [2025-03-01T14:23:23.708Z] defaultcredentials: writing to file C:\Users\night\AppData\Roaming\firebase\sharjananstaniculas_gmail_com_application_default_credentials.json
[debug] [2025-03-01T14:23:23.709Z] Setting GAC to C:\Users\night\AppData\Roaming\firebase\sharjananstaniculas_gmail_com_application_default_credentials.json {"metadata":{"emulator":{"name":"functions"},"message":"Setting GAC to C:\\Users\\night\\AppData\\Roaming\\firebase\\sharjananstaniculas_gmail_com_application_default_credentials.json"}}
[info] +  functions: Loaded functions definitions from source: submit, sendEmail. {"metadata":{"emulator":{"name":"functions"},"message":"Loaded functions definitions from source: submit, sendEmail."}}
[debug] [2025-03-01T14:23:25.649Z] defaultcredentials: writing to file C:\Users\night\AppData\Roaming\firebase\sharjananstaniculas_gmail_com_application_default_credentials.json
[debug] [2025-03-01T14:23:25.650Z] Setting GAC to C:\Users\night\AppData\Roaming\firebase\sharjananstaniculas_gmail_com_application_default_credentials.json {"metadata":{"emulator":{"name":"functions"},"message":"Setting GAC to C:\\Users\\night\\AppData\\Roaming\\firebase\\sharjananstaniculas_gmail_com_application_default_credentials.json"}}
[info] +  functions: Loaded functions definitions from source: submit, sendEmail. {"metadata":{"emulator":{"name":"functions"},"message":"Loaded functions definitions from source: submit, sendEmail."}}
[debug] [2025-03-01T14:23:42.633Z] File C:\Users\night\Documents\GitHub\speedy\my-app\functions\YelpRecentLoginEmail.ts changed, reloading triggers {"metadata":{"emulator":{"name":"functions"},"message":"File C:\\Users\\night\\Documents\\GitHub\\speedy\\my-app\\functions\\YelpRecentLoginEmail.ts changed, reloading triggers"}}
[debug] [2025-03-01T14:23:43.642Z] Validating nodejs source
[debug] [2025-03-01T14:23:44.703Z] > [functions] package.json contents: {
  "name": "functions",
  "description": "Cloud Functions for Firebase",
  "scripts": {
    "serve": "firebase emulators:start --only functions",
    "shell": "firebase functions:shell",
    "start": "npm run shell",
    "deploy": "firebase deploy --only functions",
    "logs": "firebase functions:log"
  },
  "engines": {
    "node": "22"
  },
  "main": "index.js",
  "dependencies": {
    "firebase-admin": "^12.6.0",
    "firebase-functions": "^6.0.1"
  },
  "devDependencies": {
    "firebase-functions-test": "^3.1.0"
  },
  "private": true
}
[debug] [2025-03-01T14:23:44.704Z] Building nodejs source
[debug] [2025-03-01T14:23:44.704Z] Failed to find version of module node: reached end of search path C:\Users\night\Documents\GitHub\speedy\my-app\functions\node_modules
[warn] !  functions: Your requested "node" version "22" doesn't match your global version "20". Using node@20 from host. 
[info] i  functions: Loaded environment variables from .env. 
[debug] [2025-03-01T14:23:44.705Z] Could not find functions.yaml. Must use http discovery
[debug] [2025-03-01T14:23:44.709Z] Found firebase-functions binary at 'C:\Users\night\Documents\GitHub\speedy\my-app\functions\node_modules\.bin\firebase-functions'
[info] Serving at port 8885

[debug] [2025-03-01T14:23:45.123Z] Got response from /__/functions.yaml {"endpoints":{"submit":{"availableMemoryMb":null,"timeoutSeconds":null,"minInstances":null,"maxInstances":null,"ingressSettings":null,"concurrency":null,"serviceAccountEmail":null,"vpc":null,"platform":"gcfv2","labels":{},"httpsTrigger":{},"entryPoint":"submit"},"sendEmail":{"availableMemoryMb":null,"timeoutSeconds":null,"minInstances":null,"maxInstances":null,"ingressSettings":null,"concurrency":null,"serviceAccountEmail":null,"vpc":null,"platform":"gcfv2","labels":{},"eventTrigger":{"eventType":"google.cloud.firestore.document.v1.created","eventFilters":{"database":"(default)","namespace":"(default)"},"eventFilterPathPatterns":{"document":"Appointments/{documentId}"},"retry":false},"entryPoint":"sendEmail"}},"specVersion":"v1alpha1","requiredAPIs":[],"extensions":{}}
[debug] [2025-03-01T14:23:50.155Z] defaultcredentials: writing to file C:\Users\night\AppData\Roaming\firebase\sharjananstaniculas_gmail_com_application_default_credentials.json
[debug] [2025-03-01T14:23:50.156Z] Setting GAC to C:\Users\night\AppData\Roaming\firebase\sharjananstaniculas_gmail_com_application_default_credentials.json {"metadata":{"emulator":{"name":"functions"},"message":"Setting GAC to C:\\Users\\night\\AppData\\Roaming\\firebase\\sharjananstaniculas_gmail_com_application_default_credentials.json"}}
[info] +  functions: Loaded functions definitions from source: submit, sendEmail. {"metadata":{"emulator":{"name":"functions"},"message":"Loaded functions definitions from source: submit, sendEmail."}}
[debug] [2025-03-01T14:23:55.006Z] File C:\Users\night\Documents\GitHub\speedy\my-app\functions\YelpRecentLoginEmail.ts changed, reloading triggers {"metadata":{"emulator":{"name":"functions"},"message":"File C:\\Users\\night\\Documents\\GitHub\\speedy\\my-app\\functions\\YelpRecentLoginEmail.ts changed, reloading triggers"}}
[debug] [2025-03-01T14:23:56.012Z] Validating nodejs source
[debug] [2025-03-01T14:23:56.948Z] > [functions] package.json contents: {
  "name": "functions",
  "description": "Cloud Functions for Firebase",
  "scripts": {
    "serve": "firebase emulators:start --only functions",
    "shell": "firebase functions:shell",
    "start": "npm run shell",
    "deploy": "firebase deploy --only functions",
    "logs": "firebase functions:log"
  },
  "engines": {
    "node": "22"
  },
  "main": "index.js",
  "dependencies": {
    "firebase-admin": "^12.6.0",
    "firebase-functions": "^6.0.1"
  },
  "devDependencies": {
    "firebase-functions-test": "^3.1.0"
  },
  "private": true
}
[debug] [2025-03-01T14:23:56.948Z] Building nodejs source
[debug] [2025-03-01T14:23:56.948Z] Failed to find version of module node: reached end of search path C:\Users\night\Documents\GitHub\speedy\my-app\functions\node_modules
[warn] !  functions: Your requested "node" version "22" doesn't match your global version "20". Using node@20 from host. 
[info] i  functions: Loaded environment variables from .env. 
[debug] [2025-03-01T14:23:56.950Z] Could not find functions.yaml. Must use http discovery
[debug] [2025-03-01T14:23:56.953Z] Found firebase-functions binary at 'C:\Users\night\Documents\GitHub\speedy\my-app\functions\node_modules\.bin\firebase-functions'
[info] Serving at port 8230

[debug] [2025-03-01T14:23:57.388Z] Got response from /__/functions.yaml {"endpoints":{"submit":{"availableMemoryMb":null,"timeoutSeconds":null,"minInstances":null,"maxInstances":null,"ingressSettings":null,"concurrency":null,"serviceAccountEmail":null,"vpc":null,"platform":"gcfv2","labels":{},"httpsTrigger":{},"entryPoint":"submit"},"sendEmail":{"availableMemoryMb":null,"timeoutSeconds":null,"minInstances":null,"maxInstances":null,"ingressSettings":null,"concurrency":null,"serviceAccountEmail":null,"vpc":null,"platform":"gcfv2","labels":{},"eventTrigger":{"eventType":"google.cloud.firestore.document.v1.created","eventFilters":{"database":"(default)","namespace":"(default)"},"eventFilterPathPatterns":{"document":"Appointments/{documentId}"},"retry":false},"entryPoint":"sendEmail"}},"specVersion":"v1alpha1","requiredAPIs":[],"extensions":{}}
[debug] [2025-03-01T14:24:02.416Z] defaultcredentials: writing to file C:\Users\night\AppData\Roaming\firebase\sharjananstaniculas_gmail_com_application_default_credentials.json
[debug] [2025-03-01T14:24:02.416Z] Setting GAC to C:\Users\night\AppData\Roaming\firebase\sharjananstaniculas_gmail_com_application_default_credentials.json {"metadata":{"emulator":{"name":"functions"},"message":"Setting GAC to C:\\Users\\night\\AppData\\Roaming\\firebase\\sharjananstaniculas_gmail_com_application_default_credentials.json"}}
[info] +  functions: Loaded functions definitions from source: submit, sendEmail. {"metadata":{"emulator":{"name":"functions"},"message":"Loaded functions definitions from source: submit, sendEmail."}}
[debug] [2025-03-01T15:08:04.987Z] Mar. 01, 2025 10:08:04 A.M. com.google.cloud.datastore.emulator.firestore.websocket.WebSocketChannelHandler channelClosed
INFO: Websocket client disconnected
Mar. 01, 2025 10:08:04 A.M. com.google.cloud.datastore.emulator.firestore.websocket.WebSocketChannelHandler channelClosed
INFO: Websocket client disconnected
 {"metadata":{"emulator":{"name":"firestore"},"message":"Mar. 01, 2025 10:08:04 A.M. com.google.cloud.datastore.emulator.firestore.websocket.WebSocketChannelHandler channelClosed\r\nINFO: Websocket client disconnected\r\nMar. 01, 2025 10:08:04 A.M. com.google.cloud.datastore.emulator.firestore.websocket.WebSocketChannelHandler channelClosed\r\nINFO: Websocket client disconnected\r\n"}}
[debug] [2025-03-01T18:09:42.127Z] Mar. 01, 2025 1:09:42 P.M. com.google.cloud.datastore.emulator.firestore.websocket.WebSocketChannelHandler initChannel
INFO: Connected to new websocket client
 {"metadata":{"emulator":{"name":"firestore"},"message":"Mar. 01, 2025 1:09:42 P.M. com.google.cloud.datastore.emulator.firestore.websocket.WebSocketChannelHandler initChannel\r\nINFO: Connected to new websocket client\r\n"}}
[debug] [2025-03-01T18:09:42.185Z] Mar. 01, 2025 1:09:42 P.M. com.google.cloud.datastore.emulator.firestore.websocket.WebSocketChannelHandler initChannel
INFO: Connected to new websocket client
 {"metadata":{"emulator":{"name":"firestore"},"message":"Mar. 01, 2025 1:09:42 P.M. com.google.cloud.datastore.emulator.firestore.websocket.WebSocketChannelHandler initChannel\r\nINFO: Connected to new websocket client\r\n"}}
[debug] [2025-03-01T18:40:00.757Z] Mar. 01, 2025 1:40:00 P.M. com.google.cloud.datastore.emulator.firestore.websocket.WebSocketChannelHandler channelClosed
INFO: Websocket client disconnected
 {"metadata":{"emulator":{"name":"firestore"},"message":"Mar. 01, 2025 1:40:00 P.M. com.google.cloud.datastore.emulator.firestore.websocket.WebSocketChannelHandler channelClosed\r\nINFO: Websocket client disconnected\r\n"}}
[debug] [2025-03-01T18:40:00.757Z] Mar. 01, 2025 1:40:00 P.M. com.google.cloud.datastore.emulator.firestore.websocket.WebSocketChannelHandler channelClosed
INFO: Websocket client disconnected
 {"metadata":{"emulator":{"name":"firestore"},"message":"Mar. 01, 2025 1:40:00 P.M. com.google.cloud.datastore.emulator.firestore.websocket.WebSocketChannelHandler channelClosed\r\nINFO: Websocket client disconnected\r\n"}}
[debug] [2025-03-01T21:27:29.839Z] Mar. 01, 2025 4:27:29 P.M. com.google.cloud.datastore.emulator.firestore.websocket.WebSocketChannelHandler initChannel
INFO: Connected to new websocket client
 {"metadata":{"emulator":{"name":"firestore"},"message":"Mar. 01, 2025 4:27:29 P.M. com.google.cloud.datastore.emulator.firestore.websocket.WebSocketChannelHandler initChannel\r\nINFO: Connected to new websocket client\r\n"}}
[debug] [2025-03-01T21:27:29.953Z] Mar. 01, 2025 4:27:29 P.M. com.google.cloud.datastore.emulator.firestore.websocket.WebSocketChannelHandler initChannel
INFO: Connected to new websocket client
 {"metadata":{"emulator":{"name":"firestore"},"message":"Mar. 01, 2025 4:27:29 P.M. com.google.cloud.datastore.emulator.firestore.websocket.WebSocketChannelHandler initChannel\r\nINFO: Connected to new websocket client\r\n"}}
[debug] [2025-03-01T21:57:54.846Z] Mar. 01, 2025 4:57:54 P.M. com.google.cloud.datastore.emulator.firestore.websocket.WebSocketChannelHandler channelClosed
INFO: Websocket client disconnected
 {"metadata":{"emulator":{"name":"firestore"},"message":"Mar. 01, 2025 4:57:54 P.M. com.google.cloud.datastore.emulator.firestore.websocket.WebSocketChannelHandler channelClosed\r\nINFO: Websocket client disconnected\r\n"}}
[debug] [2025-03-01T21:57:54.847Z] Mar. 01, 2025 4:57:54 P.M. com.google.cloud.datastore.emulator.firestore.websocket.WebSocketChannelHandler channelClosed
INFO: Websocket client disconnected
 {"metadata":{"emulator":{"name":"firestore"},"message":"Mar. 01, 2025 4:57:54 P.M. com.google.cloud.datastore.emulator.firestore.websocket.WebSocketChannelHandler channelClosed\r\nINFO: Websocket client disconnected\r\n"}}
[debug] [2025-03-01T23:58:10.796Z] Mar. 01, 2025 6:58:10 P.M. com.google.cloud.datastore.emulator.firestore.websocket.WebSocketChannelHandler initChannel
INFO: Connected to new websocket client
 {"metadata":{"emulator":{"name":"firestore"},"message":"Mar. 01, 2025 6:58:10 P.M. com.google.cloud.datastore.emulator.firestore.websocket.WebSocketChannelHandler initChannel\r\nINFO: Connected to new websocket client\r\n"}}
[debug] [2025-03-01T23:58:10.829Z] Mar. 01, 2025 6:58:10 P.M. com.google.cloud.datastore.emulator.firestore.websocket.WebSocketChannelHandler initChannel
INFO: Connected to new websocket client
 {"metadata":{"emulator":{"name":"firestore"},"message":"Mar. 01, 2025 6:58:10 P.M. com.google.cloud.datastore.emulator.firestore.websocket.WebSocketChannelHandler initChannel\r\nINFO: Connected to new websocket client\r\n"}}
[debug] [2025-03-01T23:58:17.116Z] Mar. 01, 2025 6:58:17 P.M. io.gapi.emulators.netty.HttpVersionRoutingHandler channelRead
INFO: Detected non-HTTP/2 connection.
 {"metadata":{"emulator":{"name":"firestore"},"message":"Mar. 01, 2025 6:58:17 P.M. io.gapi.emulators.netty.HttpVersionRoutingHandler channelRead\r\nINFO: Detected non-HTTP/2 connection.\r\n"}}
[debug] [2025-03-01T23:58:17.117Z] Mar. 01, 2025 6:58:17 P.M. io.gapi.emulators.netty.HttpVersionRoutingHandler channelRead
INFO: Detected non-HTTP/2 connection.
 {"metadata":{"emulator":{"name":"firestore"},"message":"Mar. 01, 2025 6:58:17 P.M. io.gapi.emulators.netty.HttpVersionRoutingHandler channelRead\r\nINFO: Detected non-HTTP/2 connection.\r\n"}}
[debug] [2025-03-01T23:58:17.118Z] Mar. 01, 2025 6:58:17 P.M. io.gapi.emulators.netty.HttpVersionRoutingHandler channelRead
INFO: Detected non-HTTP/2 connection.
 {"metadata":{"emulator":{"name":"firestore"},"message":"Mar. 01, 2025 6:58:17 P.M. io.gapi.emulators.netty.HttpVersionRoutingHandler channelRead\r\nINFO: Detected non-HTTP/2 connection.\r\n"}}
[debug] [2025-03-01T23:58:17.228Z] Mar. 01, 2025 6:58:17 P.M. com.google.cloud.datastore.emulator.firestore.webchannel.FirestoreV1WebChannelAdapter$FirestoreListenHandler onClose
INFO: channel closed
 {"metadata":{"emulator":{"name":"firestore"},"message":"Mar. 01, 2025 6:58:17 P.M. com.google.cloud.datastore.emulator.firestore.webchannel.FirestoreV1WebChannelAdapter$FirestoreListenHandler onClose\r\nINFO: channel closed\r\n"}}
[debug] [2025-03-01T23:58:17.467Z] Mar. 01, 2025 6:58:17 P.M. io.gapi.emulators.netty.HttpVersionRoutingHandler channelRead
INFO: Detected non-HTTP/2 connection.
 {"metadata":{"emulator":{"name":"firestore"},"message":"Mar. 01, 2025 6:58:17 P.M. io.gapi.emulators.netty.HttpVersionRoutingHandler channelRead\r\nINFO: Detected non-HTTP/2 connection.\r\n"}}
[debug] [2025-03-01T23:59:33.048Z] Mar. 01, 2025 6:59:33 P.M. io.gapi.emulators.netty.HttpVersionRoutingHandler channelRead
INFO: Detected non-HTTP/2 connection.
 {"metadata":{"emulator":{"name":"firestore"},"message":"Mar. 01, 2025 6:59:33 P.M. io.gapi.emulators.netty.HttpVersionRoutingHandler channelRead\r\nINFO: Detected non-HTTP/2 connection.\r\n"}}
[debug] [2025-03-02T00:00:33.103Z] Mar. 01, 2025 7:00:33 P.M. io.gapi.emulators.netty.HttpVersionRoutingHandler channelRead
INFO: Detected non-HTTP/2 connection.
 {"metadata":{"emulator":{"name":"firestore"},"message":"Mar. 01, 2025 7:00:33 P.M. io.gapi.emulators.netty.HttpVersionRoutingHandler channelRead\r\nINFO: Detected non-HTTP/2 connection.\r\n"}}
[debug] [2025-03-02T00:01:33.158Z] Mar. 01, 2025 7:01:33 P.M. io.gapi.emulators.netty.HttpVersionRoutingHandler channelRead
INFO: Detected non-HTTP/2 connection.
 {"metadata":{"emulator":{"name":"firestore"},"message":"Mar. 01, 2025 7:01:33 P.M. io.gapi.emulators.netty.HttpVersionRoutingHandler channelRead\r\nINFO: Detected non-HTTP/2 connection.\r\n"}}
[debug] [2025-03-02T00:02:33.184Z] Mar. 01, 2025 7:02:33 P.M. io.gapi.emulators.netty.HttpVersionRoutingHandler channelRead
INFO: Detected non-HTTP/2 connection.
 {"metadata":{"emulator":{"name":"firestore"},"message":"Mar. 01, 2025 7:02:33 P.M. io.gapi.emulators.netty.HttpVersionRoutingHandler channelRead\r\nINFO: Detected non-HTTP/2 connection.\r\n"}}
[debug] [2025-03-02T00:03:19.049Z] Mar. 01, 2025 7:03:19 P.M. io.gapi.emulators.netty.HttpVersionRoutingHandler channelRead
INFO: Detected non-HTTP/2 connection.
 {"metadata":{"emulator":{"name":"firestore"},"message":"Mar. 01, 2025 7:03:19 P.M. io.gapi.emulators.netty.HttpVersionRoutingHandler channelRead\r\nINFO: Detected non-HTTP/2 connection.\r\n"}}
[debug] [2025-03-02T00:04:19.103Z] Mar. 01, 2025 7:04:19 P.M. io.gapi.emulators.netty.HttpVersionRoutingHandler channelRead
INFO: Detected non-HTTP/2 connection.
 {"metadata":{"emulator":{"name":"firestore"},"message":"Mar. 01, 2025 7:04:19 P.M. io.gapi.emulators.netty.HttpVersionRoutingHandler channelRead\r\nINFO: Detected non-HTTP/2 connection.\r\n"}}
[debug] [2025-03-02T00:05:19.162Z] Mar. 01, 2025 7:05:19 P.M. io.gapi.emulators.netty.HttpVersionRoutingHandler channelRead
INFO: Detected non-HTTP/2 connection.
 {"metadata":{"emulator":{"name":"firestore"},"message":"Mar. 01, 2025 7:05:19 P.M. io.gapi.emulators.netty.HttpVersionRoutingHandler channelRead\r\nINFO: Detected non-HTTP/2 connection.\r\n"}}
[debug] [2025-03-02T00:06:19.190Z] Mar. 01, 2025 7:06:19 P.M. io.gapi.emulators.netty.HttpVersionRoutingHandler channelRead
INFO: Detected non-HTTP/2 connection.
 {"metadata":{"emulator":{"name":"firestore"},"message":"Mar. 01, 2025 7:06:19 P.M. io.gapi.emulators.netty.HttpVersionRoutingHandler channelRead\r\nINFO: Detected non-HTTP/2 connection.\r\n"}}
[debug] [2025-03-02T00:07:19.243Z] Mar. 01, 2025 7:07:19 P.M. io.gapi.emulators.netty.HttpVersionRoutingHandler channelRead
INFO: Detected non-HTTP/2 connection.
 {"metadata":{"emulator":{"name":"firestore"},"message":"Mar. 01, 2025 7:07:19 P.M. io.gapi.emulators.netty.HttpVersionRoutingHandler channelRead\r\nINFO: Detected non-HTTP/2 connection.\r\n"}}
[debug] [2025-03-02T00:08:19.245Z] Mar. 01, 2025 7:08:19 P.M. io.gapi.emulators.netty.HttpVersionRoutingHandler channelRead
INFO: Detected non-HTTP/2 connection.
 {"metadata":{"emulator":{"name":"firestore"},"message":"Mar. 01, 2025 7:08:19 P.M. io.gapi.emulators.netty.HttpVersionRoutingHandler channelRead\r\nINFO: Detected non-HTTP/2 connection.\r\n"}}
[debug] [2025-03-02T00:09:19.264Z] Mar. 01, 2025 7:09:19 P.M. io.gapi.emulators.netty.HttpVersionRoutingHandler channelRead
INFO: Detected non-HTTP/2 connection.
 {"metadata":{"emulator":{"name":"firestore"},"message":"Mar. 01, 2025 7:09:19 P.M. io.gapi.emulators.netty.HttpVersionRoutingHandler channelRead\r\nINFO: Detected non-HTTP/2 connection.\r\n"}}
[debug] [2025-03-02T00:10:19.286Z] Mar. 01, 2025 7:10:19 P.M. io.gapi.emulators.netty.HttpVersionRoutingHandler channelRead
INFO: Detected non-HTTP/2 connection.
 {"metadata":{"emulator":{"name":"firestore"},"message":"Mar. 01, 2025 7:10:19 P.M. io.gapi.emulators.netty.HttpVersionRoutingHandler channelRead\r\nINFO: Detected non-HTTP/2 connection.\r\n"}}
[debug] [2025-03-02T00:11:19.341Z] Mar. 01, 2025 7:11:19 P.M. io.gapi.emulators.netty.HttpVersionRoutingHandler channelRead
INFO: Detected non-HTTP/2 connection.
 {"metadata":{"emulator":{"name":"firestore"},"message":"Mar. 01, 2025 7:11:19 P.M. io.gapi.emulators.netty.HttpVersionRoutingHandler channelRead\r\nINFO: Detected non-HTTP/2 connection.\r\n"}}
[debug] [2025-03-02T00:12:19.379Z] Mar. 01, 2025 7:12:19 P.M. io.gapi.emulators.netty.HttpVersionRoutingHandler channelRead
INFO: Detected non-HTTP/2 connection.
 {"metadata":{"emulator":{"name":"firestore"},"message":"Mar. 01, 2025 7:12:19 P.M. io.gapi.emulators.netty.HttpVersionRoutingHandler channelRead\r\nINFO: Detected non-HTTP/2 connection.\r\n"}}
[debug] [2025-03-02T00:13:05.052Z] Mar. 01, 2025 7:13:05 P.M. io.gapi.emulators.netty.HttpVersionRoutingHandler channelRead
INFO: Detected non-HTTP/2 connection.
 {"metadata":{"emulator":{"name":"firestore"},"message":"Mar. 01, 2025 7:13:05 P.M. io.gapi.emulators.netty.HttpVersionRoutingHandler channelRead\r\nINFO: Detected non-HTTP/2 connection.\r\n"}}
[debug] [2025-03-02T00:14:05.072Z] Mar. 01, 2025 7:14:05 P.M. io.gapi.emulators.netty.HttpVersionRoutingHandler channelRead
INFO: Detected non-HTTP/2 connection.
 {"metadata":{"emulator":{"name":"firestore"},"message":"Mar. 01, 2025 7:14:05 P.M. io.gapi.emulators.netty.HttpVersionRoutingHandler channelRead\r\nINFO: Detected non-HTTP/2 connection.\r\n"}}
[debug] [2025-03-02T00:15:05.082Z] Mar. 01, 2025 7:15:05 P.M. io.gapi.emulators.netty.HttpVersionRoutingHandler channelRead
INFO: Detected non-HTTP/2 connection.
 {"metadata":{"emulator":{"name":"firestore"},"message":"Mar. 01, 2025 7:15:05 P.M. io.gapi.emulators.netty.HttpVersionRoutingHandler channelRead\r\nINFO: Detected non-HTTP/2 connection.\r\n"}}
[debug] [2025-03-02T00:16:05.095Z] Mar. 01, 2025 7:16:05 P.M. io.gapi.emulators.netty.HttpVersionRoutingHandler channelRead
INFO: Detected non-HTTP/2 connection.
 {"metadata":{"emulator":{"name":"firestore"},"message":"Mar. 01, 2025 7:16:05 P.M. io.gapi.emulators.netty.HttpVersionRoutingHandler channelRead\r\nINFO: Detected non-HTTP/2 connection.\r\n"}}
[debug] [2025-03-02T00:17:05.103Z] Mar. 01, 2025 7:17:05 P.M. io.gapi.emulators.netty.HttpVersionRoutingHandler channelRead
INFO: Detected non-HTTP/2 connection.
 {"metadata":{"emulator":{"name":"firestore"},"message":"Mar. 01, 2025 7:17:05 P.M. io.gapi.emulators.netty.HttpVersionRoutingHandler channelRead\r\nINFO: Detected non-HTTP/2 connection.\r\n"}}
[debug] [2025-03-02T00:18:05.119Z] Mar. 01, 2025 7:18:05 P.M. io.gapi.emulators.netty.HttpVersionRoutingHandler channelRead
INFO: Detected non-HTTP/2 connection.
 {"metadata":{"emulator":{"name":"firestore"},"message":"Mar. 01, 2025 7:18:05 P.M. io.gapi.emulators.netty.HttpVersionRoutingHandler channelRead\r\nINFO: Detected non-HTTP/2 connection.\r\n"}}
[debug] [2025-03-02T00:19:05.126Z] Mar. 01, 2025 7:19:05 P.M. io.gapi.emulators.netty.HttpVersionRoutingHandler channelRead
INFO: Detected non-HTTP/2 connection.
 {"metadata":{"emulator":{"name":"firestore"},"message":"Mar. 01, 2025 7:19:05 P.M. io.gapi.emulators.netty.HttpVersionRoutingHandler channelRead\r\nINFO: Detected non-HTTP/2 connection.\r\n"}}
[debug] [2025-03-02T00:20:05.138Z] Mar. 01, 2025 7:20:05 P.M. io.gapi.emulators.netty.HttpVersionRoutingHandler channelRead
INFO: Detected non-HTTP/2 connection.
 {"metadata":{"emulator":{"name":"firestore"},"message":"Mar. 01, 2025 7:20:05 P.M. io.gapi.emulators.netty.HttpVersionRoutingHandler channelRead\r\nINFO: Detected non-HTTP/2 connection.\r\n"}}
[debug] [2025-03-02T00:21:05.152Z] Mar. 01, 2025 7:21:05 P.M. io.gapi.emulators.netty.HttpVersionRoutingHandler channelRead
INFO: Detected non-HTTP/2 connection.
 {"metadata":{"emulator":{"name":"firestore"},"message":"Mar. 01, 2025 7:21:05 P.M. io.gapi.emulators.netty.HttpVersionRoutingHandler channelRead\r\nINFO: Detected non-HTTP/2 connection.\r\n"}}
[debug] [2025-03-02T00:22:05.184Z] Mar. 01, 2025 7:22:05 P.M. io.gapi.emulators.netty.HttpVersionRoutingHandler channelRead
INFO: Detected non-HTTP/2 connection.
 {"metadata":{"emulator":{"name":"firestore"},"message":"Mar. 01, 2025 7:22:05 P.M. io.gapi.emulators.netty.HttpVersionRoutingHandler channelRead\r\nINFO: Detected non-HTTP/2 connection.\r\n"}}
[debug] [2025-03-02T00:23:05.191Z] Mar. 01, 2025 7:23:05 P.M. io.gapi.emulators.netty.HttpVersionRoutingHandler channelRead
INFO: Detected non-HTTP/2 connection.
 {"metadata":{"emulator":{"name":"firestore"},"message":"Mar. 01, 2025 7:23:05 P.M. io.gapi.emulators.netty.HttpVersionRoutingHandler channelRead\r\nINFO: Detected non-HTTP/2 connection.\r\n"}}
[debug] [2025-03-02T00:24:05.208Z] Mar. 01, 2025 7:24:05 P.M. io.gapi.emulators.netty.HttpVersionRoutingHandler channelRead
INFO: Detected non-HTTP/2 connection.
 {"metadata":{"emulator":{"name":"firestore"},"message":"Mar. 01, 2025 7:24:05 P.M. io.gapi.emulators.netty.HttpVersionRoutingHandler channelRead\r\nINFO: Detected non-HTTP/2 connection.\r\n"}}
[debug] [2025-03-02T00:25:05.219Z] Mar. 01, 2025 7:25:05 P.M. io.gapi.emulators.netty.HttpVersionRoutingHandler channelRead
INFO: Detected non-HTTP/2 connection.
 {"metadata":{"emulator":{"name":"firestore"},"message":"Mar. 01, 2025 7:25:05 P.M. io.gapi.emulators.netty.HttpVersionRoutingHandler channelRead\r\nINFO: Detected non-HTTP/2 connection.\r\n"}}
[debug] [2025-03-02T00:26:05.232Z] Mar. 01, 2025 7:26:05 P.M. io.gapi.emulators.netty.HttpVersionRoutingHandler channelRead
INFO: Detected non-HTTP/2 connection.
 {"metadata":{"emulator":{"name":"firestore"},"message":"Mar. 01, 2025 7:26:05 P.M. io.gapi.emulators.netty.HttpVersionRoutingHandler channelRead\r\nINFO: Detected non-HTTP/2 connection.\r\n"}}
[debug] [2025-03-02T00:27:05.236Z] Mar. 01, 2025 7:27:05 P.M. io.gapi.emulators.netty.HttpVersionRoutingHandler channelRead
INFO: Detected non-HTTP/2 connection.
 {"metadata":{"emulator":{"name":"firestore"},"message":"Mar. 01, 2025 7:27:05 P.M. io.gapi.emulators.netty.HttpVersionRoutingHandler channelRead\r\nINFO: Detected non-HTTP/2 connection.\r\n"}}
[debug] [2025-03-02T00:28:05.245Z] Mar. 01, 2025 7:28:05 P.M. io.gapi.emulators.netty.HttpVersionRoutingHandler channelRead
INFO: Detected non-HTTP/2 connection.
 {"metadata":{"emulator":{"name":"firestore"},"message":"Mar. 01, 2025 7:28:05 P.M. io.gapi.emulators.netty.HttpVersionRoutingHandler channelRead\r\nINFO: Detected non-HTTP/2 connection.\r\n"}}
[debug] [2025-03-02T00:28:35.860Z] Mar. 01, 2025 7:28:35 P.M. com.google.cloud.datastore.emulator.firestore.websocket.WebSocketChannelHandler channelClosed
INFO: Websocket client disconnected
 {"metadata":{"emulator":{"name":"firestore"},"message":"Mar. 01, 2025 7:28:35 P.M. com.google.cloud.datastore.emulator.firestore.websocket.WebSocketChannelHandler channelClosed\r\nINFO: Websocket client disconnected\r\n"}}
[debug] [2025-03-02T00:28:35.861Z] Mar. 01, 2025 7:28:35 P.M. com.google.cloud.datastore.emulator.firestore.websocket.WebSocketChannelHandler channelClosed
INFO: Websocket client disconnected
 {"metadata":{"emulator":{"name":"firestore"},"message":"Mar. 01, 2025 7:28:35 P.M. com.google.cloud.datastore.emulator.firestore.websocket.WebSocketChannelHandler channelClosed\r\nINFO: Websocket client disconnected\r\n"}}
[debug] [2025-03-02T03:30:10.579Z] Mar. 01, 2025 10:30:10 P.M. com.google.cloud.datastore.emulator.firestore.websocket.WebSocketChannelHandler initChannel
INFO: Connected to new websocket client
 {"metadata":{"emulator":{"name":"firestore"},"message":"Mar. 01, 2025 10:30:10 P.M. com.google.cloud.datastore.emulator.firestore.websocket.WebSocketChannelHandler initChannel\r\nINFO: Connected to new websocket client\r\n"}}
[debug] [2025-03-02T03:30:10.606Z] Mar. 01, 2025 10:30:10 P.M. com.google.cloud.datastore.emulator.firestore.websocket.WebSocketChannelHandler initChannel
INFO: Connected to new websocket client
 {"metadata":{"emulator":{"name":"firestore"},"message":"Mar. 01, 2025 10:30:10 P.M. com.google.cloud.datastore.emulator.firestore.websocket.WebSocketChannelHandler initChannel\r\nINFO: Connected to new websocket client\r\n"}}
[debug] [2025-03-02T04:00:31.780Z] Mar. 01, 2025 11:00:31 P.M. com.google.cloud.datastore.emulator.firestore.websocket.WebSocketChannelHandler channelClosed
INFO: Websocket client disconnected
 {"metadata":{"emulator":{"name":"firestore"},"message":"Mar. 01, 2025 11:00:31 P.M. com.google.cloud.datastore.emulator.firestore.websocket.WebSocketChannelHandler channelClosed\r\nINFO: Websocket client disconnected\r\n"}}
[debug] [2025-03-02T04:00:31.781Z] Mar. 01, 2025 11:00:31 P.M. com.google.cloud.datastore.emulator.firestore.websocket.WebSocketChannelHandler channelClosed
INFO: Websocket client disconnected
 {"metadata":{"emulator":{"name":"firestore"},"message":"Mar. 01, 2025 11:00:31 P.M. com.google.cloud.datastore.emulator.firestore.websocket.WebSocketChannelHandler channelClosed\r\nINFO: Websocket client disconnected\r\n"}}
[debug] [2025-03-02T06:10:57.128Z] Mar. 02, 2025 1:10:57 A.M. com.google.cloud.datastore.emulator.firestore.websocket.WebSocketChannelHandler initChannel
INFO: Connected to new websocket client
 {"metadata":{"emulator":{"name":"firestore"},"message":"Mar. 02, 2025 1:10:57 A.M. com.google.cloud.datastore.emulator.firestore.websocket.WebSocketChannelHandler initChannel\r\nINFO: Connected to new websocket client\r\n"}}
[debug] [2025-03-02T06:10:57.170Z] Mar. 02, 2025 1:10:57 A.M. com.google.cloud.datastore.emulator.firestore.websocket.WebSocketChannelHandler initChannel
INFO: Connected to new websocket client
 {"metadata":{"emulator":{"name":"firestore"},"message":"Mar. 02, 2025 1:10:57 A.M. com.google.cloud.datastore.emulator.firestore.websocket.WebSocketChannelHandler initChannel\r\nINFO: Connected to new websocket client\r\n"}}
[debug] [2025-03-02T06:41:20.856Z] Mar. 02, 2025 1:41:20 A.M. com.google.cloud.datastore.emulator.firestore.websocket.WebSocketChannelHandler channelClosed
INFO: Websocket client disconnected
 {"metadata":{"emulator":{"name":"firestore"},"message":"Mar. 02, 2025 1:41:20 A.M. com.google.cloud.datastore.emulator.firestore.websocket.WebSocketChannelHandler channelClosed\r\nINFO: Websocket client disconnected\r\n"}}
[debug] [2025-03-02T06:41:20.858Z] Mar. 02, 2025 1:41:20 A.M. com.google.cloud.datastore.emulator.firestore.websocket.WebSocketChannelHandler channelClosed
INFO: Websocket client disconnected
 {"metadata":{"emulator":{"name":"firestore"},"message":"Mar. 02, 2025 1:41:20 A.M. com.google.cloud.datastore.emulator.firestore.websocket.WebSocketChannelHandler channelClosed\r\nINFO: Websocket client disconnected\r\n"}}
[debug] [2025-03-02T08:07:08.121Z] Mar. 02, 2025 3:07:08 A.M. com.google.cloud.datastore.emulator.firestore.websocket.WebSocketChannelHandler initChannel
INFO: Connected to new websocket client
 {"metadata":{"emulator":{"name":"firestore"},"message":"Mar. 02, 2025 3:07:08 A.M. com.google.cloud.datastore.emulator.firestore.websocket.WebSocketChannelHandler initChannel\r\nINFO: Connected to new websocket client\r\n"}}
[debug] [2025-03-02T08:07:08.157Z] Mar. 02, 2025 3:07:08 A.M. com.google.cloud.datastore.emulator.firestore.websocket.WebSocketChannelHandler initChannel
INFO: Connected to new websocket client
 {"metadata":{"emulator":{"name":"firestore"},"message":"Mar. 02, 2025 3:07:08 A.M. com.google.cloud.datastore.emulator.firestore.websocket.WebSocketChannelHandler initChannel\r\nINFO: Connected to new websocket client\r\n"}}
[debug] [2025-03-02T08:45:56.890Z] Mar. 02, 2025 3:45:56 A.M. com.google.cloud.datastore.emulator.firestore.websocket.WebSocketChannelHandler channelClosed
INFO: Websocket client disconnected
 {"metadata":{"emulator":{"name":"firestore"},"message":"Mar. 02, 2025 3:45:56 A.M. com.google.cloud.datastore.emulator.firestore.websocket.WebSocketChannelHandler channelClosed\r\nINFO: Websocket client disconnected\r\n"}}
[debug] [2025-03-02T08:45:56.891Z] Mar. 02, 2025 3:45:56 A.M. com.google.cloud.datastore.emulator.firestore.websocket.WebSocketChannelHandler channelClosed
INFO: Websocket client disconnected
 {"metadata":{"emulator":{"name":"firestore"},"message":"Mar. 02, 2025 3:45:56 A.M. com.google.cloud.datastore.emulator.firestore.websocket.WebSocketChannelHandler channelClosed\r\nINFO: Websocket client disconnected\r\n"}}
[debug] [2025-03-02T11:47:28.075Z] Mar. 02, 2025 6:47:28 A.M. io.gapi.emulators.netty.HttpVersionRoutingHandler channelRead
INFO: Detected non-HTTP/2 connection.
 {"metadata":{"emulator":{"name":"firestore"},"message":"Mar. 02, 2025 6:47:28 A.M. io.gapi.emulators.netty.HttpVersionRoutingHandler channelRead\r\nINFO: Detected non-HTTP/2 connection.\r\n"}}
[debug] [2025-03-02T11:47:28.131Z] Mar. 02, 2025 6:47:28 A.M. com.google.cloud.datastore.emulator.firestore.websocket.WebSocketChannelHandler initChannel
INFO: Connected to new websocket client
Mar. 02, 2025 6:47:28 A.M. io.gapi.emulators.netty.HttpVersionRoutingHandler channelRead
INFO: Detected non-HTTP/2 connection.
 {"metadata":{"emulator":{"name":"firestore"},"message":"Mar. 02, 2025 6:47:28 A.M. com.google.cloud.datastore.emulator.firestore.websocket.WebSocketChannelHandler initChannel\r\nINFO: Connected to new websocket client\r\nMar. 02, 2025 6:47:28 A.M. io.gapi.emulators.netty.HttpVersionRoutingHandler channelRead\r\nINFO: Detected non-HTTP/2 connection.\r\n"}}
[debug] [2025-03-02T11:47:28.131Z] Mar. 02, 2025 6:47:28 A.M. com.google.cloud.datastore.emulator.firestore.webchannel.FirestoreV1WebChannelAdapter$FirestoreListenHandler onClose
INFO: channel closed
 {"metadata":{"emulator":{"name":"firestore"},"message":"Mar. 02, 2025 6:47:28 A.M. com.google.cloud.datastore.emulator.firestore.webchannel.FirestoreV1WebChannelAdapter$FirestoreListenHandler onClose\r\nINFO: channel closed\r\n"}}
[debug] [2025-03-02T11:47:28.150Z] Mar. 02, 2025 6:47:28 A.M. com.google.cloud.datastore.emulator.firestore.websocket.WebSocketChannelHandler initChannel
INFO: Connected to new websocket client
 {"metadata":{"emulator":{"name":"firestore"},"message":"Mar. 02, 2025 6:47:28 A.M. com.google.cloud.datastore.emulator.firestore.websocket.WebSocketChannelHandler initChannel\r\nINFO: Connected to new websocket client\r\n"}}
[debug] [2025-03-02T11:47:28.171Z] Mar. 02, 2025 6:47:28 A.M. io.gapi.emulators.netty.HttpVersionRoutingHandler channelRead
INFO: Detected non-HTTP/2 connection.
 {"metadata":{"emulator":{"name":"firestore"},"message":"Mar. 02, 2025 6:47:28 A.M. io.gapi.emulators.netty.HttpVersionRoutingHandler channelRead\r\nINFO: Detected non-HTTP/2 connection.\r\n"}}
[debug] [2025-03-02T11:47:32.486Z] Mar. 02, 2025 6:47:32 A.M. io.gapi.emulators.netty.HttpVersionRoutingHandler channelRead
INFO: Detected non-HTTP/2 connection.
 {"metadata":{"emulator":{"name":"firestore"},"message":"Mar. 02, 2025 6:47:32 A.M. io.gapi.emulators.netty.HttpVersionRoutingHandler channelRead\r\nINFO: Detected non-HTTP/2 connection.\r\n"}}
[debug] [2025-03-02T11:47:32.486Z] Mar. 02, 2025 6:47:32 A.M. io.gapi.emulators.netty.HttpVersionRoutingHandler channelRead
INFO: Detected non-HTTP/2 connection.
 {"metadata":{"emulator":{"name":"firestore"},"message":"Mar. 02, 2025 6:47:32 A.M. io.gapi.emulators.netty.HttpVersionRoutingHandler channelRead\r\nINFO: Detected non-HTTP/2 connection.\r\n"}}
[debug] [2025-03-02T11:47:32.489Z] Mar. 02, 2025 6:47:32 A.M. com.google.cloud.datastore.emulator.firestore.webchannel.FirestoreV1WebChannelAdapter$FirestoreListenHandler onClose
INFO: channel closed
 {"metadata":{"emulator":{"name":"firestore"},"message":"Mar. 02, 2025 6:47:32 A.M. com.google.cloud.datastore.emulator.firestore.webchannel.FirestoreV1WebChannelAdapter$FirestoreListenHandler onClose\r\nINFO: channel closed\r\n"}}
[debug] [2025-03-02T11:47:32.505Z] Mar. 02, 2025 6:47:32 A.M. io.gapi.emulators.netty.HttpVersionRoutingHandler channelRead
INFO: Detected non-HTTP/2 connection.
 {"metadata":{"emulator":{"name":"firestore"},"message":"Mar. 02, 2025 6:47:32 A.M. io.gapi.emulators.netty.HttpVersionRoutingHandler channelRead\r\nINFO: Detected non-HTTP/2 connection.\r\n"}}
[debug] [2025-03-02T11:48:32.540Z] Mar. 02, 2025 6:48:32 A.M. io.gapi.emulators.netty.HttpVersionRoutingHandler channelRead
INFO: Detected non-HTTP/2 connection.
 {"metadata":{"emulator":{"name":"firestore"},"message":"Mar. 02, 2025 6:48:32 A.M. io.gapi.emulators.netty.HttpVersionRoutingHandler channelRead\r\nINFO: Detected non-HTTP/2 connection.\r\n"}}
[debug] [2025-03-02T11:49:32.559Z] Mar. 02, 2025 6:49:32 A.M. io.gapi.emulators.netty.HttpVersionRoutingHandler channelRead
INFO: Detected non-HTTP/2 connection.
 {"metadata":{"emulator":{"name":"firestore"},"message":"Mar. 02, 2025 6:49:32 A.M. io.gapi.emulators.netty.HttpVersionRoutingHandler channelRead\r\nINFO: Detected non-HTTP/2 connection.\r\n"}}
[debug] [2025-03-02T11:50:32.600Z] Mar. 02, 2025 6:50:32 A.M. io.gapi.emulators.netty.HttpVersionRoutingHandler channelRead
INFO: Detected non-HTTP/2 connection.
 {"metadata":{"emulator":{"name":"firestore"},"message":"Mar. 02, 2025 6:50:32 A.M. io.gapi.emulators.netty.HttpVersionRoutingHandler channelRead\r\nINFO: Detected non-HTTP/2 connection.\r\n"}}
[debug] [2025-03-02T11:51:32.654Z] Mar. 02, 2025 6:51:32 A.M. io.gapi.emulators.netty.HttpVersionRoutingHandler channelRead
INFO: Detected non-HTTP/2 connection.
 {"metadata":{"emulator":{"name":"firestore"},"message":"Mar. 02, 2025 6:51:32 A.M. io.gapi.emulators.netty.HttpVersionRoutingHandler channelRead\r\nINFO: Detected non-HTTP/2 connection.\r\n"}}
[debug] [2025-03-02T11:52:32.683Z] Mar. 02, 2025 6:52:32 A.M. io.gapi.emulators.netty.HttpVersionRoutingHandler channelRead
INFO: Detected non-HTTP/2 connection.
 {"metadata":{"emulator":{"name":"firestore"},"message":"Mar. 02, 2025 6:52:32 A.M. io.gapi.emulators.netty.HttpVersionRoutingHandler channelRead\r\nINFO: Detected non-HTTP/2 connection.\r\n"}}
[debug] [2025-03-02T11:53:32.735Z] Mar. 02, 2025 6:53:32 A.M. io.gapi.emulators.netty.HttpVersionRoutingHandler channelRead
INFO: Detected non-HTTP/2 connection.
 {"metadata":{"emulator":{"name":"firestore"},"message":"Mar. 02, 2025 6:53:32 A.M. io.gapi.emulators.netty.HttpVersionRoutingHandler channelRead\r\nINFO: Detected non-HTTP/2 connection.\r\n"}}
[debug] [2025-03-02T11:54:32.773Z] Mar. 02, 2025 6:54:32 A.M. io.gapi.emulators.netty.HttpVersionRoutingHandler channelRead
INFO: Detected non-HTTP/2 connection.
 {"metadata":{"emulator":{"name":"firestore"},"message":"Mar. 02, 2025 6:54:32 A.M. io.gapi.emulators.netty.HttpVersionRoutingHandler channelRead\r\nINFO: Detected non-HTTP/2 connection.\r\n"}}
[debug] [2025-03-02T11:55:32.789Z] Mar. 02, 2025 6:55:32 A.M. io.gapi.emulators.netty.HttpVersionRoutingHandler channelRead
INFO: Detected non-HTTP/2 connection.
 {"metadata":{"emulator":{"name":"firestore"},"message":"Mar. 02, 2025 6:55:32 A.M. io.gapi.emulators.netty.HttpVersionRoutingHandler channelRead\r\nINFO: Detected non-HTTP/2 connection.\r\n"}}
[debug] [2025-03-02T11:56:32.812Z] Mar. 02, 2025 6:56:32 A.M. io.gapi.emulators.netty.HttpVersionRoutingHandler channelRead
INFO: Detected non-HTTP/2 connection.
 {"metadata":{"emulator":{"name":"firestore"},"message":"Mar. 02, 2025 6:56:32 A.M. io.gapi.emulators.netty.HttpVersionRoutingHandler channelRead\r\nINFO: Detected non-HTTP/2 connection.\r\n"}}
[debug] [2025-03-02T11:57:32.825Z] Mar. 02, 2025 6:57:32 A.M. io.gapi.emulators.netty.HttpVersionRoutingHandler channelRead
INFO: Detected non-HTTP/2 connection.
 {"metadata":{"emulator":{"name":"firestore"},"message":"Mar. 02, 2025 6:57:32 A.M. io.gapi.emulators.netty.HttpVersionRoutingHandler channelRead\r\nINFO: Detected non-HTTP/2 connection.\r\n"}}
[debug] [2025-03-02T11:58:32.838Z] Mar. 02, 2025 6:58:32 A.M. io.gapi.emulators.netty.HttpVersionRoutingHandler channelRead
INFO: Detected non-HTTP/2 connection.
 {"metadata":{"emulator":{"name":"firestore"},"message":"Mar. 02, 2025 6:58:32 A.M. io.gapi.emulators.netty.HttpVersionRoutingHandler channelRead\r\nINFO: Detected non-HTTP/2 connection.\r\n"}}
[debug] [2025-03-02T11:59:32.894Z] Mar. 02, 2025 6:59:32 A.M. io.gapi.emulators.netty.HttpVersionRoutingHandler channelRead
INFO: Detected non-HTTP/2 connection.
 {"metadata":{"emulator":{"name":"firestore"},"message":"Mar. 02, 2025 6:59:32 A.M. io.gapi.emulators.netty.HttpVersionRoutingHandler channelRead\r\nINFO: Detected non-HTTP/2 connection.\r\n"}}
[debug] [2025-03-02T12:00:32.917Z] Mar. 02, 2025 7:00:32 A.M. io.gapi.emulators.netty.HttpVersionRoutingHandler channelRead
INFO: Detected non-HTTP/2 connection.
 {"metadata":{"emulator":{"name":"firestore"},"message":"Mar. 02, 2025 7:00:32 A.M. io.gapi.emulators.netty.HttpVersionRoutingHandler channelRead\r\nINFO: Detected non-HTTP/2 connection.\r\n"}}
[debug] [2025-03-02T12:01:32.968Z] Mar. 02, 2025 7:01:32 A.M. io.gapi.emulators.netty.HttpVersionRoutingHandler channelRead
INFO: Detected non-HTTP/2 connection.
 {"metadata":{"emulator":{"name":"firestore"},"message":"Mar. 02, 2025 7:01:32 A.M. io.gapi.emulators.netty.HttpVersionRoutingHandler channelRead\r\nINFO: Detected non-HTTP/2 connection.\r\n"}}
[debug] [2025-03-02T12:02:33.005Z] Mar. 02, 2025 7:02:33 A.M. io.gapi.emulators.netty.HttpVersionRoutingHandler channelRead
INFO: Detected non-HTTP/2 connection.
 {"metadata":{"emulator":{"name":"firestore"},"message":"Mar. 02, 2025 7:02:33 A.M. io.gapi.emulators.netty.HttpVersionRoutingHandler channelRead\r\nINFO: Detected non-HTTP/2 connection.\r\n"}}
[debug] [2025-03-02T12:03:33.020Z] Mar. 02, 2025 7:03:33 A.M. io.gapi.emulators.netty.HttpVersionRoutingHandler channelRead
INFO: Detected non-HTTP/2 connection.
 {"metadata":{"emulator":{"name":"firestore"},"message":"Mar. 02, 2025 7:03:33 A.M. io.gapi.emulators.netty.HttpVersionRoutingHandler channelRead\r\nINFO: Detected non-HTTP/2 connection.\r\n"}}
[debug] [2025-03-02T12:04:33.091Z] Mar. 02, 2025 7:04:33 A.M. io.gapi.emulators.netty.HttpVersionRoutingHandler channelRead
INFO: Detected non-HTTP/2 connection.
 {"metadata":{"emulator":{"name":"firestore"},"message":"Mar. 02, 2025 7:04:33 A.M. io.gapi.emulators.netty.HttpVersionRoutingHandler channelRead\r\nINFO: Detected non-HTTP/2 connection.\r\n"}}
[debug] [2025-03-02T12:05:33.102Z] Mar. 02, 2025 7:05:33 A.M. io.gapi.emulators.netty.HttpVersionRoutingHandler channelRead
INFO: Detected non-HTTP/2 connection.
 {"metadata":{"emulator":{"name":"firestore"},"message":"Mar. 02, 2025 7:05:33 A.M. io.gapi.emulators.netty.HttpVersionRoutingHandler channelRead\r\nINFO: Detected non-HTTP/2 connection.\r\n"}}
[debug] [2025-03-02T12:06:33.154Z] Mar. 02, 2025 7:06:33 A.M. io.gapi.emulators.netty.HttpVersionRoutingHandler channelRead
INFO: Detected non-HTTP/2 connection.
 {"metadata":{"emulator":{"name":"firestore"},"message":"Mar. 02, 2025 7:06:33 A.M. io.gapi.emulators.netty.HttpVersionRoutingHandler channelRead\r\nINFO: Detected non-HTTP/2 connection.\r\n"}}
[debug] [2025-03-02T12:07:33.161Z] Mar. 02, 2025 7:07:33 A.M. io.gapi.emulators.netty.HttpVersionRoutingHandler channelRead
INFO: Detected non-HTTP/2 connection.
 {"metadata":{"emulator":{"name":"firestore"},"message":"Mar. 02, 2025 7:07:33 A.M. io.gapi.emulators.netty.HttpVersionRoutingHandler channelRead\r\nINFO: Detected non-HTTP/2 connection.\r\n"}}
[debug] [2025-03-02T12:08:33.188Z] Mar. 02, 2025 7:08:33 A.M. io.gapi.emulators.netty.HttpVersionRoutingHandler channelRead
INFO: Detected non-HTTP/2 connection.
 {"metadata":{"emulator":{"name":"firestore"},"message":"Mar. 02, 2025 7:08:33 A.M. io.gapi.emulators.netty.HttpVersionRoutingHandler channelRead\r\nINFO: Detected non-HTTP/2 connection.\r\n"}}
[debug] [2025-03-02T12:09:33.233Z] Mar. 02, 2025 7:09:33 A.M. io.gapi.emulators.netty.HttpVersionRoutingHandler channelRead
INFO: Detected non-HTTP/2 connection.
 {"metadata":{"emulator":{"name":"firestore"},"message":"Mar. 02, 2025 7:09:33 A.M. io.gapi.emulators.netty.HttpVersionRoutingHandler channelRead\r\nINFO: Detected non-HTTP/2 connection.\r\n"}}
[debug] [2025-03-02T12:10:33.294Z] Mar. 02, 2025 7:10:33 A.M. io.gapi.emulators.netty.HttpVersionRoutingHandler channelRead
INFO: Detected non-HTTP/2 connection.
 {"metadata":{"emulator":{"name":"firestore"},"message":"Mar. 02, 2025 7:10:33 A.M. io.gapi.emulators.netty.HttpVersionRoutingHandler channelRead\r\nINFO: Detected non-HTTP/2 connection.\r\n"}}
[debug] [2025-03-02T12:11:33.369Z] Mar. 02, 2025 7:11:33 A.M. io.gapi.emulators.netty.HttpVersionRoutingHandler channelRead
INFO: Detected non-HTTP/2 connection.
 {"metadata":{"emulator":{"name":"firestore"},"message":"Mar. 02, 2025 7:11:33 A.M. io.gapi.emulators.netty.HttpVersionRoutingHandler channelRead\r\nINFO: Detected non-HTTP/2 connection.\r\n"}}
[debug] [2025-03-02T12:12:33.409Z] Mar. 02, 2025 7:12:33 A.M. io.gapi.emulators.netty.HttpVersionRoutingHandler channelRead
INFO: Detected non-HTTP/2 connection.
 {"metadata":{"emulator":{"name":"firestore"},"message":"Mar. 02, 2025 7:12:33 A.M. io.gapi.emulators.netty.HttpVersionRoutingHandler channelRead\r\nINFO: Detected non-HTTP/2 connection.\r\n"}}
[debug] [2025-03-02T12:13:33.414Z] Mar. 02, 2025 7:13:33 A.M. io.gapi.emulators.netty.HttpVersionRoutingHandler channelRead
INFO: Detected non-HTTP/2 connection.
 {"metadata":{"emulator":{"name":"firestore"},"message":"Mar. 02, 2025 7:13:33 A.M. io.gapi.emulators.netty.HttpVersionRoutingHandler channelRead\r\nINFO: Detected non-HTTP/2 connection.\r\n"}}
[debug] [2025-03-02T12:14:33.451Z] Mar. 02, 2025 7:14:33 A.M. io.gapi.emulators.netty.HttpVersionRoutingHandler channelRead
INFO: Detected non-HTTP/2 connection.
 {"metadata":{"emulator":{"name":"firestore"},"message":"Mar. 02, 2025 7:14:33 A.M. io.gapi.emulators.netty.HttpVersionRoutingHandler channelRead\r\nINFO: Detected non-HTTP/2 connection.\r\n"}}
[debug] [2025-03-02T12:15:33.520Z] Mar. 02, 2025 7:15:33 A.M. io.gapi.emulators.netty.HttpVersionRoutingHandler channelRead
INFO: Detected non-HTTP/2 connection.
 {"metadata":{"emulator":{"name":"firestore"},"message":"Mar. 02, 2025 7:15:33 A.M. io.gapi.emulators.netty.HttpVersionRoutingHandler channelRead\r\nINFO: Detected non-HTTP/2 connection.\r\n"}}
[debug] [2025-03-02T12:16:33.526Z] Mar. 02, 2025 7:16:33 A.M. io.gapi.emulators.netty.HttpVersionRoutingHandler channelRead
INFO: Detected non-HTTP/2 connection.
 {"metadata":{"emulator":{"name":"firestore"},"message":"Mar. 02, 2025 7:16:33 A.M. io.gapi.emulators.netty.HttpVersionRoutingHandler channelRead\r\nINFO: Detected non-HTTP/2 connection.\r\n"}}
[debug] [2025-03-02T12:17:33.535Z] Mar. 02, 2025 7:17:33 A.M. io.gapi.emulators.netty.HttpVersionRoutingHandler channelRead
INFO: Detected non-HTTP/2 connection.
 {"metadata":{"emulator":{"name":"firestore"},"message":"Mar. 02, 2025 7:17:33 A.M. io.gapi.emulators.netty.HttpVersionRoutingHandler channelRead\r\nINFO: Detected non-HTTP/2 connection.\r\n"}}
[debug] [2025-03-02T12:17:52.763Z] Mar. 02, 2025 7:17:52 A.M. com.google.cloud.datastore.emulator.firestore.websocket.WebSocketChannelHandler channelClosed
INFO: Websocket client disconnected
 {"metadata":{"emulator":{"name":"firestore"},"message":"Mar. 02, 2025 7:17:52 A.M. com.google.cloud.datastore.emulator.firestore.websocket.WebSocketChannelHandler channelClosed\r\nINFO: Websocket client disconnected\r\n"}}
[debug] [2025-03-02T12:17:52.764Z] Mar. 02, 2025 7:17:52 A.M. com.google.cloud.datastore.emulator.firestore.websocket.WebSocketChannelHandler channelClosed
INFO: Websocket client disconnected
 {"metadata":{"emulator":{"name":"firestore"},"message":"Mar. 02, 2025 7:17:52 A.M. com.google.cloud.datastore.emulator.firestore.websocket.WebSocketChannelHandler channelClosed\r\nINFO: Websocket client disconnected\r\n"}}
[debug] [2025-03-02T15:19:27.541Z] Mar. 02, 2025 10:19:27 A.M. com.google.cloud.datastore.emulator.firestore.websocket.WebSocketChannelHandler initChannel
INFO: Connected to new websocket client
 {"metadata":{"emulator":{"name":"firestore"},"message":"Mar. 02, 2025 10:19:27 A.M. com.google.cloud.datastore.emulator.firestore.websocket.WebSocketChannelHandler initChannel\r\nINFO: Connected to new websocket client\r\n"}}
[debug] [2025-03-02T15:19:27.602Z] Mar. 02, 2025 10:19:27 A.M. com.google.cloud.datastore.emulator.firestore.websocket.WebSocketChannelHandler initChannel
INFO: Connected to new websocket client
 {"metadata":{"emulator":{"name":"firestore"},"message":"Mar. 02, 2025 10:19:27 A.M. com.google.cloud.datastore.emulator.firestore.websocket.WebSocketChannelHandler initChannel\r\nINFO: Connected to new websocket client\r\n"}}
[debug] [2025-03-02T15:49:49.009Z] Mar. 02, 2025 10:49:49 A.M. com.google.cloud.datastore.emulator.firestore.websocket.WebSocketChannelHandler channelClosed
INFO: Websocket client disconnected
Mar. 02, 2025 10:49:49 A.M. com.google.cloud.datastore.emulator.firestore.websocket.WebSocketChannelHandler channelClosed
INFO: Websocket client disconnected
 {"metadata":{"emulator":{"name":"firestore"},"message":"Mar. 02, 2025 10:49:49 A.M. com.google.cloud.datastore.emulator.firestore.websocket.WebSocketChannelHandler channelClosed\r\nINFO: Websocket client disconnected\r\nMar. 02, 2025 10:49:49 A.M. com.google.cloud.datastore.emulator.firestore.websocket.WebSocketChannelHandler channelClosed\r\nINFO: Websocket client disconnected\r\n"}}
[debug] [2025-03-02T18:12:03.805Z] Mar. 02, 2025 1:12:03 P.M. com.google.cloud.datastore.emulator.firestore.websocket.WebSocketChannelHandler initChannel
INFO: Connected to new websocket client
 {"metadata":{"emulator":{"name":"firestore"},"message":"Mar. 02, 2025 1:12:03 P.M. com.google.cloud.datastore.emulator.firestore.websocket.WebSocketChannelHandler initChannel\r\nINFO: Connected to new websocket client\r\n"}}
[debug] [2025-03-02T18:12:03.833Z] Mar. 02, 2025 1:12:03 P.M. com.google.cloud.datastore.emulator.firestore.websocket.WebSocketChannelHandler initChannel
INFO: Connected to new websocket client
 {"metadata":{"emulator":{"name":"firestore"},"message":"Mar. 02, 2025 1:12:03 P.M. com.google.cloud.datastore.emulator.firestore.websocket.WebSocketChannelHandler initChannel\r\nINFO: Connected to new websocket client\r\n"}}
